name,category,category_id,venue_id,lat,long
A&W,American Restaurant,4bf58dd8d48988d14e941735,4bbe592385fbb713949c7067,44.556271487961816,-123.06635421661464
Arby's,American Restaurant,4bf58dd8d48988d14e941735,4becca688bbcc928cfd78cb1,44.5929480507073,-123.251966312636
Upper Deck Park at Corvallis Sports Park,American Restaurant,4bf58dd8d48988d14e941735,4b6e930ff964a5209cc22ce3,44.55460561352192,-123.26539066561828
Cheesy stuffed Burgers,American Restaurant,4bf58dd8d48988d14e941735,58583aa4de0cbc434add7a06,44.632477,-123.09443
Jamie's Great Hamburgers,American Restaurant,4bf58dd8d48988d14e941735,4c40b2cde26920a15a4f5de7,44.586849212646484,-123.2748794555664
Arby's,American Restaurant,4bf58dd8d48988d14e941735,5b77846d5a2c91002c20e2b4,44.6995209,-123.0542226
Covered Bridge Coffee House,American Restaurant,4bf58dd8d48988d14e941735,4ede69440e011b46f3194f5a,44.70532389460553,-122.84862701916349
Burger Queen,American Restaurant,4bf58dd8d48988d14e941735,590bec0a588e361692caca4f,44.62343215942383,-123.11441802978516
Kevins Cafe,American Restaurant,4bf58dd8d48988d14e941735,4c4dd144ea24c9b6a4d0b114,44.539138,-122.9076784
Sharies,American Restaurant,4bf58dd8d48988d14e941735,52c7a269498eb6053def3bad,44.52119064331055,-122.90478515625
Rogers Diner,American Restaurant,4bf58dd8d48988d14e941735,4d1cbc5609546dcb43e7d438,44.6360904,-123.07866745
The Stadium Grill,American Restaurant,4bf58dd8d48988d14e941735,4b57cc0af964a520a04128e3,44.55770325070073,-123.27843581489219
Juicy Burger,New American Restaurant,4bf58dd8d48988d157941735,55e5fe8c498ec2451f814584,44.62741321269493,-123.11453896606962
Sidecar Food & Drink,New American Restaurant,4bf58dd8d48988d157941735,598e6e659fca563934905417,44.564563,-123.260977
No.1 Hot Pot,Asian Restaurant,4bf58dd8d48988d142941735,52e471a1498e7f83f866d7b7,44.56840896606445,-123.27603149414062
Bento Oriental Express,Asian Restaurant,4bf58dd8d48988d142941735,4b8ad7b1f964a520b98432e3,44.567513,-123.27203035354614
North Porch Cafe,Asian Restaurant,4bf58dd8d48988d142941735,53bd7c3a498eda5dc4d82d16,44.56509483291082,-123.27859818002354
Thai Express,Asian Restaurant,4bf58dd8d48988d142941735,5ea639d5aabf3100089fd37d,44.57931,-123.25979
MIX CAFE AND BAR,Asian Restaurant,4bf58dd8d48988d142941735,5823b52d8d16903fc49b12d3,44.564324,-123.259893
Simply Ramen,Asian Restaurant,4bf58dd8d48988d142941735,59debe50a22db773df5e57aa,44.62405014038086,-123.08361053466797
China Delight,Chinese Restaurant,4bf58dd8d48988d145941735,4b3066b8f964a52069f924e3,44.56641571290555,-123.25830428861812
Golden Town Buffet,Chinese Restaurant,4bf58dd8d48988d145941735,51819d6f498ea1d79a3aaa60,44.63736002079066,-123.07257009593755
Panda Express,Chinese Restaurant,4bf58dd8d48988d145941735,4e4e4179bd4101d0d7a6166b,44.56493018309152,-123.2796527196222
Jade Garden,Chinese Restaurant,4bf58dd8d48988d145941735,4b882843f964a520bde331e3,44.560118,-123.262752
Golden Wok Chinese Restaurant,Chinese Restaurant,4bf58dd8d48988d145941735,4d2f9e552748b60cc273d4a0,44.631586666666664,-123.06995196666666
ABChinese,Chinese Restaurant,4bf58dd8d48988d145941735,4be4cff52457a59328d6aa15,44.63364271223059,-123.09011722681261
Yummy Yummy,Chinese Restaurant,4bf58dd8d48988d145941735,5c54ee98da5e56002c64a06a,44.576453,-123.27615
Rainbow House,Chinese Restaurant,4bf58dd8d48988d145941735,5dd428e704a8680007fd7693,44.6301831,-123.0580839
China Delight,Chinese Restaurant,4bf58dd8d48988d145941735,511f0abde4b0d583481e21c3,44.566268,-123.258371
Yummy House,Chinese Restaurant,4bf58dd8d48988d145941735,4d77e649a32ca1cddf2622db,44.633551000000004,-123.08493500000002
"The Show, ""true Chinese food""",Szechuan Restaurant,52af3b773cf9994f4e043c03,5660d6d3498ec6e76bcba65d,44.586811,-123.255467
In-N-Out Teriyaki,Japanese Restaurant,4bf58dd8d48988d111941735,4f320e7e19833175d60c303e,44.628991,-123.079402
Ronin Cafe And Ramen,Ramen Restaurant,55a59bace4b013909087cb24,5dc24426607ad200087e8227,44.563411712646484,-123.2593002319336
Kaiyo Sushi,Sushi Restaurant,4bf58dd8d48988d1d2941735,595e637e9ad60e21318d2768,44.630863,-123.07123600000001
Tokyo Japanese Steakhouse And Sushi Bar,Japanese Restaurant,4bf58dd8d48988d111941735,4b5f5c66f964a5200eb629e3,44.562608691730986,-123.26203145643696
Sada's Sushi,Japanese Restaurant,4bf58dd8d48988d111941735,4e66c62fc65be127eea3d582,44.56409562517945,-123.25895293043313
Riverfront Restaurant,Japanese Restaurant,4bf58dd8d48988d111941735,4c515f530f39b713d8181400,44.568782,-123.257015
Koriander,Asian Restaurant,4bf58dd8d48988d142941735,5326643f498e2b81c28f2454,44.56304992854818,-123.26163618757838
Toki Teriyaki,Asian Restaurant,4bf58dd8d48988d142941735,4d94dcd374c8236ade54c7fc,44.635911,-123.107583
Koriander Asian Fusion & Italian Gelato,Korean Restaurant,4bf58dd8d48988d113941735,539a1318498ee8946dedaf50,44.56315,-123.261471
Koriander,Korean Restaurant,4bf58dd8d48988d113941735,539a13ec498ea108fbfc58ad,44.563059,-123.261218
serapi corner,Malay Restaurant,4bf58dd8d48988d156941735,4f3f7bfce4b00b5257eec246,44.47868347167969,-123.0390396118164
Shogun Bowl,Noodle House,4bf58dd8d48988d1d1941735,4b92be71f964a520921734e3,44.56905094087246,-123.27848268908681
Tian Fu Noodle,Noodle House,4bf58dd8d48988d1d1941735,5a8e39941108ba6ba7623876,44.567123,-123.27212
Woodsman,Thai Restaurant,4bf58dd8d48988d149941735,4ad4d019f964a520effb20e3,44.540567102397034,-123.37948239185062
Thai Chili,Thai Restaurant,4bf58dd8d48988d149941735,4b4f77d1f964a520dd0727e3,44.567392618373525,-123.27268579897978
Tarntip,Thai Restaurant,4bf58dd8d48988d149941735,4b1dbfe5f964a520cc1424e3,44.56912434688406,-123.27989755805466
Air Thai,Thai Restaurant,4bf58dd8d48988d149941735,4c48f714fbafc928e8c145da,44.53917,-122.90689
Tip Thai Cuisine,Thai Restaurant,4bf58dd8d48988d149941735,528e6826498e5c905fa585cc,44.637061,-123.107085
Tone Thai,Thai Restaurant,4bf58dd8d48988d149941735,5c4d0cc779f6c7002c3adab8,44.636936999999996,-123.10718700000001
Kimboa,Vietnamese Restaurant,4bf58dd8d48988d14a941735,4b46a194f964a520e62526e3,44.587672,-123.273843
Ba's Vietnamese Comfort Food,Vietnamese Restaurant,4bf58dd8d48988d14a941735,5d6ec00a4d67cb0008b4783c,44.63778305053711,-123.10432434082031
Flame Mountain Bbq,Korean Restaurant,4bf58dd8d48988d113941735,5ce49340f5e9d7002ce3312a,44.586082,-123.255104
Eats & Treats,BBQ Joint,4bf58dd8d48988d1df931735,4f983fc0e4b042ba9e6145a6,44.56228256225586,-123.22509765625
Aomatsu Japanese Restaurant,Japanese Restaurant,4bf58dd8d48988d111941735,4b47e6e1f964a5205d4326e3,44.56495980412225,-123.26087952841397
Wing Ming Restaurant,Chinese Restaurant,4bf58dd8d48988d145941735,4f44d63619836ed00196de37,44.534658,-122.907053
Pink Rib,BBQ Joint,4bf58dd8d48988d1df931735,57d4fafa498ee2a96689f79a,44.56326076481965,-123.2343077659607
Market of Choice,Supermarket,52f2ab2ebcbc57f1066b8b46,4ccaec59c4d06dcbbe396603,44.58812519601159,-123.25705468822711
Laura and Daisy's Mexican Bakery,Bakery,4bf58dd8d48988d16a941735,4f321bd819836c91c7b6bffc,44.63667678833008,-123.0899658203125
Alpine Sourdough Bakery,Bakery,4bf58dd8d48988d16a941735,4f320c7f19833175d60b650d,44.565115999999996,-123.258522
El Buen Gusto Panaderia,Bakery,4bf58dd8d48988d16a941735,4e0351e0fa7600724019b257,44.63667678833008,-123.0899658203125
Walmart Bakery,Bakery,4bf58dd8d48988d16a941735,5a9ef8c8b6eedb52c6a1308f,44.586907,-123.258871
Mamalou Bakeshop,Bakery,4bf58dd8d48988d16a941735,580fd88338faaa7ba6a356f7,44.595648,-123.29444199999999
Melarova Baking,Bakery,4bf58dd8d48988d16a941735,569540d2498e0a24468161a2,44.544153,-123.2895555
Jillicious Desserts,Bakery,4bf58dd8d48988d16a941735,518bdf75498e0fa96086ddac,44.537239,-123.35872
Pilos Bakery,Bakery,4bf58dd8d48988d16a941735,4bbc910be5b0d13a8a606f7c,44.587872,-123.25908799999999
Orowheat Bakery Outlet,Bakery,4bf58dd8d48988d16a941735,51536166e4b0389a017b155a,44.633411,-123.088377
Kris' Kitchen,Bakery,4bf58dd8d48988d16a941735,560c3519498e74a6f7dedc1d,44.53767,-122.907103
Mazama Brewing,Beer Garden,4bf58dd8d48988d117941735,51a947ab498eae4432e51362,44.56360236563222,-123.22601228213091
Global Community Kitchen,Bistro,52e81612bcbc57f1066b79f1,564a705f498e78dce900f185,44.564804,-123.278302
Tommy's 4th Street Bar & Grill,American Restaurant,4bf58dd8d48988d14e941735,4ca8d9e2b7106dcb63d976a5,44.561893876362255,-123.26373018991688
Magenta,New American Restaurant,4bf58dd8d48988d157941735,4b480f29f964a520514726e3,44.563274336554784,-123.26009498051513
Bellhop,Bistro,52e81612bcbc57f1066b79f1,5762ec8f498e30d932398c6a,44.562849,-123.25978
obc,BBQ Joint,4bf58dd8d48988d1df931735,56b55023498e5f9ed1e30d43,44.645158,-123.063812
Peppertree House,American Restaurant,4bf58dd8d48988d14e941735,4bef152bc80dc9286c7927e3,44.63771402835846,-123.09144593333333
Stop & Go Market,Convenience Store,4d954b0ea243a5684a65b473,4d728b2c946b6dcbe3dc3d7a,44.632713,-123.105572
Lemongrass Noodle House,Asian Restaurant,4bf58dd8d48988d142941735,4cd0b4d52fd9b60cfa1d83eb,44.56780757651039,-123.27420476181993
d.i.y Bubble Tea & Karaoke Lounge,Bubble Tea Shop,52e81612bcbc57f1066b7a0c,58c38dbd80e1af2b1e44aa26,44.586838,-123.252464
Wilhelm's Spirits & Eatery,American Restaurant,4bf58dd8d48988d14e941735,4c5e36966147be9afc849409,44.63354705654898,-123.08566731461258
Carl's Jr.,Burger Joint,4bf58dd8d48988d16c941735,4c1d4f28fcf8c9b6c597ab0b,44.51561707320314,-122.8971148339212
McMenamins on Monroe,Brewery,50327c8591d4c4b30a586d5d,4aba6f31f964a520498120e3,44.56823474115163,-123.27536802077982
Burger King,Burger Joint,4bf58dd8d48988d16c941735,4bff25eedaf9c9b6ace0f9ef,44.628374,-123.082972
Tom's Peacock Bar & Grill,Bar,4bf58dd8d48988d116941735,4a88274cf964a5204c0520e3,44.563614227553366,-123.26019474594415
Carl's Jr.,Burger Joint,4bf58dd8d48988d16c941735,4b56741bf964a520041128e3,44.64110136071228,-123.06495923585021
Cheesy Stuffed Burgers,Burger Joint,4bf58dd8d48988d16c941735,5b8daff7bd400900397392e6,44.563828,-123.26282
Clodfelter's,Pub,4bf58dd8d48988d11b941735,4b3dc516f964a520bd9625e3,44.56755780073397,-123.27327992034722
Ragin' River Steak Company,American Restaurant,4bf58dd8d48988d14e941735,4ad3ea1bf964a520e9e620e3,44.85235949163828,-123.18506763259514
Marketplace West (OSU),College Cafeteria,4bf58dd8d48988d1a1941735,4ba031a0f964a520ae6037e3,44.5639173398372,-123.28362380100904
Arnold Dining Center (OSU),College Cafeteria,4bf58dd8d48988d1a1941735,4b631351f964a52042612ae3,44.560582596566434,-123.27708808139964
Linn-Benton Community College Cafeteria,College Cafeteria,4bf58dd8d48988d1a1941735,4d26310f83ee6ea81ab045e7,44.58757641434875,-123.11245517929542
Human Bean,Café,4bf58dd8d48988d16d941735,4d855d855e70224b40b62109,44.539611804282686,-123.35831904796292
I-JIVE ESPRESSO LLC,Café,4bf58dd8d48988d16d941735,56262b83498e9987e353442e,44.8434533,-123.0105336
Wise Cracks Cafe,Café,4bf58dd8d48988d16d941735,5d73e6a687f7b8000811e7ab,44.5638,-123.260836
The Dizzy Hen,Café,4bf58dd8d48988d16d941735,5b2c05744a1cc0002c194cd6,44.540363,-123.368225
The Pink House,Café,4bf58dd8d48988d16d941735,4b53839ff964a52093a027e3,44.85038415,-123.18658590316772
7-Eleven,Café,4bf58dd8d48988d16d941735,5cbf2c21780eee002cb35bc3,44.61052082294404,-123.09782554232788
April’s Tea House,Café,4bf58dd8d48988d16d941735,5bba82ee646e3800396815d6,44.569172,-123.274974
7-Eleven,Café,4bf58dd8d48988d16d941735,5cbf2bffc4df1d002cb957de,44.62479889999999,-123.0983005
The Golden Horse Cafe,Café,4bf58dd8d48988d16d941735,55cd1e86498e3ddc4e86aa1d,44.851373785649336,-123.18469762802123
Impulse Bar & Grill,Nightclub,4bf58dd8d48988d11f941735,4b57d903f964a520ac4328e3,44.567530623306084,-123.27235387443268
the fireplace at market of choice,Café,4bf58dd8d48988d16d941735,531d07ca498e9d0779f5093e,44.588451378865734,-123.25703863256221
Ava's Cafe,Café,4bf58dd8d48988d16d941735,4e8360f87ee6f1c63cd233d5,44.56665864562856,-123.28332165999842
Bing's Cafe,Café,4bf58dd8d48988d16d941735,4ba12179f964a520c59a37e3,44.564077296348955,-123.28015918139623
Enoteca,Café,4bf58dd8d48988d16d941735,4b9adad7f964a5207cdc35e3,44.5597038269043,-123.26123046875
Dixon Cafe,Café,4bf58dd8d48988d16d941735,4f0e17e1e4b06654e394bb0b,44.563179539413106,-123.27906363526857
2MIX,Café,4bf58dd8d48988d16d941735,5574b385498e3c32c549cb2d,44.54975128173828,-123.3118667602539
Margin Coffee,Café,4bf58dd8d48988d16d941735,5b538e7f894eac002cda9a54,44.636233000000004,-123.106246
Firehouse No. 5 Cafe,Café,4bf58dd8d48988d16d941735,4c52fd2999ecc9b6807da75b,44.669227,-123.222101
Creperie du Lys,Food Truck,4bf58dd8d48988d1cb941735,4e7cdb19fa76de3bbdf47565,44.56451416015625,-123.26074981689453
Taylor Street Ovens,Deli / Bodega,4bf58dd8d48988d146941735,4c3f59efd7fad13ade6204da,44.574759,-123.262158
Oh Boy Oberto Factory Store,Deli / Bodega,4bf58dd8d48988d146941735,4c7061ffd274b60c7a9fd90d,44.613078,-123.113142
Walmart Bakery,Deli / Bodega,4bf58dd8d48988d146941735,59935de06a595022867a2410,44.62702941894531,-123.05066680908203
New York Bagels,Bakery,4bf58dd8d48988d16a941735,54e36db1498edfbffd8427df,44.587635999999996,-123.27503
Sam's Station,Breakfast Spot,4bf58dd8d48988d143941735,4bc0a12fabf49521c683bf93,44.578976000000004,-123.283451
Sidekicks Gourmet Desserts & Espresso,Restaurant,4bf58dd8d48988d1c4941735,4d7e633d3e50b1f7693bcad3,44.631472,-123.103851
NutCakes Bakery,Dessert Shop,4bf58dd8d48988d1d0941735,4d4dead4fe7fb1f708eb6142,44.540756,-123.368079
Walmart Bakery,Bakery,4bf58dd8d48988d16a941735,5992bca5237dee67c3a85a6c,44.51756758,-122.8990673
Jubilee,Bakery,4bf58dd8d48988d16a941735,5d96b7847932c000084211be,44.851291,-123.184566
Natural Sprinkles Co.,Cupcake Shop,4bf58dd8d48988d1bc941735,5bfd019028374e002c1296e8,44.636253,-123.10616100000001
wacky yogurt,Frozen Yogurt Shop,512e7cae91d4cbb4e5efe0af,57a673b6498efae5c7545881,44.551975,-123.307552
Dairy Queen,Ice Cream Shop,4bf58dd8d48988d1c9941735,4ba7f3f6f964a52069c139e3,44.63704387309063,-123.07288035750389
Baskin-Robbins,Ice Cream Shop,4bf58dd8d48988d1c9941735,4c3a2d77ae2da593c5d103c6,44.560425377910306,-123.2638747915508
Dairy Queen,Ice Cream Shop,4bf58dd8d48988d1c9941735,4bb6b38c6edc76b0b268311c,44.5621099377425,-123.26183058321476
Dairy Queen,Ice Cream Shop,4bf58dd8d48988d1c9941735,4c228b9d9a67a5931daddc87,44.54015684663252,-123.35858657956118
Hasty Freez,Ice Cream Shop,4bf58dd8d48988d1c9941735,4b649f89f964a52027c32ae3,44.63290872287147,-123.10376222158818
Bj's Ice Cream,Ice Cream Shop,4bf58dd8d48988d1c9941735,5949a46c98fbfc56558a85fa,44.632618,-123.07205
Cold Stone Creamery,Ice Cream Shop,4bf58dd8d48988d1c9941735,4bde2183ffdec9284de2e7a1,44.591862,-123.25370500000001
Yogurt Extreme,Ice Cream Shop,4bf58dd8d48988d1c9941735,4efb5dc28231c11159fa97a1,44.630879,-123.075414
Independence Ice Cream Shop,Ice Cream Shop,4bf58dd8d48988d1c9941735,5edaf82b181aee0008c05a2d,44.851882,-123.184752
Baskin-Robbins,Ice Cream Shop,4bf58dd8d48988d1c9941735,4c129ac082a3c9b61307faf8,44.632282,-123.072681
Francesco's Gelato,Ice Cream Shop,4bf58dd8d48988d1c9941735,4b9eea84f964a520460a37e3,44.56293333578283,-123.26055516204522
Limeberry Yogurt and Espresso Cafe,Ice Cream Shop,4bf58dd8d48988d1c9941735,4eb9a207e5e8b956d62f1351,44.624881744384766,-123.10801696777344
Cold Stone Creamery,Dessert Shop,4bf58dd8d48988d1d0941735,4bbd059ba0a0c9b638211b0f,44.628991,-123.079402
Herschel's Ice Cream Parlor,Ice Cream Shop,4bf58dd8d48988d1c9941735,4f5186d4e4b0ddd8f61496e3,44.539687131815484,-122.90720258229928
Jamocha Jo's Java and Ice Cream,Ice Cream Shop,4bf58dd8d48988d1c9941735,4f327f7619836c91c7dda467,44.669227,-123.222101
Roger's Restaurant,Diner,4bf58dd8d48988d147941735,4e626aefaeb7360314e949a1,44.636124,-123.078793
Hilltop Cafe,Diner,4bf58dd8d48988d147941735,509570bfe4b02645df8026ab,44.603352,-123.252453
Benny's Donuts,Donut Shop,4bf58dd8d48988d148941735,57eff72b498e643103d9de2a,44.56488739781781,-123.260828970567
Sugar Vibes,Donut Shop,4bf58dd8d48988d148941735,580b7ecc38faf41630b94546,44.538544,-122.906959
Cork's Old Fashioned Donuts,Donut Shop,4bf58dd8d48988d148941735,4c5b6cd4adfdef3b01ef517f,44.632677,-123.07486599999999
Death by Donutz,Donut Shop,4bf58dd8d48988d148941735,58a5f55398f8aa3b3541bec7,44.565234,-123.263741
Szechuan Cafe,Chinese Restaurant,4bf58dd8d48988d145941735,52eb1fd811d23d4013a3abc1,44.55001329799718,-123.31026323858397
Elmer’s Restaurant,Breakfast Spot,4bf58dd8d48988d143941735,4bcb5cf93740b713b0566265,44.576781437293015,-123.26116358703594
Oregon Coffee & Tea,Gourmet Shop,4bf58dd8d48988d1f5941735,4c2e5bd93896e21e0b1ee290,44.564358,-123.260099
West Coast Philly's,Food Truck,4bf58dd8d48988d1cb941735,516a782e498ed5523c5eca86,44.56789024375138,-123.27436945252497
Pig Out Food Truck,Food Truck,4bf58dd8d48988d1cb941735,59b4aa54b0405661b666bc86,44.55790216855875,-123.27834541403104
Sharon's Café,Breakfast Spot,4bf58dd8d48988d143941735,4b882ae9f964a5207fe431e3,44.54672079023487,-123.26634871173535
Jack in the Box,Fried Chicken Joint,4d4ae6fc7a7b7dea34424761,4b8efd41f964a520074333e3,44.58854175249085,-123.25136125087738
Jack in the Box,Fried Chicken Joint,4d4ae6fc7a7b7dea34424761,4bad7aebf964a5201b553be3,44.634527349672915,-123.08319345116615
KFC,Fried Chicken Joint,4d4ae6fc7a7b7dea34424761,4c645ac9d6a320a192dfcf2a,44.585212717082435,-123.25621513593012
Jack in the Box,Fried Chicken Joint,4d4ae6fc7a7b7dea34424761,4e9b382a93ada5036da3ca69,44.526158,-122.907526
Murphy's,Gastropub,4bf58dd8d48988d155941735,5b20324dc0af570039c4db4d,44.564609000000004,-123.25873600000001
Independence Grill & Bar,Gastropub,4bf58dd8d48988d155941735,5e1812292825700008a85c3c,44.85250473022461,-123.18512725830078
House of Brews,Gastropub,4bf58dd8d48988d155941735,56f5c25e498e6e69b6615ea0,44.565024,-123.26071
Downward Dog,Gastropub,4bf58dd8d48988d155941735,4a85f9cbf964a520e6ff1fe3,44.56333311599676,-123.25925149321203
Little Wuesten German Food,Bakery,4bf58dd8d48988d16a941735,58d2f3214bafb745269829c4,44.637057,-123.106053
Horton's German Auto Repair,Automotive Shop,4bf58dd8d48988d124951735,548685df498ebb10071aed99,44.560939000000005,-123.26413400000001
Horton's German Auto Repair,Automotive Shop,4bf58dd8d48988d124951735,4bfa94248d30d13a5cc50318,44.52036,-123.271134
Eats & Treats Cafe,Gluten-free Restaurant,4c2cd86ed066bed06c3c5209,526c23a011d28baa39e10aa2,44.539967,-123.362207
Yogurt Extreme,Ice Cream Shop,4bf58dd8d48988d1c9941735,4b7efb01f964a520fa0d30e3,44.5681623711966,-123.275537032339
Alley Gyros,Greek Restaurant,4bf58dd8d48988d10e941735,4ff339f7e4b01992a8f77db7,44.563897999999995,-123.260801
Jefferson Station Cafe,Hawaiian Restaurant,52e81612bcbc57f1066b79fe,5b6ccda664c8e1002cad4b96,44.71937561035156,-123.0107192993164
Keeaumoku Hawaiian Grill,Hawaiian Restaurant,52e81612bcbc57f1066b79fe,5a3adc24e0755074574820c5,44.6290397644043,-123.0814437866211
Squirrels Tavern,Bar,4bf58dd8d48988d116941735,4b4e32f5f964a520f9e426e3,44.56403983817067,-123.26018062001641
Snap Happy Hot Dogs,Hot Dog Joint,4bf58dd8d48988d16f941735,57796b40498ec8fcaaa020d7,44.644266,-123.064618
Red Hot Chicago,Hot Dog Joint,4bf58dd8d48988d16f941735,51e19ff1498eb911400890ce,44.563543401989506,-123.26028529499543
Willie's Hot Dog Cart,Hot Dog Joint,4bf58dd8d48988d16f941735,4c6077dd1e5cd13a0cbfa1ed,44.56385055,-123.26289255
Downtown Dog,Hot Dog Joint,4bf58dd8d48988d16f941735,50d23e3fe4b0e555f7c0bf34,44.53780504841384,-122.90726908442144
Happy Dogs,Restaurant,4bf58dd8d48988d1c4941735,55b5d1cc498e57005b725b83,44.537204045016544,-122.9078722000122
Ann's Soup Box,Hot Dog Joint,4bf58dd8d48988d16f941735,5504d9c3498ed8719769d661,44.563188,-123.259998
Nirvana Indian restaurant,Indian Restaurant,4bf58dd8d48988d10f941735,5bc7a48915173e002c00b247,44.590481,-123.275428
Nirvana Indian Restaurant,Indian Restaurant,4bf58dd8d48988d10f941735,4be324831dd22d7f75d595bd,44.587646,-123.25498700000001
Evergreen Indian Restaurant,Indian Restaurant,4bf58dd8d48988d10f941735,4e20fb4922717a5245c6bae0,44.56385,-123.261544
Calapooia Brewing Company,Brewery,50327c8591d4c4b30a586d5d,4b6cd939f964a520e8582ce3,44.63925979302477,-123.09388433009566
Cloud & Kelly's Public House,Pub,4bf58dd8d48988d11b941735,4b5a4de0f964a520acbb28e3,44.56344344483642,-123.25921274599561
Gamberetti's Italian Restaurant,Italian Restaurant,4bf58dd8d48988d110941735,5cb5178a89b06a002c271db0,44.637333,-123.106705
Mangiare Italian Restaurant,Italian Restaurant,4bf58dd8d48988d110941735,5095b8c6e4b07ba8c6911269,44.85286761102633,-123.1846015534028
Papa Murphy's | Take 'N' Bake Pizza,Italian Restaurant,4bf58dd8d48988d110941735,5e84bec9d5000e0008e2baca,44.521703687421265,-122.90613447647452
Iovinos Cucina And Catering,Italian Restaurant,4bf58dd8d48988d110941735,4bb0a6fef964a52061523ce3,44.547532000000004,-123.265173
Casetta di Pasta,Italian Restaurant,4bf58dd8d48988d110941735,5b8ca14aa795bd0037a8cd80,44.636200272546546,-123.10794353485106
Jamba Juice,Juice Bar,4bf58dd8d48988d112941735,4b9c242ef964a5204f4e36e3,44.582588,-123.258757
White Wind Superfoods,Juice Bar,4bf58dd8d48988d112941735,537eb642498e9239c5298054,44.56304931640625,-123.26114654541016
Orange Julius,Juice Bar,4bf58dd8d48988d112941735,4d2609535cc1a093366198be,44.63048,-123.08003300000001
Main Squeeze (OSU),Juice Bar,4bf58dd8d48988d112941735,4d26a761342d6dcb70e5e5ca,44.56415330236888,-123.27231818919986
Del Alma,Latin American Restaurant,4bf58dd8d48988d1be941735,4cf56e9881cd6dcbd13a750d,44.559788144853606,-123.26122974667513
Fresh & Natural,Latin American Restaurant,4bf58dd8d48988d1be941735,4e1359271495c8d31bd7a948,44.63048,-123.08003300000001
Missin Tylee,Brazilian Restaurant,4bf58dd8d48988d16b941735,4f3e9b09e4b0c15a620f9c2e,44.588366,-123.260449
Corvallis Mediterranean Cafe',Mediterranean Restaurant,4bf58dd8d48988d1c0941735,54a63b29498ebcd88ab89cd4,44.564001826844844,-123.26299904389562
Flame-N-Go,Mediterranean Restaurant,4bf58dd8d48988d1c0941735,53a89ac2498e722f5fa88a98,44.56397070449607,-123.2630539445745
Bazaar Restaurant and Market,Moroccan Restaurant,4bf58dd8d48988d1c3941735,4c956c3358d4b60ce3833229,44.53954540218351,-123.26815989060725
Taco Bell,Mexican Restaurant,4bf58dd8d48988d1c1941735,4bfcc0fcb68d0f4717dae757,44.5907679276564,-123.25334663229373
Taco Bell,Mexican Restaurant,4bf58dd8d48988d1c1941735,4b58d598f964a520b46d28e3,44.6412413986337,-123.06552104441015
Bombs Away Cafe,Mexican Restaurant,4bf58dd8d48988d1c1941735,4a8f0562f964a5209a1320e3,44.56900905142054,-123.27951592339171
Taco Bell,Mexican Restaurant,4bf58dd8d48988d1c1941735,4b7b542df964a520955e2fe3,44.622686,-123.109726
Los Tequilas,Mexican Restaurant,4bf58dd8d48988d1c1941735,4b8b0ea6f964a520a89032e3,44.632677,-123.07486599999999
Tacos El Machin,Mexican Restaurant,4bf58dd8d48988d1c1941735,536da755498ee34884dc49ae,44.633551000000004,-123.08493500000002
Los 3 Reales,Mexican Restaurant,4bf58dd8d48988d1c1941735,524765f9498ec5a2c5e62db7,44.57240542310515,-123.25540606861227
Tony's Taco Shop,Mexican Restaurant,4bf58dd8d48988d1c1941735,5a2b81cfda5ede1661fde5f0,44.531883239746094,-122.90747833251953
El Palenque Mexican Restaurant & Cantina,Mexican Restaurant,4bf58dd8d48988d1c1941735,5a7663e81ffed7643510542b,44.587495,-123.273022
Ixtapa Mexican Restaurant,Mexican Restaurant,4bf58dd8d48988d1c1941735,4b7a0db7f964a520f3202fe3,44.53928,-123.361066
Mexico Lindo,Mexican Restaurant,4bf58dd8d48988d1c1941735,4bb4ed4d0ef1c9b6539ff412,44.550476,-123.30743400000001
Rigoberto's,Mexican Restaurant,4bf58dd8d48988d1c1941735,4b56c230f964a5207b1a28e3,44.567649841308594,-123.261962890625
Sancho's Mexican Grill,Mexican Restaurant,4bf58dd8d48988d1c1941735,4b9c2a66f964a520c55036e3,44.56740839936453,-123.27269780545832
Las Rocas,Mexican Restaurant,4bf58dd8d48988d1c1941735,4de31991d22d2a4ecdd6b925,44.853503,-123.18469
La Rockita,Mexican Restaurant,4bf58dd8d48988d1c1941735,4d90e95f1d06b1f787f67e3b,44.59048862,-123.27562055
La Roca,Mexican Restaurant,4bf58dd8d48988d1c1941735,50d01907e4b0269917cf37f7,44.624347,-123.09018600000002
Baja Fresh,Burrito Place,4bf58dd8d48988d153941735,4bb403eb9af3b7138be98b28,44.572951,-123.263232
Riva's Tacos,Mexican Restaurant,4bf58dd8d48988d1c1941735,4cdf0bb741ed224b5ceedc3c,44.56771955717544,-123.26203640231321
El Presidente Mexican Restaurant,Mexican Restaurant,4bf58dd8d48988d1c1941735,4c58f2f24ed9ef3be28cd96d,44.57240364352294,-123.25556041727606
La Rockita,Mexican Restaurant,4bf58dd8d48988d1c1941735,4bba4c89b35776b0e3c1ca01,44.58035871793192,-123.26007011970945
Qdoba Mexican Grill,Burrito Place,4bf58dd8d48988d153941735,4b6ae6dff964a52007e62be3,44.5681183,-123.275391
Delicias Valley Cafe,Mexican Restaurant,4bf58dd8d48988d1c1941735,4ee3e95eaa1fd7f753f3cb3c,44.589237,-123.25659099999999
Taqueria Alonzo,Mexican Restaurant,4bf58dd8d48988d1c1941735,4bdb3a4563c5c9b6e1ef2668,44.57634195553623,-123.2758352668592
Aibertos,Mexican Restaurant,4bf58dd8d48988d1c1941735,507caeb0e4b068bf27894c6e,44.531849792993306,-122.90730087186243
Tacos El Machin,Taco Place,4bf58dd8d48988d151941735,5ad171925c68384d997f1447,44.559967,-123.26456
Taco Time,Taco Place,4bf58dd8d48988d151941735,4dacfc148154e1a040e4308e,44.575733,-123.261695
Del Taco,Taco Place,4bf58dd8d48988d151941735,4c02807d0d0e0f47e829019a,44.62854630344377,-123.08165023488593
Del Taco,Taco Place,4bf58dd8d48988d151941735,4e4df52fbd4101d0d79f187c,44.5815014381303,-123.29915653697557
Taqueria Los Compadres,Taco Place,4bf58dd8d48988d151941735,5283dc2f11d2a4c2db8e4aae,44.63649368286133,-123.07491302490234
El Crucero,Taco Place,4bf58dd8d48988d151941735,58f180e3419a9e1e24c231c3,44.539598,-123.359112
Quinn’s Drinkin Hole,Tex-Mex Restaurant,56aa371ae4b08b9a8d5734ba,5a6d39451cf2e11de330dde8,44.656105,-123.103866
Happy Shawarma,Middle Eastern Restaurant,4bf58dd8d48988d115941735,59eb06988ad62e6909ca682d,44.563335,-123.263398
Little Morocco,Middle Eastern Restaurant,4bf58dd8d48988d115941735,4e39a78514959f8577ab9d99,44.559973467854185,-123.26165007218124
Al-Jebal Middle-Eastern Restaurant,Middle Eastern Restaurant,4bf58dd8d48988d115941735,4cc9cd367151721ee3116937,44.54390030221533,-123.26611561942374
Crystals Cafe,Middle Eastern Restaurant,4bf58dd8d48988d115941735,4b64adb9f964a520cfc72ae3,44.56751,-123.27248200000001
Gathering Together Farm,American Restaurant,4bf58dd8d48988d14e941735,4c54a13c4623be9afc7112f3,44.530925,-123.371258
Lakeshore Lanes,Bowling Alley,4bf58dd8d48988d1e4931735,4b4d222af964a52026cc26e3,44.595834763479054,-123.11383552207712
7-Eleven,Convenience Store,4d954b0ea243a5684a65b473,4c1249e3b7b9c928ff76a737,44.532367461393,-122.907488197197
7-Eleven,Convenience Store,4d954b0ea243a5684a65b473,4b7e15eaf964a5203ae22fe3,44.5752463395797,-123.275719732046
Papa Murphy's Take & Bake,Pizza Place,4bf58dd8d48988d1ca941735,4d7d4c325a396dcbda4486fb,44.63223887122193,-123.09183992677488
Domino's Pizza,Pizza Place,4bf58dd8d48988d1ca941735,4bce4fc1b6c49c74190a9791,44.569102,-123.278545
Woodstocks Pizza,Pizza Place,4bf58dd8d48988d1ca941735,4b626a3bf964a520a8462ae3,44.5771886,-123.2745751
Abby's Pizza,Pizza Place,4bf58dd8d48988d1ca941735,4bc609d6db8fa5937da69b37,44.631135,-123.067502
Crowbar,Pizza Place,4bf58dd8d48988d1ca941735,4aa6dd12f964a5203b4b20e3,44.562886098688125,-123.26106995790266
Pizza Hut,Pizza Place,4bf58dd8d48988d1ca941735,4e16518f7d8b69590f41a6c6,44.51858427725605,-122.90152341127396
Pizza Now!,Pizza Place,4bf58dd8d48988d1ca941735,4fb049924fc69d6f870bef5f,44.624871,-123.090056
Izzy’s Pizza & Buffet - Corvallis,Pizza Place,4bf58dd8d48988d1ca941735,4c2547bef1272d7f619284c5,44.59218941812842,-123.25229375525345
Cibelli's,Pizza Place,4bf58dd8d48988d1ca941735,503538bee4b0b37a4583e146,44.57265277832484,-123.26420168691179
Demaggio's New York Pizza,Pizza Place,4bf58dd8d48988d1ca941735,577972f2498e69d8a44a1581,44.564175,-123.259094
Papa Murphy's,Pizza Place,4bf58dd8d48988d1ca941735,4bb68e30ef159c74772b76f7,44.52168028333333,-122.90609571666667
Papa Murphy's,Pizza Place,4bf58dd8d48988d1ca941735,4c3261187cc0c9b6fa3af09a,44.58768113283873,-123.25972987805945
Papa Murphy's | Take 'N' Bake Pizza,Pizza Place,4bf58dd8d48988d1ca941735,57cb9b53cd10abf33b76dbcb,44.550373243457365,-123.3093695213968
Little Caesars Pizza,Pizza Place,4bf58dd8d48988d1ca941735,4e7e70b9be7b6dd8fbf1fa37,44.519242999999996,-122.902731
Pizza Hut,Pizza Place,4bf58dd8d48988d1ca941735,4c5fff0e3a3703bb7017e406,44.58859691860416,-123.25007038480487
Little Caesars Pizza,Pizza Place,4bf58dd8d48988d1ca941735,4cbf81ffca4aa1cde5991ab4,44.587635999999996,-123.27503
Figaro's Pizza,Pizza Place,4bf58dd8d48988d1ca941735,4baec2f1f964a520cbd53be3,44.5403938293457,-123.36576843261719
Indepizza,Pizza Place,4bf58dd8d48988d1ca941735,4f486b6fe4b08df2fb99dc95,44.851214344881676,-123.18447797036256
Valentino's Pizzeria,Pizza Place,4bf58dd8d48988d1ca941735,4f32366819836c91c7c13c5a,44.64463806152344,-123.11280822753906
2 Stones Wood Fired Italian Trattoria,Pizza Place,4bf58dd8d48988d1ca941735,5847724d03cf2537344a1b2c,44.590712,-123.275038
pizzazz,Salon / Barbershop,4bf58dd8d48988d110951735,4f5fd435e4b0c27826eb9baa,44.632353,-123.069496
Figaros Pizza,Pizza Place,4bf58dd8d48988d1ca941735,4bf332596a31d13a116c942e,44.519832611083984,-122.90412139892578
Quinnellis U Bake Pizza and Deli,Pizza Place,4bf58dd8d48988d1ca941735,4f32365819836c91c7c135e6,44.643028259277344,-123.1072006225586
B' Polished Salon & Spa,Spa,4bf58dd8d48988d1ed941735,50d12e49e4125a8c84f9f113,44.51487350463867,-122.89903259277344
Foodmart RestArea,Diner,4bf58dd8d48988d147941735,51dbf48f498ed8d44a3e8af9,44.7449293583634,-123.05239712571137
Cellar Cat,Bistro,52e81612bcbc57f1066b79f1,5650f451498e84bcd70367e3,44.637459,-123.106445
Red Daisy Coffee Co.,Café,4bf58dd8d48988d16d941735,525ded5f498e109e868c23ba,44.637079,-123.105911
K-1,Chinese Restaurant,4bf58dd8d48988d145941735,50b44532e4b0627b5681e96f,44.64487524488527,-123.11335735412672
Rice bowl rest area,Middle Eastern Restaurant,4bf58dd8d48988d115941735,50e12b43e4b0e421f1959728,44.74074801584447,-123.05311724106889
Denny's,Breakfast Spot,4bf58dd8d48988d143941735,4bfff262369476b0bf908e1f,44.62914426786631,-123.05979131037901
Sum Yan,Chinese Restaurant,4bf58dd8d48988d145941735,4c8544fcd8086dcb28669052,44.535918,-122.907367
Korner Kitchen,American Restaurant,4bf58dd8d48988d14e941735,4bb7809e3db7b713ca0d209a,44.53687704,-122.90730697
Growler Cafe,Gastropub,4bf58dd8d48988d155941735,561c77bd498ec903810896e7,44.537999375693126,-122.90774345397949
McDonald's,Restaurant,4bf58dd8d48988d1c4941735,4c22855734faef3b24a9586d,44.5239457,-122.9075955
Ixtapa Family Mexican Restaurant,Mexican Restaurant,4bf58dd8d48988d1c1941735,4be311e9b02ec9b62c7c4ec0,44.54620642572682,-122.9067937541376
Momiji,Sushi Restaurant,4bf58dd8d48988d1d2941735,53a33825498ebd730dac49b0,44.52962875366211,-122.90648651123047
1847 Bar and Grill,Restaurant,4bf58dd8d48988d1c4941735,55d0bb52498e5fecd51897f2,44.55091268378473,-122.91012516870065
Shirley May's,American Restaurant,4bf58dd8d48988d14e941735,4c4c7e4f712ac928386f6c6e,44.63038086891174,-122.95777201652527
KFC,Restaurant,4bf58dd8d48988d1c4941735,4c68bb0cc946e21e6594e88e,44.5149213,-122.8967347
Lum Yuen,Chinese Restaurant,4bf58dd8d48988d145941735,4bd08bf141b9ef3ba04cfae5,44.630118,-123.058067
Shari's Cafe and Pies,American Restaurant,4bf58dd8d48988d14e941735,4c4a0267bad7a593b5f0c9a9,44.521063,-122.904822
Sweet Waters Family Restaurant,Restaurant,4bf58dd8d48988d1c4941735,4b6c8194f964a520763f2ce3,44.631084,-123.070619
The Original Breakfast,American Restaurant,4bf58dd8d48988d14e941735,4d28c0a76e27a143877e1d24,44.63085464576923,-123.06492170866441
The shedd cafe,American Restaurant,4bf58dd8d48988d14e941735,4ee269d7be7b2be760ad8eab,44.4598534183965,-123.10992792602518
Radke's Blueberries,Food Truck,4bf58dd8d48988d1cb941735,554be5d9498ef148a08cd465,44.512243,-123.262494
Love Love Teriyaki,Japanese Restaurant,4bf58dd8d48988d111941735,4bc3cbaaabf49521d857c493,44.629027798122586,-123.0794346809289
pine cone / punjabi dhaba,Indian Restaurant,4bf58dd8d48988d10f941735,517471f1e4b0bbda2f03209f,44.554866790771484,-123.0567626953125
McDonald's,Restaurant,4bf58dd8d48988d1c4941735,4b59ca31f964a520239828e3,44.56666704025952,-123.26006434857845
Blue Sky Restaurant,Chinese Restaurant,4bf58dd8d48988d145941735,4bef7170d1b7d13ab2d4cdec,44.549888,-123.310879
Al Jebal,Middle Eastern Restaurant,4bf58dd8d48988d115941735,4cbdeb0a90c9a143c53ea4d6,44.543947230900564,-123.26604009613163
Burgerville,Burger Joint,4bf58dd8d48988d16c941735,57676337498ebf269d5a591a,44.591471000000006,-123.25397
The Old Spaghetti Factory,Italian Restaurant,4bf58dd8d48988d110941735,542c8483498e54f8b154c539,44.568663,-123.257132
Queen's Chopstick,Asian Restaurant,4bf58dd8d48988d142941735,4ca3c09a5720b1f75a6a34ef,44.59062763581039,-123.27514906680312
Corvallis Tacovore,Taco Place,4bf58dd8d48988d151941735,5bfdec9c515d6a0025f13098,44.592235,-123.273635
Young’s Country Kitchen,Food Truck,4bf58dd8d48988d1cb941735,5cc3b01e4c9be6002c906648,44.570266,-123.312539
Chipotle Mexican Grill,Mexican Restaurant,4bf58dd8d48988d1c1941735,4a91bffdf964a520a71b20e3,44.56903822951666,-123.27912404968549
Cirello's,Pizza Place,4bf58dd8d48988d1ca941735,4b91bac5f964a52027d333e3,44.58926810430477,-123.25643290839358
Panda Express,Chinese Restaurant,4bf58dd8d48988d145941735,518d8f32498e7d1ef14ffef0,44.585811614990234,-123.2572250366211
La Rockita,Mexican Restaurant,4bf58dd8d48988d1c1941735,4ba4278bf964a520228738e3,44.55948482030978,-123.26430005726587
American Dream Pizza,American Restaurant,4bf58dd8d48988d14e941735,4bafadfcf964a520dd163ce3,44.562836799041094,-123.2606872976371
El Sol De Mexico,Mexican Restaurant,4bf58dd8d48988d1c1941735,4b30179ff964a520f2f524e3,44.58308,-123.25713
Tacovino,Taco Place,4bf58dd8d48988d151941735,58a8f15393eaf858928e4b17,44.564027010474376,-123.2591191369384
Riverview Mongolian Grill,Asian Restaurant,4bf58dd8d48988d142941735,4bf05034f831c928b2dd01f2,44.56534578862782,-123.25847782479738
Kimhoa's Noodle Kitchen,Asian Restaurant,4bf58dd8d48988d142941735,4be47a9acf200f472f05123c,44.5873979598703,-123.27380001345315
Tried & True Coffee,Café,4bf58dd8d48988d16d941735,5474b4d3498eccc2dc2b1ff3,44.5628349,-123.2601608
Le Patisserie,Bakery,4bf58dd8d48988d16a941735,4a997f0ff964a520a62e20e3,44.587872,-123.25908799999999
Fireworks Restaurant & Bar,American Restaurant,4bf58dd8d48988d14e941735,4bb17f63f964a520ec963ce3,44.553364,-123.26468700000001
Evergreen Indian Restaurant,Indian Restaurant,4bf58dd8d48988d10f941735,4bc50befe58e95211069c9e1,44.56374694961385,-123.2613461217199
China Blue,Chinese Restaurant,4bf58dd8d48988d145941735,4c2162b299282d7f4f9765b0,44.591067,-123.253045
McDonald's,Restaurant,4bf58dd8d48988d1c4941735,4bdcbd0c2a3a0f474130b4b6,44.64239250549733,-123.06423383382253
McDonald's,Restaurant,4bf58dd8d48988d1c4941735,4c192ac3f551ef3b2f254768,44.6228349,-123.1106707
Los Dos Amigos,Mexican Restaurant,4bf58dd8d48988d1c1941735,4c26da97f1272d7f6c6987c5,44.63337160856459,-123.07908079908466
Rigoberto's Taco Shop,Mexican Restaurant,4bf58dd8d48988d1c1941735,4ca289517f84224b9b5abd58,44.62362393663817,-123.11008932140095
Panda Express,Chinese Restaurant,4bf58dd8d48988d145941735,4b6b38a2f964a52070fa2be3,44.629547309217266,-123.08386441401638
Elmer’s Restaurant,Breakfast Spot,4bf58dd8d48988d143941735,4c158622a5eb76b00c8dc3b7,44.63135945882204,-123.07183384552921
Southpaw's Perfect Pizza,Pizza Place,4bf58dd8d48988d1ca941735,57c364b1498ef314f50a77c9,44.643878,-123.111873
Red Robin Gourmet Burgers and Brews,Burger Joint,4bf58dd8d48988d16c941735,4c01833cb45676b0fc56e180,44.62903463,-123.0816333
Ping's Garden,Asian Restaurant,4bf58dd8d48988d142941735,4c940ff76b35a143211618dc,44.63248867739171,-123.0892355217204
Izzy’s Pizza & Buffet - Albany,Pizza Place,4bf58dd8d48988d1ca941735,4bac0af3f964a52047e03ae3,44.621402,-123.11027
Pop's Branding Iron,American Restaurant,4bf58dd8d48988d14e941735,4b76d410f964a5204b622ee3,44.63343509429273,-123.09329550840191
House of Noodles,Thai Restaurant,4bf58dd8d48988d149941735,4b9beb19f964a520b63536e3,44.63403488432019,-123.0812946501846
Spirit Espresso LLC,Café,4bf58dd8d48988d16d941735,4d90ace41716a143b40e67f7,44.624996868391875,-123.08356439146394
Red Robin Gourmet Burgers and Brews,Burger Joint,4bf58dd8d48988d16c941735,5446b9f3498ea7d14e4a66a3,44.62897491455078,-123.08153533935547
Ciddici's Pizza,Pizza Place,4bf58dd8d48988d1ca941735,4c45fddc3f0276b05d0652e7,44.63451932801729,-123.1037618529078
Pizza Hut,Restaurant,4bf58dd8d48988d1c4941735,4c5ffc363a3703bb5913e406,44.6289880662369,-123.0780859198876
Muchas Gracias,Mexican Restaurant,4bf58dd8d48988d1c1941735,4dae1f16cda1ea0bb0380f96,44.637671,-123.073593
King Kone,Burger Joint,4bf58dd8d48988d16c941735,4c54851206901b8d5c00f04b,44.638125,-123.085965
Brick and Mortar Cafe,Café,4bf58dd8d48988d16d941735,560d8ca9498e541b92c2a3f7,44.63703430762209,-123.10693347079751
Momiji,Sushi Restaurant,4bf58dd8d48988d1d2941735,4bc0e969920eb7130cd6192c,44.64446365987568,-123.11287763502317
Alonzo Taqueria,Mexican Restaurant,4bf58dd8d48988d1c1941735,4b609bc1f964a52001f029e3,44.635911,-123.107583
Sam City Pho,Asian Restaurant,4bf58dd8d48988d142941735,4b61f9d2f964a520842e2ae3,44.63549488249302,-123.07879393519673
The First Burger,Burger Joint,4bf58dd8d48988d16c941735,4bac0dd9f964a5200ce13ae3,44.63699,-123.10669
Sybaris,Restaurant,4bf58dd8d48988d1c4941735,4b78bc88f964a5200ee02ee3,44.636762,-123.109813
Little Caesars Pizza,Pizza Place,4bf58dd8d48988d1ca941735,4c718da657b6a1433d4ac3cc,44.630074,-123.083947
Domino's Pizza,Restaurant,4bf58dd8d48988d1c4941735,4d30ecde71e3a1432442fd16,44.637136999999996,-123.0760641312828
Ginza,Sushi Restaurant,4bf58dd8d48988d1d2941735,4b9866ebf964a5205d4035e3,44.632009,-123.078989
Papa Murphy's,Pizza Place,4bf58dd8d48988d1ca941735,4c43959874ffc928977474cc,44.6322653,-123.09184665
Novak's Hungarian Restaurant,Eastern European Restaurant,4bf58dd8d48988d109941735,4bfc46a8e05e0f474371cfa8,44.627669798374065,-123.07718957355121
Burgerville,Burger Joint,4bf58dd8d48988d16c941735,4b7f36def964a520b51f30e3,44.63237,-123.07682
Pastini Pastaria,Italian Restaurant,4bf58dd8d48988d110941735,4b6e34d9f964a5209eb12ce3,44.58276314826557,-123.2588155819213
Shari's Cafe and Pies,American Restaurant,4bf58dd8d48988d14e941735,4b99f416f964a520739835e3,44.577144,-123.260945
Applebee's Grill + Bar,American Restaurant,4bf58dd8d48988d14e941735,4b6c49c4f964a5200d2e2ce3,44.62774306,-123.0830304
Cascade Grill,American Restaurant,4bf58dd8d48988d14e941735,4bb29dcc4019a5937f1d37b8,44.644116240709955,-123.05707257401765
Taco Time,Taco Place,4bf58dd8d48988d151941735,4e18b32f1f6eb955987cfd31,44.523353,-122.907344
Bo & Vine,Burger Joint,4bf58dd8d48988d16c941735,5bc288202619ee002cb9deba,44.564877,-123.261007
Papa's Pizza Parlor,Restaurant,4bf58dd8d48988d1c4941735,4be8ae22ee96c9286a71febf,44.553772,-123.265642
Local Boyz Hawaiian Cafe,Restaurant,4bf58dd8d48988d1c4941735,4b1ed266f964a520132024e3,44.567520145812686,-123.27255412485712
Frankie's,American Restaurant,4bf58dd8d48988d14e941735,51e54afdccdadac7be711ac8,44.64425635215201,-123.11300248091437
American Dream Pizza,Pizza Place,4bf58dd8d48988d1ca941735,4a847c96f964a520bdfc1fe3,44.56901222630555,-123.27945940725897
Carino's Italian,Italian Restaurant,4bf58dd8d48988d110941735,4b481d25f964a5207f4826e3,44.630537679145974,-123.08292040047921
Roxy Dawgs,Hot Dog Joint,4bf58dd8d48988d16f941735,4cf894d801568cfa8b1a21e7,44.567322268303414,-123.27222503045945
PizzAmore,Pizza Place,4bf58dd8d48988d1ca941735,4c2e4f4216adc92884a3bb9c,44.632376,-123.079058
Subway,Sandwich Place,4bf58dd8d48988d1c5941735,5289616b11d2bcbf79baa529,44.55530606808849,-123.06700068828496
Panera Bread,Sandwich Place,4bf58dd8d48988d1c5941735,4eb7f8fb6da1df9ffb8b9a05,44.5671728,-123.2604425
Jimmy John's,Sandwich Place,4bf58dd8d48988d1c5941735,530020e8498e31202415e20b,44.58634904009245,-123.25831552866757
New Morning Bakery,Bakery,4bf58dd8d48988d16a941735,4b7327dbf964a520bd9e2de3,44.56276710228504,-123.26052607361399
Panera Bread,Sandwich Place,4bf58dd8d48988d1c5941735,5d195f553e8ac4002480a8b5,44.6412,-123.064244
Emmons Meat Market,Deli / Bodega,4bf58dd8d48988d146941735,4c0164aa4f1ea5937a726b7d,44.56469327960676,-123.20539259137614
SUBWAY,Sandwich Place,4bf58dd8d48988d1c5941735,4bb6965e6edc76b0e836311c,44.561006755181474,-123.26239475359989
TOGO'S Sandwiches,Sandwich Place,4bf58dd8d48988d1c5941735,4be70f872457a593857dad15,44.591575,-123.252902
Subway,Sandwich Place,4bf58dd8d48988d1c5941735,4ba57ee2f964a520b40c39e3,44.5918582833724,-123.25381653221518
Subway (Walmart),Sandwich Place,4bf58dd8d48988d1c5941735,4f2b4608e4b0fc7ec58839cf,44.62701400032589,-123.05131223262043
Loafer's Station,Sandwich Place,4bf58dd8d48988d1c5941735,4da60b70fa8c94f8b8466196,44.635789,-123.11015800000001
SUBWAY,Sandwich Place,4bf58dd8d48988d1c5941735,4bfc8441e05e0f47d1dbcfa8,44.5691325784043,-123.2786831342832
no baloney subs,Sandwich Place,4bf58dd8d48988d1c5941735,5259cfad11d2a8ddd3dfc76f,44.627949,-123.077335
Jersey Mike's Subs,Sandwich Place,4bf58dd8d48988d1c5941735,572a7cc7498e4941b02d7d61,44.56831156475737,-123.27625498528478
Subway,Sandwich Place,4bf58dd8d48988d1c5941735,4bdb38c3c79cc9284fb481e9,44.55182741836487,-123.30748345812788
Subway,Sandwich Place,4bf58dd8d48988d1c5941735,4b802e7af964a520f85930e3,44.63756696004541,-123.07398351901435
Subway,Sandwich Place,4bf58dd8d48988d1c5941735,4d90e836c1b1721e24e96546,44.53028176764002,-122.90743956965343
Subway,Sandwich Place,4bf58dd8d48988d1c5941735,4c2cdd0fae6820a16b041a43,44.53958257917087,-123.35870845488728
Jimmy John's,Sandwich Place,4bf58dd8d48988d1c5941735,4d9cc1bcd098a090314f8648,44.567791547697574,-123.27376932478847
Big Town Hero,Deli / Bodega,4bf58dd8d48988d146941735,4d33725972a8b1f7d5c9a7d0,44.54020944,-122.906881
Pita Pit,Sandwich Place,4bf58dd8d48988d1c5941735,4b4538a7f964a520650826e3,44.567436,-123.272576
Big Town Hero,Sandwich Place,4bf58dd8d48988d1c5941735,4bc6150cb387d13a2844c1e8,44.63048,-123.08003300000001
Old World Deli,Sandwich Place,4bf58dd8d48988d1c5941735,4b3bc9c0f964a5203a7b25e3,44.56134613055185,-123.26108730083905
Baguette,Sandwich Place,4bf58dd8d48988d1c5941735,4b4f81bbf964a520500927e3,44.56388420736633,-123.26094642739908
Subway,Sandwich Place,4bf58dd8d48988d1c5941735,4d8a4a6fd85f3704b0e1fadb,44.64382847287723,-123.11287358035656
Subway,Sandwich Place,4bf58dd8d48988d1c5941735,4f32889e19836c91c7e126e7,44.5161623,-122.9001641
Subway,Sandwich Place,4bf58dd8d48988d1c5941735,4be30a6121d5a5932b061811,44.624322547940025,-123.10822127116393
University Hero,Sandwich Place,4bf58dd8d48988d1c5941735,4b7e0bd4f964a520a2e02fe3,44.563608,-123.26335800000001
Big Town Hero,Sandwich Place,4bf58dd8d48988d1c5941735,4b7d9c9bf964a520b1c92fe3,44.636451,-123.10806699999999
University Hero,Sandwich Place,4bf58dd8d48988d1c5941735,4bc4e8b1702076b0373304c9,44.590383768081665,-123.2756121
Natalia and Cristoforo's,Sandwich Place,4bf58dd8d48988d1c5941735,4b47d174f964a520214026e3,44.565670000000004,-123.260948
Pangea Cafe (MU),Sandwich Place,4bf58dd8d48988d1c5941735,4c0fdcb1ce57c92864f380d2,44.565034871092074,-123.2789587857527
Great Harvest Bread - Corvallis,Bakery,4bf58dd8d48988d16a941735,4a96dfb7f964a520542720e3,44.563408,-123.259372
Blimpie Subs & Sandwiches,Sandwich Place,4bf58dd8d48988d1c5941735,4e4de294bd41b76bef94d3c6,44.53962326049805,-123.35932922363281
Clubhouse Deli,Sandwich Place,4bf58dd8d48988d1c5941735,56e041b0498e1fd41c7c5d66,44.564119,-123.283407
Subway,Sandwich Place,4bf58dd8d48988d1c5941735,4f32819019836c91c7de6e38,44.58687973022461,-123.25548553466797
Big River Restaurant,American Restaurant,4bf58dd8d48988d14e941735,4a934708f964a5206b1f20e3,44.564966678461616,-123.2584606461801
New China Buffet,Chinese Restaurant,4bf58dd8d48988d145941735,4b22fa6ef964a520745124e3,44.583865,-123.258225
Depot Restaurant,Seafood Restaurant,4bf58dd8d48988d1ce941735,4cd075e17561236acf652cf3,44.63144437201798,-123.10381160250081
McGrath's Fish House,Seafood Restaurant,4bf58dd8d48988d1ce941735,4b2060c4f964a5207f3124e3,44.58850988516435,-123.2523831269474
Fred Meyer Gas,Snack Place,4bf58dd8d48988d1c7941735,4d28c23f3c7954814e5ed19b,44.63207446936041,-123.07486961782388
Fred Meyer Fuel Center,Snack Place,4bf58dd8d48988d1c7941735,533cb408498ebb34ff754a58,44.581859,-123.258133
Yogurt Extreme,Dessert Shop,4bf58dd8d48988d1d0941735,4ccd0dfa72106dcb9697a099,44.58836037479371,-123.25712820972421
Jona's Market,Snack Place,4bf58dd8d48988d1c7941735,4d4f6546c305b60cccbc7b1e,44.539971,-123.375716
Dari Mart,Convenience Store,4d954b0ea243a5684a65b473,4d7294728e12b1f7e1973d05,44.623994,-123.114336
Cascadia Market (OSU),Snack Place,4bf58dd8d48988d1c7941735,4cc8c4f2d147a093b955e3ae,44.559898376464844,-123.27640533447266
Navy and Marine ROTC Concessions,Snack Place,4bf58dd8d48988d1c7941735,50707ed1e4b0548503ea7faa,44.559851829148364,-123.28003715861175
Zoup!,Soup Place,4bf58dd8d48988d1dd931735,55775866498e93b582330fa4,44.585925,-123.25875800000001
Broken Yolk,Breakfast Spot,4bf58dd8d48988d143941735,4ab10cbdf964a520df6720e3,44.56392734249427,-123.26091645452102
Sweet Red,American Restaurant,4bf58dd8d48988d14e941735,4ec6e55d77c8be4921f3246e,44.63726566483874,-123.10646510925199
Sizzler,Steakhouse,4bf58dd8d48988d1cc941735,4c65fd18aebea5936c3472d0,44.632671,-123.07840300000001
Chili cook,Steakhouse,4bf58dd8d48988d1cc941735,5082ea26e4b07e4073eb542f,44.54644292771742,-123.20063932436757
Red Beard's Steak and Seafood,Steakhouse,4bf58dd8d48988d1cc941735,4f32615f19836c91c7d222ae,44.635383,-123.078705
Block 15 Restaurant & Brewery,Brewery,50327c8591d4c4b30a586d5d,4a56476df964a520eab41fe3,44.56233185855225,-123.26222600731282
Dutch Bros Coffee,Tea Room,4bf58dd8d48988d1dc931735,57583f69498e465bfc6e47d6,44.518423,-122.900932
The Beanery,Tea Room,4bf58dd8d48988d1dc931735,4d7fbf5a942988bfc2eac188,44.624333508336136,-123.06112105547086
Dutch Bros Coffee,Tea Room,4bf58dd8d48988d1dc931735,5bf42f53bcbf7a0039854b87,44.550505,-123.312325
Ivy Garden Tea Room,Tea Room,4bf58dd8d48988d1dc931735,4dcae673d16478749f973633,44.637258,-123.10845800000001
Mrs. B's Special Teas,Tea Room,4bf58dd8d48988d1dc931735,4eb0554049010398c8ef087e,44.53818165326992,-122.90795662424782
T-Dan Shop (Bubble Milk Tea),Tea Room,4bf58dd8d48988d1dc931735,51db8a065019d19990b71af3,44.562837,-123.27095600000001
Love's Travel Stop,Truck Stop,57558b36e4b065ecebd306dd,5be2374ad1a4020032cbe6a7,44.699108,-123.054232
Greens Bridge Gardens,Vegetarian / Vegan Restaurant,4bf58dd8d48988d1d3941735,4dc868c8814d90f54bc8debe,44.704816865583254,-122.98478497897496
Laughing Planet Café,Vegetarian / Vegan Restaurant,4bf58dd8d48988d1d3941735,4dd48095183859a589a4e017,44.5646172387109,-123.25941618816161
Café Yumm!,Vegetarian / Vegan Restaurant,4bf58dd8d48988d1d3941735,4b1497dcf964a520f6a423e3,44.56825229041866,-123.27566401493992
Nearly Normals,Vegetarian / Vegan Restaurant,4bf58dd8d48988d1d3941735,4b888a48f964a5204dff31e3,44.56778190424961,-123.27259672046065
Pie Five Pizza - Coming Soon,Vegetarian / Vegan Restaurant,4bf58dd8d48988d1d3941735,5ed84a1548c5950008fae54c,44.590656,-123.27505
Schmizza Public House,Pizza Place,4bf58dd8d48988d1ca941735,55a4528e498e94f00a1c9e1c,44.520671,-122.90576499999999
Buffalo Wild Wings,Wings Joint,4bf58dd8d48988d14c941735,50ed9372e4b0588150dd5b3f,44.58609364338107,-123.2568450348208
Applebee's Grill + Bar,American Restaurant,4bf58dd8d48988d14e941735,4b684634f964a5201f6f2be3,44.58713402,-123.2501302
KFC,Fried Chicken Joint,4d4ae6fc7a7b7dea34424761,4c48eafda3ace21e956ce13a,44.6359974,-123.0791447
Arena Sports Bar & Grill,Sports Bar,4bf58dd8d48988d11d941735,4c9d4a6303133704cba75dd5,44.85236374141074,-123.18472730969692
Ciddici's,Pizza Place,4bf58dd8d48988d1ca941735,4edacd3d722e1da302cda5c4,44.590470947113204,-123.11075933523524
