name,category,category_id,venue_id,lat,long
Rooster Deli,American Restaurant,4bf58dd8d48988d14e941735,4d83b5759324236aa06caa0e,44.055436,-121.262453
Shari's Cafe and Pies,American Restaurant,4bf58dd8d48988d14e941735,4bae425df964a520c7993be3,44.020112,-121.317093
Badlands Kitchen & Brew,American Restaurant,4bf58dd8d48988d14e941735,52e1904311d2731c5847e151,44.0249806507407,-121.314003945126
Sunriver Brewing - Bend,American Restaurant,4bf58dd8d48988d14e941735,56c55b55cd106598ec3dda86,44.056484,-121.32696
River Pig Saloon,Bar,4bf58dd8d48988d116941735,5afcce3e492814002cbc6fcf,44.051208828581814,-121.31500673789475
Arby's,American Restaurant,4bf58dd8d48988d14e941735,4ce090203644a093efc4589f,44.0444317118974,-121.302923790178
Awbrey Glen Restaurant,American Restaurant,4bf58dd8d48988d14e941735,4ba58123f964a520870d39e3,44.079219818115234,-121.35063934326172
Sunny Yoga Kitchen,American Restaurant,4bf58dd8d48988d14e941735,5339bae4498e64c8f829a9fc,44.05899168624588,-121.35524332523345
Gatsby's Brasserie Bar,American Restaurant,4bf58dd8d48988d14e941735,4d5364392f638cfaaf54626a,44.058662766666664,-121.31410505
Awbrey Glen,New American Restaurant,4bf58dd8d48988d157941735,4c12e2c9583c9c7453563fa4,44.08092953225189,-121.34650994485659
Cabin 22 Bar & Grill,New American Restaurant,4bf58dd8d48988d157941735,535a8159498e12eef58b7ccf,44.05098750958667,-121.33216275408871
Washington,New American Restaurant,4bf58dd8d48988d157941735,57c6287e498e5274ec8b2f91,44.059248,-121.356363
The Grille at Crosswater,New American Restaurant,4bf58dd8d48988d157941735,51266fcdf136d990e69f70c4,43.87437057495117,-121.44558715820312
123 Ramen,Asian Restaurant,4bf58dd8d48988d142941735,589a2e3e469aef02a7e11ace,44.06337,-121.30434
Market Wok,Asian Restaurant,4bf58dd8d48988d142941735,5b315354ccad6b002cc8e2ab,44.05201,-121.313458
Double Happiness,Chinese Restaurant,4bf58dd8d48988d145941735,4b53cdb8f964a520d2ab27e3,44.05417612900391,-121.27154260597992
China Doll,Chinese Restaurant,4bf58dd8d48988d145941735,4b8733f3f964a5202ab631e3,44.055307,-121.26338600000001
Hong Kong Restaurant,Chinese Restaurant,4bf58dd8d48988d145941735,4bb7e8f6cf2fc9b6c2019f02,44.044435,-121.302178
Okawa Steak House & Sushi,Japanese Restaurant,4bf58dd8d48988d111941735,57cc8703498eb8c817bc28fd,44.03770847140282,-121.30324262542504
Teriyaki Madness,Japanese Restaurant,4bf58dd8d48988d111941735,5cafa050446ea6002c1f7115,44.056048,-121.265151
Deep Restaurant,Japanese Restaurant,4bf58dd8d48988d111941735,4f326fe519836c91c7d7b5c9,44.058563,-121.315076
Soba,Asian Restaurant,4bf58dd8d48988d142941735,54f3c21e498ec9c89effde24,44.058485393523604,-121.3125687543012
Sora Sushi,Sushi Restaurant,4bf58dd8d48988d1d2941735,58e6d328ebf02864e2d73bb2,44.057012297222826,-121.31385093206893
Mio Sushi,Sushi Restaurant,4bf58dd8d48988d1d2941735,4e384d93149579ccbaf693b5,44.04700292332385,-121.31532703181603
Miyagi Ramen,Ramen Restaurant,55a59bace4b013909087cb24,5d1c2e1b7226a500238c0d38,44.050279,-121.315916
Juno Sushi,Japanese Restaurant,4bf58dd8d48988d111941735,521811ae498e9e5d89805480,44.04995395105451,-121.33253664529393
Sumi's,Sushi Restaurant,4bf58dd8d48988d1d2941735,4c37cfab18e72d7f2b5017f5,44.062889,-121.337602
Taste of Thailand,Thai Restaurant,4bf58dd8d48988d149941735,4c054e1073a8c9b66d4697e0,44.060268460259834,-121.2959373926035
Nam Tok,Thai Restaurant,4bf58dd8d48988d149941735,5c75a9f6ff0306002c5682c0,44.056878,-121.355987
The Tin Pig,BBQ Joint,4bf58dd8d48988d1df931735,5adba09d60255e5cc38718c1,44.051697,-121.315094
Country Catering,BBQ Joint,4bf58dd8d48988d1df931735,4ae202f6f964a520c48921e3,44.04476464330322,-121.29239183025571
Baldy's Barbeque,BBQ Joint,4bf58dd8d48988d1df931735,4f323fac19836c91c7c4e15a,44.05561065673828,-121.2643051147461
Big O Bagel,Bagel Shop,4bf58dd8d48988d179941735,4beaffeea9900f47d03c1740,44.03078845098111,-121.31069269151756
Foxtail Bakeshop,Bakery,4bf58dd8d48988d16a941735,5ae8084be17910002c5e5ad8,44.051224,-121.315023
Cinnabon,Bakery,4bf58dd8d48988d16a941735,4e135d062fb6cb6e9a42ac70,44.05437088012695,-121.26321411132812
Big Ed's Artisan Bread,Bakery,4bf58dd8d48988d16a941735,51a4ed8a454a4bfd942bd15b,44.056259000000004,-121.30639599999999
Dreamin' Desserts,Bakery,4bf58dd8d48988d16a941735,56fa6640498e0c3af789f048,44.05748748779297,-121.31331634521484
Immersion Brewing,Brewery,50327c8591d4c4b30a586d5d,574a6080cd10c7ca9ec2e6b5,44.05092114248396,-121.3146003719659
Mother’s Downtown Kitchen,Restaurant,4bf58dd8d48988d1c4941735,591995fa1bc7040931e30c58,44.05797010227063,-121.31181836128233
Dudley's Bookshop Cafe,Bookstore,4bf58dd8d48988d114951735,4b492b27f964a5209c6826e3,44.058596640128634,-121.31382581448288
Birdies  Cafe,Breakfast Spot,4bf58dd8d48988d143941735,544d306a498e56fb6bf13308,44.062995422988394,-121.33758948544943
The Lemon Tree,Breakfast Spot,4bf58dd8d48988d143941735,5b26bf33ea1e44002cbeee67,44.058437,-121.31548
Emerald City Smoothie,Restaurant,4bf58dd8d48988d1c4941735,4ba53052f964a52081e938e3,44.05075979521541,-121.33218183342595
Tetherow,Resort,4bf58dd8d48988d12f951735,52fe91c611d29afa7e7a90fb,44.0254844,-121.364106
The Breakfast Club,Breakfast Spot,4bf58dd8d48988d143941735,4b253346f964a520df6d24e3,44.0601253465897,-121.30092454867872
Spoken Moto,Motorcycle Shop,5032833091d4c4b30a586d60,5798254f498ef7f87c954b88,44.05077643870039,-121.31269199696666
Wendy’s,Burger Joint,4bf58dd8d48988d16c941735,4b69f7a5f964a520cabe2be3,44.06613497115814,-121.30304955326665
Big Belly Burger Deli,Burger Joint,4bf58dd8d48988d16c941735,4ffeeeb6f31c42882b28de32,43.865722960678376,-121.43628358840942
Wendy’s,Burger Joint,4bf58dd8d48988d16c941735,4bacf8b0f964a520b71f3be3,44.029540270289054,-121.31216369949925
Carl's Jr.,Burger Joint,4bf58dd8d48988d16c941735,4b6b0aebf964a520ceee2be3,44.03732519661263,-121.3040489764237
Bogey's Burgers,Burger Joint,4bf58dd8d48988d16c941735,59150c8ba22db716fd600f99,44.054398,-121.27143
Roundabout books,Café,4bf58dd8d48988d16d941735,5817a3ca38fa42e4ea39daf3,44.059032,-121.355724
The Kilns Bookstore,Café,4bf58dd8d48988d16d941735,4d02f20328926ea862d762c2,44.05118784375725,-121.31502395955917
The Sparrow Bakery Northwest,Café,4bf58dd8d48988d16d941735,55de9a7b498eb21f9b1c3bf8,44.05899554124637,-121.35535597801208
home for lunch,Cajun / Creole Restaurant,4bf58dd8d48988d17a941735,519e6cbd498e828abcf8abf7,44.05740737915039,-121.2742691040039
Cafe Sintra Sunriver,Café,4bf58dd8d48988d16d941735,500ef7cfe4b0e5847b0968a1,43.87966292237785,-121.43180858770369
3 Goats Coffee Co.,Café,4bf58dd8d48988d16d941735,56155f00498ecc74118004d8,44.00905,-121.345409
Kanona Cafe,Café,4bf58dd8d48988d16d941735,5a6e3cfe4f0e582cd14bb2c0,44.0567997,-121.3285942
pressnw,Café,4bf58dd8d48988d16d941735,55afc081498eb1723d234b60,44.056714,-121.311688
Looney Bean Coffee House,Café,4bf58dd8d48988d16d941735,4c7e9931171b224b4e570eb1,44.059992,-121.314388
Di Lusso,Café,4bf58dd8d48988d16d941735,4cee8c9c7b943704c8102e53,44.056993,-121.313939
Walmart Bakery,Deli / Bodega,4bf58dd8d48988d146941735,5a9f3b0708815806089bdf9a,44.023733,-121.317387
Wild Oregon Foods,Deli / Bodega,4bf58dd8d48988d146941735,59d7fcbc9b04733885ab8d01,44.02681350708008,-121.31240844726562
Beach Hut Deli,Deli / Bodega,4bf58dd8d48988d146941735,578ff522498e057eb31f6b10,44.059128335450474,-121.31482973214091
"The Humble Beet Market, Deli, Cafe",Deli / Bodega,4bf58dd8d48988d146941735,5b15ad43cbcdee002c2bfbb7,44.062584,-121.328354
Riverside Market,Deli / Bodega,4bf58dd8d48988d146941735,4b427048f964a52002d425e3,44.05417122491781,-121.32316678446793
Schlotzsky's,Restaurant,4bf58dd8d48988d1c4941735,4b99a952f964a520788a35e3,44.0543077,-121.2631085
The Cake Lady,Bakery,4bf58dd8d48988d16a941735,4bf434a694af2d7ff1513a72,44.053988849999996,-121.30126048333334
Savory Spice Shop Bend,Gourmet Shop,4bf58dd8d48988d1f5941735,4eb582109adfc687126ef829,44.04664208634082,-121.31529953931802
Goody's,Dessert Shop,4bf58dd8d48988d1d0941735,4c3bd1c286ce328fd704ab2d,44.05607864781239,-121.26506726708064
All Mixed Up,Dessert Shop,4bf58dd8d48988d1d0941735,4f12397fe4b0044a241caa52,44.05899930818385,-121.3557904152116
Ida's Too!,Cupcake Shop,4bf58dd8d48988d1bc941735,51cb6a7f498e1becff8277cc,44.03746795654297,-121.30656433105469
Ida's Cupcake Cafe,Cupcake Shop,4bf58dd8d48988d1bc941735,4ba7e23df964a520a9bb39e3,44.05679242879948,-121.33050469252217
Cuppa Yo Frozen Yogurt,Frozen Yogurt Shop,512e7cae91d4cbb4e5efe0af,4c06b5402e80a593b98974f9,44.06223994167433,-121.32566486302154
Goody's Soda Fountain & Candy,Ice Cream Shop,4bf58dd8d48988d1c9941735,4c32d973ac0ab713ba941c1e,43.87377272756527,-121.43658327425251
Dairy Queen,Ice Cream Shop,4bf58dd8d48988d1c9941735,4bb021a3f964a520e0383ce3,44.02748546180793,-121.3142893501435
Baskin-Robbins,Ice Cream Shop,4bf58dd8d48988d1c9941735,4b552bdef964a520a1dd27e3,44.0344113,-121.3084897
Ben & Jerry's,Ice Cream Shop,4bf58dd8d48988d1c9941735,4bba2d9a3db7b71393ff229a,44.0446302,-121.3144528
Bontà Natural Artisan Gelato,Ice Cream Shop,4bf58dd8d48988d1c9941735,556143c7498e887e7585247d,44.05796217014388,-121.3125575789011
Goody's Soda Fountain and Candy,Ice Cream Shop,4bf58dd8d48988d1c9941735,4b8ad4b4f964a520fe8332e3,44.05963725890239,-121.31355689757812
Cuppa Yo,Ice Cream Shop,4bf58dd8d48988d1c9941735,4e0bf36ad164dfc07ed3c030,44.055397551056224,-121.26317352587446
Goody's Chocolate and Ice Cream Factory,Dessert Shop,4bf58dd8d48988d1d0941735,4df3a8c4d22d8c5470de9806,44.03810947422307,-121.30630318004216
Sargent's Cafe,Diner,4bf58dd8d48988d147941735,4bfff43592a6c928a15e43e2,44.04309417008407,-121.3027114140876
The Dough Nut Midtown,Donut Shop,4bf58dd8d48988d148941735,55842a9b498e59c71edc18ab,44.05963546784821,-121.29425525665282
The Dough Nut Westside,Donut Shop,4bf58dd8d48988d148941735,5036ba57e4b05b4c79c1819b,44.056397680905945,-121.32898792293649
Bo's Falafel Bar,Falafel Restaurant,4bf58dd8d48988d10b941735,5cc1d47883e380002c227b05,44.05667,-121.33153
The Podski,Food Stand,56aa371be4b08b9a8d57350b,5b3bd008237dee002c54f3ca,44.051591,-121.315229
The Hot Dog Guy,Food Stand,56aa371be4b08b9a8d57350b,5b33fe7fd03360002c811dce,44.059364,-121.31359
River’s Place,Food Truck,4bf58dd8d48988d1cb941735,5c0c2c4b2bf29b002db636ec,44.057180788881944,-121.26918746219846
Dump City Dumplings,Food Truck,4bf58dd8d48988d1cb941735,4dee80998877aa0c3cb84949,44.04656593641437,-121.3107160947153
Crosscut- Warming Hut No.5,Food Truck,4bf58dd8d48988d1cb941735,5ec854beb2e84300071cfa47,44.0499637,-121.314377
The Brown Owl,Food Truck,4bf58dd8d48988d1cb941735,531e55fc498e97c0b28f893e,44.05059868824285,-121.3156002458327
Gyro Truck At The Lot,Food Truck,4bf58dd8d48988d1cb941735,5da3bcae2e6db30008e6397a,44.05752,-121.326996
Bend Burgz N Dogz,Food Truck,4bf58dd8d48988d1cb941735,54078aaf498ea39e707c26a0,44.05744420798358,-121.32703649966503
Bohemian Roastery,Food Truck,4bf58dd8d48988d1cb941735,5bd9feaffdb9a7002cbabba7,44.04836882519931,-121.30379623349572
Das Brat,Food Truck,4bf58dd8d48988d1cb941735,5b67b2478c35dc00398e08e7,44.04312329779922,-121.30583465186471
The Pancake Wagon,Food Truck,4bf58dd8d48988d1cb941735,57530386cd102f915e8ffbd0,44.052521,-121.31839099999999
a broken angel,Food Truck,4bf58dd8d48988d1cb941735,5702bcdd498e5e175d43bbaa,44.05196281215007,-121.31629435594299
Thailandia,Food Truck,4bf58dd8d48988d1cb941735,5216a2db11d201d9bbf8803f,44.060111730767275,-121.30916349615362
Thai On The Fly,Food Truck,4bf58dd8d48988d1cb941735,4f711aebe4b0559c38ca2bb9,44.05978314071619,-121.30901357870765
Broken Top BBQ,Food Truck,4bf58dd8d48988d1cb941735,53f3e1d1498e66d08912b28f,44.05364893188517,-121.30298999624428
Num-nums Korean food,Food Truck,4bf58dd8d48988d1cb941735,54dfd418498eccd401b757e6,44.0463752746582,-121.31804656982422
Real Food Street Bistro,Food Truck,4bf58dd8d48988d1cb941735,4f56ce4ee4b084174aeb85c6,44.05729680639197,-121.3268736415812
Johnny's Wings & Things,Food Truck,4bf58dd8d48988d1cb941735,4fb2a9c5e4b0f1afb5216ab7,44.050575256347656,-121.33170318603516
The Codfather,Food Truck,4bf58dd8d48988d1cb941735,4e3c3d09d4c058f9dbf4c43a,44.052083,-121.314423
Shred Town Food Cart,Food Truck,4bf58dd8d48988d1cb941735,5743b9e7498e0b9b495257a7,44.05079468001381,-121.31296404926461
Curb B Q,Food Truck,4bf58dd8d48988d1cb941735,581a53275d0a1a56bbd66102,44.04609791772273,-121.3185532258813
Bee's Thai Food,Food Truck,4bf58dd8d48988d1cb941735,5064a38be4b049f754824ec3,44.05118942260742,-121.33208465576172
El Sancho,Food Truck,4bf58dd8d48988d1cb941735,4f0367974690f6eced9a32ca,44.05054802897781,-121.30788120565836
Elkibou Food Carts,Food Truck,4bf58dd8d48988d1cb941735,5b3bd5b14f0e58002c2ef4df,43.86449,-121.43209
Austin Street Tacos,Food Truck,4bf58dd8d48988d1cb941735,5b3bcf859fca56002c897834,44.051636,-121.315153
Ronin Sushi & Japanese Grill,Food Truck,4bf58dd8d48988d1cb941735,53f34f93498e31e11714d867,44.0495,-121.331488
French Bread Rack At Newport Market,French Restaurant,4bf58dd8d48988d10c941735,5b0c5dfc16fa04002c2e73b0,44.0618650650344,-121.32837927173438
The Oxford Hotel,Hotel,4bf58dd8d48988d1fa931735,4b60f27ef964a520f0022ae3,44.05774723907292,-121.31222228036508
The Jackalope Grill,French Restaurant,4bf58dd8d48988d10c941735,4ba172fcf964a520fdb737e3,44.036312103271484,-121.30547332763672
Palmer's Cafe,Breakfast Spot,4bf58dd8d48988d143941735,4c0a6e7535ac9c74559d85f7,44.059575550569825,-121.29626981283634
French Market,French Restaurant,4bf58dd8d48988d10c941735,5a43f6373b83074376aaefe1,44.054246,-121.323204
Monkless Brasserie,Brasserie,57558b36e4b065ecebd306b0,5dbca30ac16c9c0008fa9475,44.050115,-121.317643
Jack in the Box,Fried Chicken Joint,4d4ae6fc7a7b7dea34424761,4b5f2e25f964a52070ab29e3,44.05824573892851,-121.3030743598938
KFC,Fried Chicken Joint,4d4ae6fc7a7b7dea34424761,4bd72d6809ecb713934d467c,44.02811015739696,-121.31353503431768
Sunriver Brewing Company,Gastropub,4bf58dd8d48988d155941735,4ff642c4e4b01ead01c78edd,43.87273469836594,-121.43668860416739
Brother Jon’s Alehouse,Gastropub,4bf58dd8d48988d155941735,4f29990be4b0ea161e62ca99,44.05976461159611,-121.31157290996212
Pacific Pizza & Brew,Gastropub,4bf58dd8d48988d155941735,55c9e16a498e81c113dfa069,44.046065999999996,-121.33079
The Point Pub & Grill,Gastropub,4bf58dd8d48988d155941735,5e5d6ce985a0610007d8f977,44.057093,-121.313994
Bond Street Grill,Gastropub,4bf58dd8d48988d155941735,4d0d5c093905b1f7e9fc994b,44.059818,-121.31183899999999
Crux Fermentation Project,Brewery,50327c8591d4c4b30a586d5d,4fcaf8cee4b0499e2bbdbff3,44.05063003725495,-121.30789996482056
Deschutes Brewery Bend Public House,Brewery,50327c8591d4c4b30a586d5d,4adf5de8f964a520eb7921e3,44.05950670845125,-121.31148370315717
Pflueke,German Restaurant,4bf58dd8d48988d10d941735,5e61c31297e2f200086fb81c,44.05863952636719,-121.35494995117188
The Greek Chariot,Greek Restaurant,4bf58dd8d48988d10e941735,4bd36727caff9521ffd8d4f0,44.059383392333984,-121.3149642944336
Paperplane Project,Greek Restaurant,4bf58dd8d48988d10e941735,4e3c3c4552b1a04aff079a9b,44.052155,-121.314375
Aloha Café,Hawaiian Restaurant,52e81612bcbc57f1066b79fe,4b63490bf964a520d16f2ae3,44.055303960951655,-121.26329354651885
Dakine Grindz,Food Truck,4bf58dd8d48988d1cb941735,4c9fd2acd3c2b60ca515d8bc,44.051140999999994,-121.313147
Mauna Kea Grill Food Truck,Hawaiian Restaurant,52e81612bcbc57f1066b79fe,538fcd07498e1eb4651bc73c,44.057334581837026,-121.32691131462656
Mauna Kea Grill,Hawaiian Restaurant,52e81612bcbc57f1066b79fe,51b9d644498e55622f02b85b,44.05125657117465,-121.30862691424177
Poke Row,Poke Place,5bae9231bedf3950379f89d4,5ec9ec63ee7fb800086ce826,44.058697,-121.35472
Baskin-Robbins,Ice Cream Shop,4bf58dd8d48988d1c9941735,4e4e453bbd4101d0d7a679e1,44.061383,-121.301969
Chicago Hot Dog & Italian Style Beef,Hot Dog Joint,4bf58dd8d48988d16f941735,4b80a5bef964a5206d8330e3,44.06132507324219,-121.30204772949219
Mantra Indian Kitchen and Tap Room,Indian Restaurant,4bf58dd8d48988d10f941735,5916683dccad6b47805a1c14,44.057159,-121.313935
Spice Box,Indian Restaurant,4bf58dd8d48988d10f941735,4be3199d1dd22d7f36b795bd,44.04992,-121.33228600000001
The Wine Shop and Beer Tasting Bar,Wine Shop,4bf58dd8d48988d119951735,4bd78deb35aad13a0e418ff3,44.057867029238714,-121.31270867328408
Jamba Juice,Juice Bar,4bf58dd8d48988d112941735,4b636360f964a52048762ae3,44.056085,-121.264945
Got Chi,Juice Bar,4bf58dd8d48988d112941735,51f57f158bbd65ad2e034f8b,44.05964279174805,-121.30149841308594
Fix & Repeat,Juice Bar,4bf58dd8d48988d112941735,5b1fe633acc5f5002cc9c80e,44.051224,-121.315023
emerald city smoothie,Juice Bar,4bf58dd8d48988d112941735,56a9157a498e21f1aad58b07,44.060152,-121.294999
Mothers,Juice Bar,4bf58dd8d48988d112941735,591612fae57ca6461b6426e4,44.058094,-121.3127
NEON Energy Drink,Juice Bar,4bf58dd8d48988d112941735,51c30f86454a3c531c22f793,44.03042984008789,-121.30410766601562
Hola! Sunriver,Peruvian Restaurant,4eb1bfa43b7b52c0e1adc2e8,4d86a5da02eb54816e845cf5,43.88721334826075,-121.45533004908685
The Wallow Bar & Grill,American Restaurant,4bf58dd8d48988d14e941735,54af3b4f498e18b8bcdd8906,43.86263121743506,-121.45799164886877
Cascade Lakes Brewing,Brewery,50327c8591d4c4b30a586d5d,4af1f6baf964a520cfe421e3,44.04165970881479,-121.33271052361717
Taqueria,Mexican Restaurant,4bf58dd8d48988d1c1941735,59b30fe61499466c7a9aa6b2,44.05494,-121.266061111111
Mexi-Fresh & More,Mexican Restaurant,4bf58dd8d48988d1c1941735,51145a5de4b0b468b7100b71,44.020408630371094,-121.31700897216797
Si Señor,Mexican Restaurant,4bf58dd8d48988d1c1941735,53b1abd6498e4de5ea83fe61,44.026095,-121.312723
Mazatlan,Mexican Restaurant,4bf58dd8d48988d1c1941735,4bc3bbceb492d13a293aa960,44.031019377201154,-121.3108332392573
Baltazar's,Mexican Restaurant,4bf58dd8d48988d1c1941735,4c1c31c2eac020a1e33b46c2,44.050106,-121.333357
Taco Del Mar,Mexican Restaurant,4bf58dd8d48988d1c1941735,4bcf49ed462cb7130c6ad607,44.04675320001543,-121.33117580643528
Rigoberto's Taco Shop,Mexican Restaurant,4bf58dd8d48988d1c1941735,4f321ae219836c91c7b65b25,44.056404,-121.33146599999999
Sol Verde,Mexican Restaurant,4bf58dd8d48988d1c1941735,59249b93bcbf7a2c9b100474,44.056847,-121.32764
Sabor A Mi,Mexican Restaurant,4bf58dd8d48988d1c1941735,51633fd3e4b0dd2037993bce,44.047340000000005,-121.30229299999999
Los Jalapeno's Downtown,Restaurant,4bf58dd8d48988d1c4941735,56ed32d7498e8a77dd52c3ed,44.05702590942383,-121.3139877319336
Super Burrito,Burrito Place,4bf58dd8d48988d153941735,4b57cdb0f964a520e54128e3,44.06073203378628,-121.31283339854862
Baja Fresh,Burrito Place,4bf58dd8d48988d153941735,4b8adba5f964a520ad8532e3,44.059194,-121.302212
Los Jalapenos Downtown,Burrito Place,4bf58dd8d48988d153941735,56eca30dcd10c4efe1b20990,44.056978,-121.31395
Sol Verde,Food Truck,4bf58dd8d48988d1cb941735,50070828e4b09eefeacc4b58,44.05613590135914,-121.32721025327722
DelTaco,Taco Place,4bf58dd8d48988d151941735,4ba00a9ff964a520e15437e3,44.043977534269274,-121.3021734015203
Worthy Brewing Taps & Tacos,Taco Place,4bf58dd8d48988d151941735,5b32cc9db6b04b002c9d540e,44.058479,-121.315536
JC's Bar And Grill,Bar,4bf58dd8d48988d116941735,4bccaaeeb6c49c74d7299491,44.057967016285744,-121.31455998456016
Vida y Tacos,Taco Place,4bf58dd8d48988d151941735,5dd756b0ed00dd00089cc4a4,44.04709243774414,-121.32982635498047
Parrilla Grill,Mexican Restaurant,4bf58dd8d48988d1c1941735,58f511ba829b0c305859983c,44.060152,-121.294999
Tacos Pihuamo,Taco Place,4bf58dd8d48988d151941735,524b545411d2b850d71d85fb,44.040822,-121.303289
Longboard Louie's Eastside,Mexican Restaurant,4bf58dd8d48988d1c1941735,4b83462cf964a520310031e3,44.05472716842811,-121.27047704518623
Tortilleria Reyes,Mexican Restaurant,4bf58dd8d48988d1c1941735,4bbf825b920eb713d374172c,44.037454,-121.306448
A La Carte @The Lot,Taco Place,4bf58dd8d48988d151941735,59e677f8e1f0aa76838dac64,44.05732685809866,-121.32698526855235
Está Bien!,Taco Place,4bf58dd8d48988d151941735,548b6e37498e4f089daa5a04,44.053689,-121.309045
El Sancho Taco Shop,Taco Place,4bf58dd8d48988d151941735,5eeac01b7bfc2900089b37c7,44.056801,-121.329919
Spicy Farts,Tex-Mex Restaurant,56aa371ae4b08b9a8d5734ba,56ecd901498e353285f15048,44.03331,-121.336786
McMenamins Old St. Francis School,Brewery,50327c8591d4c4b30a586d5d,4af1f7e6f964a520dbe421e3,44.056748894995785,-121.31446873259247
Fireside Bar,Bar,4bf58dd8d48988d116941735,4e4c46b3bd413c4cc6682866,44.05682035727792,-121.31433867798363
Marcello's Cucina Italiana,Italian Restaurant,4bf58dd8d48988d110941735,4b6a2c54f964a52086cb2be3,43.871841194846574,-121.43570248029181
Papa Murphy's | Take 'N' Bake Pizza,Pizza Place,4bf58dd8d48988d1ca941735,587424ae76f2ca2fe2c01229,44.0545913740806,-121.27155204442434
10 Barrel Brewing Company,Brewery,50327c8591d4c4b30a586d5d,4af1f75ef964a520d5e421e3,44.05649117010969,-121.32850822229915
Little Caesars Pizza,Pizza Place,4bf58dd8d48988d1ca941735,4d8407e8f9f3a1cd96caad64,44.038243,-121.30389
Bronx Born Pizza,Pizza Place,4bf58dd8d48988d1ca941735,5ac2dbafc21cb14a2740d6d8,44.056453999999995,-121.32701100000001
Bend Pizza Kitchen,Restaurant,4bf58dd8d48988d1c4941735,5804888238fa9273f81bc384,44.05869485045466,-121.35588169097899
Raganelli's,Pizza Place,4bf58dd8d48988d1ca941735,57141cdd498eaa8b79d16b7b,44.0554084777832,-121.26299285888672
Cibelli's Pizza Westside,Pizza Place,4bf58dd8d48988d1ca941735,4e27a2d0ae60078b2fc3b6aa,44.05731406878263,-121.32621496960289
Papa Murphy's,Pizza Place,4bf58dd8d48988d1ca941735,4bd78bc309ecb713f433477c,44.02058181346879,-121.3155095299832
Cibellis Pizza,Pizza Place,4bf58dd8d48988d1ca941735,4e629b4de4cdf1e2bf626e29,44.024169921875,-121.3156509399414
Cibelli's,Pizza Place,4bf58dd8d48988d1ca941735,4b99b4eaf964a5204d8d35e3,44.05720353126526,-121.32624811
Fire,Pizza Place,4bf58dd8d48988d1ca941735,551455b2498edf209236901c,44.057206823269766,-121.31413646160658
Big Skis Perogis,Polish Restaurant,52e81612bcbc57f1066b7a04,55d1549c498ecd3545abd7fb,44.050862,-121.329579
Joolz,Middle Eastern Restaurant,4bf58dd8d48988d115941735,4ab5a5cef964a520c07520e3,44.05907893135357,-121.31397414403801
Rockin' Daves,Bagel Shop,4bf58dd8d48988d179941735,4c0fce69ce640f4778e73852,44.059827275465885,-121.29610877842586
Cafe Sintra,Mediterranean Restaurant,4bf58dd8d48988d1c0941735,4b896aebf964a520563432e3,44.05924574831739,-121.31174569944221
Hola! Downtown,Peruvian Restaurant,4eb1bfa43b7b52c0e1adc2e8,4f70ce66e4b0ba3d454c6fa3,44.05820238362594,-121.31279990482474
Olde Towne Pizza,Pizza Place,4bf58dd8d48988d1ca941735,4bb41cfd87aa9521b4f0acd1,44.06006778616384,-121.30900336453753
Taqueria Los Jalapenos,Mexican Restaurant,4bf58dd8d48988d1c1941735,4be2286021d5a593790c1611,44.05964433976161,-121.2970219787161
Cafe Yumm!,Restaurant,4bf58dd8d48988d1c4941735,5901d9a89746172d9d4e0953,44.06515824185538,-121.26589983745362
Jackalope Grill,French Restaurant,4bf58dd8d48988d10c941735,4fed052ce4b0f34ae60d1ca1,44.058026,-121.31131599999999
Super Burrito Eastside,Mexican Restaurant,4bf58dd8d48988d1c1941735,4c5b58756ebe2d7fd64acd2e,44.05547149459376,-121.27164008926279
El Caporal,Mexican Restaurant,4bf58dd8d48988d1c1941735,4b747369f964a52072dd2de3,44.0530835,-121.263382
Jake's Diner,Diner,4bf58dd8d48988d147941735,4bcc9754cc8cd13a3932c1cf,44.05631594430765,-121.27052928414314
IHOP,Breakfast Spot,4bf58dd8d48988d143941735,4c0bcf10340720a1859f8893,44.084099,-121.305313
Baldy's BBQ,BBQ Joint,4bf58dd8d48988d1df931735,4cab7798d971b1f7dc432be1,44.05649982044422,-121.26408492189303
Blondie's,Pizza Place,4bf58dd8d48988d1ca941735,4bb3a28214cfd13a1e5416ab,43.87375653265981,-121.43480604133559
Hot Lava Baking & Coffee Company,Bakery,4bf58dd8d48988d16a941735,53b6e5b3498ee296db52c7c4,43.87455659154017,-121.43661269772868
Taco Salsa,Mexican Restaurant,4bf58dd8d48988d1c1941735,4babfacef964a5203ddb3ae3,44.056404,-121.33146599999999
Kona Mix Plate,Hawaiian Restaurant,52e81612bcbc57f1066b79fe,4c5b5f5a9b28d13af91f5470,44.04413246068334,-121.31420443424871
Pour House Grill,New American Restaurant,4bf58dd8d48988d157941735,51c4b1d0498e92267991b466,44.024583523967465,-121.31458640098572
Bluebird Coffee Company,Café,4bf58dd8d48988d16d941735,51afa59d498e43e837e50b53,44.05751168145968,-121.31371282632087
Bend Sushi / TOMO Japanese Restaurant,Sushi Restaurant,4bf58dd8d48988d1d2941735,4bf74efbc07c9c74d09ebbef,44.020740796605175,-121.31548289130733
Parilla's Grille in Bend,Restaurant,4bf58dd8d48988d1c4941735,53bac90ae4b0c5af6272baf1,44.05644607543945,-121.33228302001953
Versante Pizza,Pizza Place,4bf58dd8d48988d1ca941735,51d4ccd5498e518d61c53b3c,44.0566169311786,-121.32687693421751
Scoutpost,Food Truck,4bf58dd8d48988d1cb941735,57db6458498e24906d45f04a,44.05657829158124,-121.32739063097627
La Rosa Modern Mexican Kitchen,Mexican Restaurant,4bf58dd8d48988d1c1941735,5075c51839500be62abc2298,44.00917510711001,-121.34470572922383
Brown Owl Bar,New American Restaurant,4bf58dd8d48988d157941735,574a8443498e18da8fac1be6,44.05058190191783,-121.31526802493747
DRAKE,Gastropub,4bf58dd8d48988d155941735,51803277e4b0371cad5cdd91,44.05827010197337,-121.31522274190036
Chow,Breakfast Spot,4bf58dd8d48988d143941735,4b589ff6f964a5200a6228e3,44.06252290209704,-121.32799989125611
Victorian Cafe,Breakfast Spot,4bf58dd8d48988d143941735,4b9be7cef964a520233436e3,44.056932179685184,-121.33208291381112
Longboard Louie's,Mexican Restaurant,4bf58dd8d48988d1c1941735,4b29a626f964a5201aa224e3,44.05680263983955,-121.33007595373599
Pacific Pizza and Brew,Pizza Place,4bf58dd8d48988d1ca941735,55885dec498e4e0b33b56c1c,44.04609240346452,-121.33079974197263
Pizza Mondo,Pizza Place,4bf58dd8d48988d1ca941735,4b36e895f964a520113e25e3,44.05838092075055,-121.31503592071913
La Rosa Modern Mexican Kitchen,Mexican Restaurant,4bf58dd8d48988d1c1941735,4b87486ff964a52009ba31e3,44.05870249992502,-121.35635917414697
5 Fusion & Sushi Bar,Sushi Restaurant,4bf58dd8d48988d1d2941735,4b2458a5f964a5203f6624e3,44.058454422577455,-121.31498479842081
Big O Bagel,Bagel Shop,4bf58dd8d48988d179941735,4bc75d8caf07a593a90a7f2d,44.05680298962752,-121.32735447730003
Kanpai,Sushi Restaurant,4bf58dd8d48988d1d2941735,4b888b63f964a520a3ff31e3,44.0625795248946,-121.32610244481722
Ariana,New American Restaurant,4bf58dd8d48988d157941735,4bb29b5b14cfd13a223515ab,44.056834,-121.33036299999999
Seasons,New American Restaurant,4bf58dd8d48988d157941735,4c8ae4423dc2a1cd6076b132,43.995811462402344,-121.39407348632812
El Sancho Taco Shop,Taco Place,4bf58dd8d48988d151941735,55aefb53498e317b586b1361,44.05398362335175,-121.30163903821182
Dang's Vietnamese Restaurant,Vietnamese Restaurant,4bf58dd8d48988d14a941735,5186ec50498e5317910d7bb0,44.038158,-121.30278100000001
Sparrow Bakery NWX,Bakery,4bf58dd8d48988d16a941735,53c829a9498e69023fd499f9,44.059011558341396,-121.35534630019364
Chipotle Mexican Grill,Mexican Restaurant,4bf58dd8d48988d1c1941735,5604d373498e5cc562b08e4a,44.055194882872016,-121.30288882880131
Mod Pizza,Pizza Place,4bf58dd8d48988d1ca941735,57391781498ea29b0cc44465,44.05185871,-121.31093447
The Lot,Food Truck,4bf58dd8d48988d1cb941735,520d423e11d265c34d7ea4d6,44.05737584209354,-121.3269699043701
Sweetheart Donuts,Donut Shop,4bf58dd8d48988d148941735,52d56e4d11d21c26f3a313a1,44.048072,-121.302218
El Rodeo,Mexican Restaurant,4bf58dd8d48988d1c1941735,4bb541f346d4a59389d3c4c0,44.042775,-121.302826
Bangers and Brews,Hot Dog Joint,4bf58dd8d48988d16f941735,57362927498ed78861b6b7bf,44.04805326345537,-121.3297859437491
Chan's Chinese,Chinese Restaurant,4bf58dd8d48988d145941735,4b64ed6ff964a5204fda2ae3,44.04056468469439,-121.30395060727307
Z Pizza Tap,Pizza Place,4bf58dd8d48988d1ca941735,5b5d35828a4cf5003be47fd1,44.039055,-121.33631
Hideaway Tavern,American Restaurant,4bf58dd8d48988d14e941735,5079b4cfe4b065f1dd6daf03,44.04091980916264,-121.30438172013504
Domino's Pizza,Pizza Place,4bf58dd8d48988d1ca941735,4d41f0dfaed776eb2fb46997,44.04475924134484,-121.30332380533218
Five Guys,Burger Joint,4bf58dd8d48988d16c941735,567b6ec3498ec5eaef4b0908,44.0552192,-121.3027934
Level 2,Restaurant,4bf58dd8d48988d1c4941735,4c880eca0f3c236a14cdef5c,44.04661811196143,-121.31479392494286
Richard's Donuts,Donut Shop,4bf58dd8d48988d148941735,4ba10bdef964a5203e9237e3,44.03118460481259,-121.31052965255098
Black Bear Diner,Diner,4bf58dd8d48988d147941735,5490bde1498e482af82394a8,44.06465659237066,-121.30278228256928
The Original Pancake House,Breakfast Spot,4bf58dd8d48988d143941735,4b415811f964a520a0c525e3,44.04237676604859,-121.33032979768866
Mongolian BBQ,BBQ Joint,4bf58dd8d48988d1df931735,4bd8fd5ce914a593356955fa,44.0340842995218,-121.30863392262552
CHI Chinese and Sushi Bar,Asian Restaurant,4bf58dd8d48988d142941735,558b84eb498ee09576238b4b,44.06108264796234,-121.31383869511446
Abby's Legendary Pizza,Pizza Place,4bf58dd8d48988d1ca941735,4bad56abf964a520b4473be3,44.061271,-121.302924
Dandy's Drive In,Burger Joint,4bf58dd8d48988d16c941735,4b82f096f964a52068ee30e3,44.063609115374966,-121.30215809274263
Nancy Ps Baking Company,Bakery,4bf58dd8d48988d16a941735,4af32418f964a5200eeb21e3,44.06177747725671,-121.32747897943564
Pappy's Pizza,Pizza Place,4bf58dd8d48988d1ca941735,4c5382d8f5f3d13a40969bf8,44.033008,-121.310759
Red Robin Gourmet Burgers and Brews,Burger Joint,4bf58dd8d48988d16c941735,4bcceb7a511f952176eeb3c7,44.04409609,-121.3155708
Zydeco Kitchen & Cocktails,Cajun / Creole Restaurant,4bf58dd8d48988d17a941735,4af0f938f964a5205ce021e3,44.058599639541015,-121.31281222334668
Pine Tavern,American Restaurant,4bf58dd8d48988d14e941735,4b382f54f964a5209c4c25e3,44.0599826648861,-121.31393184300236
900 Wall Restaurant & Bar,New American Restaurant,4bf58dd8d48988d157941735,4ad6a0a5f964a520090821e3,44.058804347345315,-121.31407933130149
Pastini Pastaria,Italian Restaurant,4bf58dd8d48988d110941735,4b5cbf6ff964a520f84129e3,44.047025700436144,-121.31554121478587
Cibelli's Pizza Eastside,Pizza Place,4bf58dd8d48988d1ca941735,4b74630cf964a52047d92de3,44.054621766253184,-121.27234706789697
Mother's Juice Cafe,Juice Bar,4bf58dd8d48988d112941735,503682d8e4b0c5e43dd09a84,44.05467274150065,-121.27081265695341
Toomie's,Thai Restaurant,4bf58dd8d48988d149941735,4b6ce88ef964a520145d2ce3,44.05851294706848,-121.31358786280691
10below Restaurant,Restaurant,4bf58dd8d48988d1c4941735,4b6e2391f964a52024ad2ce3,44.057790520524414,-121.31232120774601
Trattoria Sbandati,Italian Restaurant,4bf58dd8d48988d110941735,4bbf712a82a2ef3b45cd2cd2,44.06305694580078,-121.33748626708984
Subway,Sandwich Place,4bf58dd8d48988d1c5941735,4e4de5b9bd41b76bef95039c,43.99202419919916,-121.33636067363943
Subway,Sandwich Place,4bf58dd8d48988d1c5941735,53d701f4498e4733c1323fc6,43.8668329253027,-121.43610073739347
the pour house,American Restaurant,4bf58dd8d48988d14e941735,58646656debdf61595f9580f,44.024941319334076,-121.31396609364373
Sparrow Bakery,Bakery,4bf58dd8d48988d16a941735,4b6b20aef964a520a0f42be3,44.05056739069744,-121.30458243586519
Hot Lava Bakery,Bakery,4bf58dd8d48988d16a941735,4b771825f964a520c07c2ee3,43.87433517552029,-121.43683160131977
Subway,Sandwich Place,4bf58dd8d48988d1c5941735,4b5e19baf964a520987d29e3,44.05514097705935,-121.26233382209017
Subway (South),Sandwich Place,4bf58dd8d48988d1c5941735,4bd5fca57b1876b01fc28b86,44.02562926792838,-121.31405379380539
Jimmy John's,Sandwich Place,4bf58dd8d48988d1c5941735,53d28a27498e619958751e60,44.05440073574141,-121.26500177022449
McDivot's Café  at the Woodlands,Sandwich Place,4bf58dd8d48988d1c5941735,4c76e0f85cd6b1f741503d94,43.90307188322139,-121.43312862678945
Village Baker,Bakery,4bf58dd8d48988d16a941735,4bad4548f964a52051403be3,44.05038468976064,-121.33282257967701
Flatbread Neapolitan Pizzeria,Sandwich Place,4bf58dd8d48988d1c5941735,4bb55bf42ea19521e56baa2f,44.047045435373796,-121.31550100642298
Jersey Mike's Subs,Sandwich Place,4bf58dd8d48988d1c5941735,5446bc8d498e934ca659e1a4,44.049268,-121.332714
Jersey Mike's Subs,Sandwich Place,4bf58dd8d48988d1c5941735,55fdebdb498e739559214e2d,44.055191,-121.30294099999999
Planker Sandwiches,Sandwich Place,4bf58dd8d48988d1c5941735,4debe28718386283a40add3f,44.058358908352986,-121.31464225678555
Jimmy Johns Gourmet Sandwiches,Sandwich Place,4bf58dd8d48988d1c5941735,4d0009ceffcea14337e72a91,44.04702472075828,-121.31458060776414
New York City Sub Shop - Midtown Bend,Sandwich Place,4bf58dd8d48988d1c5941735,4f3da719e4b0a3644d6ef284,44.057461515700126,-121.30147496391031
Subway,Sandwich Place,4bf58dd8d48988d1c5941735,4c2b9b79d1a10f470537f864,44.048129245585606,-121.33090735581129
Primal Cuts Meat Market,Sandwich Place,4bf58dd8d48988d1c5941735,4e56faa714955ace3036afd0,44.056834569044995,-121.32974870457144
East Village Baker,Bakery,4bf58dd8d48988d16a941735,4c0d42bfd64c0f475b71265d,44.054088,-121.26681799999999
Zeppa Bistro,Sandwich Place,4bf58dd8d48988d1c5941735,4c017177f7ab0f47262116b6,43.85366,-121.43819868564606
Great Harvest Bread Company - Bend,Bakery,4bf58dd8d48988d16a941735,4b69db7df964a52081b82be3,44.05795482438697,-121.31361245180257
New York City Sub Shop,Sandwich Place,4bf58dd8d48988d1c5941735,4bc8e170511f9521a692acc7,44.06218855381165,-121.32751289143187
Tate & Tate Catering,Breakfast Spot,4bf58dd8d48988d143941735,4d6ff05227316ea8c459b7aa,44.058721000000006,-121.35589499999999
Jimmy John's,Sandwich Place,4bf58dd8d48988d1c5941735,514213c53d7ca5b4135aa767,44.04708480834961,-121.31466674804688
Supervillain Sandwiches & Deli,Sandwich Place,4bf58dd8d48988d1c5941735,533b2126498eddc964081d9e,44.059425995106345,-121.31166240796892
Subway,Sandwich Place,4bf58dd8d48988d1c5941735,4bd208239854d13a9fcafa4d,44.02558135986328,-121.31415557861328
Subway,Sandwich Place,4bf58dd8d48988d1c5941735,4bca3feecc8cd13aa957bdcf,44.05885577201843,-121.3128101
Anthony's at the Old Mill,Seafood Restaurant,4bf58dd8d48988d1ce941735,4b776985f964a520bd982ee3,44.04533830858242,-121.31583126160265
Fricken Faco,Seafood Restaurant,4bf58dd8d48988d1ce941735,5c1121bbcabcff002cf4f8c4,44.05733230076203,-121.32698356142288
Kayo's Dinner House & Lounge,Restaurant,4bf58dd8d48988d1c4941735,4d48a81183eda1cdd913a0b1,44.054384000000006,-121.30314399999999
Roszaks Fish House,Seafood Restaurant,4bf58dd8d48988d1ce941735,4cb3a22475ebb60c3378ddad,44.06245723037078,-121.30104660987854
Expressway,Snack Place,4bf58dd8d48988d1c7941735,4b5df2a2f964a520757529e3,44.037048812761476,-121.28402769168035
Bellatazza,Café,4bf58dd8d48988d16d941735,4b5a19a2f964a5202fad28e3,44.05893355950511,-121.31441917037183
Fred Meyer Fuel Center,Snack Place,4bf58dd8d48988d1c7941735,59243e672aff3136eedd4e91,44.03355897296667,-121.3083047081455
Worthy Brewing Company,Brewery,50327c8591d4c4b30a586d5d,50d0d422e4b0707f73d3da90,44.05548235581616,-121.2607791801257
Cafe Sintra,Restaurant,4bf58dd8d48988d1c4941735,4b5c8b0bf964a520893529e3,43.871773109876784,-121.43565135287113
Jackson's Corner,Café,4bf58dd8d48988d16d941735,4b58b292f964a520376628e3,44.053023308197396,-121.31864249958176
Phở Việt & Café,Vietnamese Restaurant,4bf58dd8d48988d14a941735,4d3ce5ac14aa8cfa9670ae5e,44.06344529812169,-121.30236607279403
Croutons,Soup Place,4bf58dd8d48988d1dd931735,5155f57ee4b0be226b78fda9,44.060133096186306,-121.29745760671553
Wild Rose Northern Thai Eats,Thai Restaurant,4bf58dd8d48988d149941735,52a7831a498e5e0f1adc67c8,44.059512355415215,-121.31296157721877
Noi,Thai Restaurant,4bf58dd8d48988d149941735,505bb453e4b0236a2689ff75,44.05764224854256,-121.31362751897016
Croutons,Soup Place,4bf58dd8d48988d1dd931735,4ba6973bf964a520006139e3,44.046972968728745,-121.33188710959936
Bad Wolf Bakery & Bistro,Bistro,52e81612bcbc57f1066b79f1,54a5839c498ec7c2c38cb5e9,44.0608044749988,-121.31281104589775
Café Yumm!,New American Restaurant,4bf58dd8d48988d157941735,4c61beb0fa7bc9286e7c0c27,44.047254645517434,-121.31547959943734
Szechuan,Chinese Restaurant,4bf58dd8d48988d145941735,4bbe2586b42aef3be67c4bc3,44.066154418739856,-121.30204236654424
Merchant Trader,Deli / Bodega,4bf58dd8d48988d146941735,4e838544be7b87d6aba988be,43.87403004356876,-121.4466267045592
Mother’s Juice Cafe,Soup Place,4bf58dd8d48988d1dd931735,4a918ecaf964a520b01a20e3,44.05647018266643,-121.32990919682221
The Bend Soup Company,Soup Place,4bf58dd8d48988d1dd931735,52224d3611d2f18f8da8c990,44.0507375546797,-121.33163452148436
Sweet Saigon,Vietnamese Restaurant,4bf58dd8d48988d14a941735,51252e9de4b098bb724677bd,44.05923052162687,-121.31420978362206
Soupcon,Soup Place,4bf58dd8d48988d1dd931735,4be07081854f95211c972ba5,44.0597310770373,-121.3104365356214
The Downtowner Sammich & Libations,Sandwich Place,4bf58dd8d48988d1c5941735,4ea09b3602d519a3db0bc302,44.05900573730469,-121.31272888183594
Cuban Kitchen,Spanish Restaurant,4bf58dd8d48988d150941735,5ad63754a92d981509675cb5,44.0498966,-121.3325931
Hola! Old Mill District,Mexican Restaurant,4bf58dd8d48988d1c1941735,4bc91e37cc8cd13a1a29bbcf,44.04442580363188,-121.3146242348036
Barrio,Tapas Restaurant,4bf58dd8d48988d1db931735,4f4fddcee4b0db3298a1bfca,44.05928316,-121.31427141
Craft Kitchen & Brewery,Brewery,50327c8591d4c4b30a586d5d,5580f081498e758a747afdc5,44.04982636352386,-121.31804598267291
Taj Palace,Indian Restaurant,4bf58dd8d48988d10f941735,4bb26594eb3e9521baf7c90a,44.05921579799155,-121.31405593648476
Greg's Grill,Steakhouse,4bf58dd8d48988d1cc941735,4ae3b97bf964a5207a9821e3,44.04663691184083,-121.31569317530398
"The Blacksmith Restaurant, Bar & Lounge",Steakhouse,4bf58dd8d48988d1cc941735,4a90deb4f964a520a71920e3,44.05950740575755,-121.31045176978296
Brickhouse,Steakhouse,4bf58dd8d48988d1cc941735,518d8a78498e4c69921d1068,44.057708758532065,-121.31225959030387
Bos Taurus,Steakhouse,4bf58dd8d48988d1cc941735,591d1ba31fa76329bdbad85f,44.058612,-121.31418799999999
Brickhouse Steak and Raw Bar,Steakhouse,4bf58dd8d48988d1cc941735,4d0da0c080105481e2e51f96,44.04997468309765,-121.31807290072186
Brew Dr. Teahouse - Bend,Tea Room,4bf58dd8d48988d1dc931735,4b297679f964a520469f24e3,44.05799182561966,-121.31356071494896
Thump Coffee,Tea Room,4bf58dd8d48988d1dc931735,4afdfc69f964a520be2c22e3,44.057766,-121.312511
TeaCupFuls,Tea Room,4bf58dd8d48988d1dc931735,5a53c12efc9e9447dc04fa43,44.0088974,-121.3448633
Top Leaf Mate Bar,Tea Room,4bf58dd8d48988d1dc931735,4b9e6df4f964a52000e336e3,44.05764877796173,-121.312862
Spork,Vegetarian / Vegan Restaurant,4bf58dd8d48988d1d3941735,4b630940f964a520f85e2ae3,44.062253608167076,-121.32588531712545
Life & Time,Vegetarian / Vegan Restaurant,4bf58dd8d48988d1d3941735,5c428506c36588002df55a36,44.047397,-121.33113
Kebaba Restaurant,Vegetarian / Vegan Restaurant,4bf58dd8d48988d1d3941735,4b60a55df964a52016f229e3,44.062617006778595,-121.3264601638375
Laughing Planet Café,Vegetarian / Vegan Restaurant,4bf58dd8d48988d1d3941735,53d7277b498ea7f4304ecc4e,44.05916616560782,-121.30285655113103
Parrilla Grill,Vegetarian / Vegan Restaurant,4bf58dd8d48988d1d3941735,4b884e9af964a5200eee31e3,44.05637914268897,-121.33197756662258
Bethlyn's Global Fusion,Vegetarian / Vegan Restaurant,4bf58dd8d48988d1d3941735,53dacf47498ed105446c2a97,44.06228412708773,-121.32729581076916
Next Level Burger,Vegetarian / Vegan Restaurant,4bf58dd8d48988d1d3941735,53c1cd1b498e7716d20bfc6e,44.05055003097725,-121.33058889784627
Salud Raw Food,Vegetarian / Vegan Restaurant,4bf58dd8d48988d1d3941735,52570d7211d2561a7306edd5,44.05655,-121.312871
Sarah's Raw & Vegan Cafe,Vegetarian / Vegan Restaurant,4bf58dd8d48988d1d3941735,4f8889e0e4b07f1a3496af3e,44.052085876464844,-121.31455993652344
Village Bar & Grill,American Restaurant,4bf58dd8d48988d14e941735,4bb4f1390fb7b713c4b6bf8a,43.87376157904684,-121.4360871660615
The Row,Cocktail Bar,4bf58dd8d48988d11e941735,5709ce5c498e59c71fd94b44,44.02481540756313,-121.36565035824722
Twisted River Tavern,Hotel Bar,4bf58dd8d48988d1d5941735,4ba312d7f964a520aa2a38e3,43.873915588308094,-121.44653585693116
Bend Brewing Company,Wings Joint,4bf58dd8d48988d14c941735,4b3aaf26f964a520a36c25e3,44.06045985971167,-121.31387969394395
The Phoenix Restaurant,American Restaurant,4bf58dd8d48988d14e941735,4bf2e3c8706e20a1dc9aa798,44.05609324465558,-121.26242246343824
Broken Top Bottle Shop & Ale Cafe,Pub,4bf58dd8d48988d11b941735,4f2ddb23e4b0620357138991,44.06335904365401,-121.33894428587917
Brother Jon's Public House,Pub,4bf58dd8d48988d11b941735,4b4eb5d8f964a52068f426e3,44.05651575101452,-121.32936953022183
Sidelines Sports Bar & Grill,Sports Bar,4bf58dd8d48988d11d941735,4b21c5e6f964a520424124e3,44.05984398172504,-121.31291121514028
Baldy's Barbecue,BBQ Joint,4bf58dd8d48988d1df931735,4b43ff0ef964a520d4ef25e3,44.04818893828826,-121.33221975901196
Chicken Bonz,Wings Joint,4bf58dd8d48988d14c941735,54d97d21498e88206d214fc5,44.049268,-121.332714
Hardy's Hamburgers and Ice Cream,Wings Joint,4bf58dd8d48988d14c941735,4bdc8904c79cc928b10187e9,44.052927657881085,-121.3022145423519
Cobalt,Asian Restaurant,4bf58dd8d48988d142941735,4d54afb2e7f1a1cd8029f2a4,44.059026174759474,-121.31479878139392
Tumalo Feed Company Steakhouse & Saloon,American Restaurant,4bf58dd8d48988d14e941735,4bba970f3db7b713a988239a,44.14622182887343,-121.33246923364719
CURRENTS at the Riverhouse,American Restaurant,4bf58dd8d48988d14e941735,57c7997a498e9ad24b1e4a98,44.07903,-121.305174
Applebee's Grill + Bar,American Restaurant,4bf58dd8d48988d14e941735,4bcb63f70687ef3b15a3ddcc,44.08438618,-121.3062374
"Les Schwab, OK Cafe",American Restaurant,4bf58dd8d48988d14e941735,4d3892a1fe80a1cdb939869f,44.11150946272561,-121.27894882230477
Underdog's,American Restaurant,4bf58dd8d48988d14e941735,51301e1fe4b02c44500460fc,44.272938,-121.17444
Cafe Yumm,New American Restaurant,4bf58dd8d48988d157941735,54de5c15498e0b92f865ad2c,44.06544621153282,-121.26587679255488
big o country nook,New American Restaurant,4bf58dd8d48988d157941735,56e5bb6a498ef7fc8a0e7441,44.278883098615125,-121.17354300766515
Currents at Riverhouse,New American Restaurant,4bf58dd8d48988d157941735,57698c99cd1017c065731424,44.087117,-121.308107
Panda Express,Chinese Restaurant,4bf58dd8d48988d145941735,4eff63300aaffcf6f40973a7,44.10418080664046,-121.2988755166685
yi's wok,Szechuan Restaurant,52af3b773cf9994f4e043c03,58223dc0c0633a2cd22c1e7d,44.281354,-121.174561
Sora Sushi,Sushi Restaurant,4bf58dd8d48988d1d2941735,5d16b61b6d22da002fab8b96,44.240472,-121.194404
Kyoto Japanese Garden,Japanese Restaurant,4bf58dd8d48988d111941735,4f3284eb19836c91c7dfb8b5,44.266937255859375,-121.17916870117188
Orchid Thai,Thai Restaurant,4bf58dd8d48988d149941735,5892bd04561ded434d3f43f3,44.06907653808594,-121.3056411743164
Thai O Restaurant,Thai Restaurant,4bf58dd8d48988d149941735,4c3d10dc980320a10c9b8be4,44.26689160813909,-121.17880146287627
The Pho House,Vietnamese Restaurant,4bf58dd8d48988d14a941735,512bca2de4b08ef073a4b21f,44.260297,-121.178201
Saigon Village,Vietnamese Restaurant,4bf58dd8d48988d14a941735,4bb4fe5162fca5934c3bf17e,44.267515540122986,-121.178907
The Pickled Pig BBQ & Cafe,BBQ Joint,4bf58dd8d48988d1df931735,56a431bd498e88419b776462,44.09228515625,-121.20301055908203
Big O Bagels,Bagel Shop,4bf58dd8d48988d179941735,5634fa66498e2654642aa378,44.084286,-121.26454
Perk Avenue Drive Up,Bagel Shop,4bf58dd8d48988d179941735,4bbdef4a078095214625db91,44.08363881741504,-121.30503627151145
Fred Meyer,Supermarket,52f2ab2ebcbc57f1066b8b46,4b50b441f964a520642e27e3,44.2676322,-121.1767909
Franz Family Bakeries Outlet Store,Bakery,4bf58dd8d48988d16a941735,4dc59943e4cd169dc65140b5,44.068208,-121.303607
Delectable Delights Homemade Creations,Bakery,4bf58dd8d48988d16a941735,57872db7498e24ddd479eccb,44.26107555606037,-121.17731094360352
Jim's kitchen,Bistro,52e81612bcbc57f1066b79f1,53e7af2d498ecbb68d421463,44.265664391194306,-121.20310511381295
Range Restaurant & Bar,American Restaurant,4bf58dd8d48988d14e941735,5005e4f6e4b012dc4a316b06,44.15618576807809,-121.04743980425539
Trailhead Grill,American Restaurant,4bf58dd8d48988d14e941735,4fbfac8be4b0ea04147a5183,44.185569,-121.17309
Moose Sisters,American Restaurant,4bf58dd8d48988d14e941735,582a1f6d87d6d943e2255f14,44.101532,-121.302505
Mo’s Egg House,Breakfast Spot,4bf58dd8d48988d143941735,5bf9c98ec876c8002c1ca2fc,44.267507,-121.178971
Applebee's Grill + Bar,American Restaurant,4bf58dd8d48988d14e941735,4c786dee566db60cc9cb410e,44.24123566,-121.192029
Sleep Inn & Suites,Hotel,4bf58dd8d48988d1fa931735,4bc38b1adce4eee18aa6719d,44.2930716,-121.1745764
Full Throttle Java,Bubble Tea Shop,52e81612bcbc57f1066b7a0c,4d5711af96ed548169b31c70,44.2749862255495,-121.17359940658865
Kings Buffet,Buffet,52e81612bcbc57f1066b79f4,4c460194cd5ca5931c89ff86,44.0703125,-121.30211639404297
"Mavericks, Country Bar & Grill",Bar,4bf58dd8d48988d116941735,4dd739b7ae60680f15029ec3,44.08514158730231,-121.29485438944471
Redmond Burger Company,Burger Joint,4bf58dd8d48988d16c941735,59ab205679187134d01d1e93,44.278244,-121.174405
Jody's Drive Inn,Burger Joint,4bf58dd8d48988d16c941735,4b882daff964a52062e531e3,44.269450097185796,-121.18324102160163
Dawg House II,Burger Joint,4bf58dd8d48988d16c941735,50ca43c4e4b0ae8212f98142,44.27239227294922,-121.17672729492188
A&W,Burger Joint,4bf58dd8d48988d16c941735,4b881f76f964a52063e131e3,44.269834968116655,-121.18504628055014
Yolie's Kitchen,Burger Joint,4bf58dd8d48988d16c941735,53cd903f498e1f4f666f06fd,44.147355507653295,-121.33206367492676
"""The Dive"" At Eagle Crest Reosrt",Burger Joint,4bf58dd8d48988d16c941735,4e41aa95fa7630be83f7b219,44.26045608520508,-121.24931335449219
Arnold's Cafe,Burger Joint,4bf58dd8d48988d16c941735,4edd636c02d5244e34042e01,44.272562715322856,-121.17443505899763
Ashley's Lottery Cafe,Café,4bf58dd8d48988d16d941735,4ec5beb202d5888e99de20c7,44.25386047363281,-121.18679809570312
My Espresso Machine,Café,4bf58dd8d48988d16d941735,4f01e24fe5faf2869da342d0,44.07791519165039,-121.27056121826172
Bandits Cafe,Café,4bf58dd8d48988d16d941735,5196c510498e2ebecc44d403,44.248228,-121.188711
Proust Coffee & Waffles,Café,4bf58dd8d48988d16d941735,56d5b351498ed8b35f69597d,44.275108337402344,-121.17457580566406
Looking Glass Cafe,Café,4bf58dd8d48988d16d941735,57757cb0498eceb352385122,44.084244,-121.303609
Bellatazza,Café,4bf58dd8d48988d16d941735,4b805c31f964a5203c6b30e3,44.14957262989197,-121.33094787597656
Fat Tuesday's Cajun & Blues,Cajun / Creole Restaurant,4bf58dd8d48988d17a941735,54c9930c498ec55b3472c868,44.08151987735683,-121.30590677261353
The Scoop,Caribbean Restaurant,4bf58dd8d48988d144941735,53be2709498ea426b88b472f,44.059627532958984,-121.2673568725586
Doozy's,Deli / Bodega,4bf58dd8d48988d146941735,4f32595c19836c91c7cefcf5,44.25389099121094,-121.18685150146484
Cornucopia Natural Foods,Deli / Bodega,4bf58dd8d48988d146941735,4f3255a019836c91c7cd8bf4,44.276763916015625,-121.17465209960938
Walmart Bakery,Deli / Bodega,4bf58dd8d48988d146941735,5992d9ecfd16bb1b84cbd273,44.29349,-121.16903
Nature's General Store,Deli / Bodega,4bf58dd8d48988d146941735,4bccc835fb84c9b6b004213e,44.06917953491211,-121.30146789550781
Sun Spot Ice Cream,Dessert Shop,4bf58dd8d48988d1d0941735,4c169e5796040f47dc1e73a5,44.34979498386383,-121.17841601371765
Cost Plus World Market,Furniture / Home Store,4bf58dd8d48988d1f8941735,4b86bee9f964a520749a31e3,44.101657,-121.3015368
Franz Bakery Outlet (Used Bread Store),Bakery,4bf58dd8d48988d16a941735,4c534ec9f5f3d13a73e04af8,44.253197,-121.1653
Ida's Cupcake Cafe - Redmond,Bakery,4bf58dd8d48988d16a941735,58506728f16bb56d24c91c29,44.2696498716372,-121.1765942574857
Sam's Sweet Addictions,Cupcake Shop,4bf58dd8d48988d1bc941735,4d9de7e1a1ec8cfacefd0e4a,44.272027015686035,-121.17417706666667
Yo Wild Frozen Yogurt,Frozen Yogurt Shop,512e7cae91d4cbb4e5efe0af,4d3f6747255d8cfa6e035b05,44.26820539072711,-121.19281791923697
Cold Stone Creamery,Ice Cream Shop,4bf58dd8d48988d1c9941735,4b63b42cf964a520168d2ae3,44.264284,-121.177509
Baskin Robins,Ice Cream Shop,4bf58dd8d48988d1c9941735,4cdcd1b4c409b60c0bfbdc1a,44.26737976074219,-121.17721557617188
Goody's Old Fashioned Soda Fountain,Ice Cream Shop,4bf58dd8d48988d1c9941735,4ba983d2f964a520d12b3ae3,44.059662786037485,-121.26739425421088
Shari's Cafe and Pies,Diner,4bf58dd8d48988d147941735,4be6f11e2457a593d54fad15,44.081417,-121.304961
Country Nook,Diner,4bf58dd8d48988d147941735,4b6b1db9f964a520c8f32be3,44.278827006154,-121.17346427755312
Delish Donuts,Donut Shop,4bf58dd8d48988d148941735,4bd5bdd129eb9c74ebcf93e1,44.081971,-121.30353799999999
Brasada Ranch,Resort,4bf58dd8d48988d12f951735,4bc8dafe762beee1249a3d38,44.15716584,-121.046621
Wild Catch Fish & Chips,Fish & Chips Shop,4edd64a0c7ddd24ca188df1a,5e9cb51df62a52000826507d,44.27380960770069,-121.1726135751344
hamburguers,Fish & Chips Shop,4edd64a0c7ddd24ca188df1a,53b358c0498e4542a43ec789,44.0872802734375,-121.30110168457031
Tumalo Bite,Food Truck,4bf58dd8d48988d1cb941735,58067b4338fafedacce75c24,44.14715692973022,-121.33095327543057
Barrio,Food Truck,4bf58dd8d48988d1cb941735,5ba4527c9ef8ef002c9e6502,44.0649746565504,-121.26473474881517
Himalayan Bites,Food Truck,4bf58dd8d48988d1cb941735,5ae7ca0a6bdee6002c75e464,44.06381251414463,-121.26715341711804
Philly Style,Food Truck,4bf58dd8d48988d1cb941735,5ae68e5a628c83002c311698,44.06494461465136,-121.26460664549272
We're The Würst,Food Truck,4bf58dd8d48988d1cb941735,591cbd00851de54a3d69335c,44.066751286555075,-121.30145904183405
Wubba's BBQ Shack @ Wild Ride Brewery,Food Truck,4bf58dd8d48988d1cb941735,55bae2df498e2f75f9dc82d7,44.27259215700729,-121.17709703301634
Himalayan Bites,Food Truck,4bf58dd8d48988d1cb941735,598fba4b9ad60e19c0f64e1a,44.092523751930784,-121.3182860139248
Food Fellas,Food Truck,4bf58dd8d48988d1cb941735,553bed1f498efecdca54cb3f,44.27379143718493,-121.1729842568028
The Riverhouse Hotel & Convention Center,Hotel,4bf58dd8d48988d1fa931735,4b61ba94f964a520161f2ae3,44.07923083414712,-121.30537033081055
Wubbas BBQ Shack,BBQ Joint,4bf58dd8d48988d1df931735,51957bf8498e8e5a923f64d6,44.09010985775679,-121.29149395527965
KFC,Fried Chicken Joint,4d4ae6fc7a7b7dea34424761,4b82d03ff964a520bae630e3,44.24765106423188,-121.18742121591612
E bar & Grill,Gastropub,4bf58dd8d48988d155941735,53ea7557498e76cdafe8337b,44.27437259977652,-121.17289564872335
Das Beer Garden,German Restaurant,4bf58dd8d48988d10d941735,560341c2498ee1b9dbf59ccd,44.05961905783551,-121.2674290419949
Pop's Place,American Restaurant,4bf58dd8d48988d14e941735,5491e1e0498ec1eb54fe8b63,44.08422088623047,-121.26434326171875
The dawg house 11,Hot Dog Joint,4bf58dd8d48988d16f941735,574e2745498e75f8582c60a7,44.272412,-121.176452
The Dog Hut,Hot Dog Joint,4bf58dd8d48988d16f941735,4dd6c66fae60680f14f66f36,44.260963439941406,-121.16973876953125
Timdoogs,Hot Dog Joint,4bf58dd8d48988d16f941735,5b359bb0e55d8b002cae458d,44.252758,-121.18281
Jamba Juice,Juice Bar,4bf58dd8d48988d112941735,4ba7dbeff964a52091b939e3,44.101257,-121.302072
Just Cut Organic Juice Bar And Fitness,Juice Bar,4bf58dd8d48988d112941735,5b468868c0af57002c6776a3,44.27230453491211,-121.17247009277344
On the Patio,Brazilian Restaurant,4bf58dd8d48988d16b941735,537d4f67498e01f6760f002f,44.059696197509766,-121.26736450195312
Serum Restaurant & Lounge,Mediterranean Restaurant,4bf58dd8d48988d1c0941735,536a176b498e0a012fd13021,44.08533475257074,-121.26387119293211
La Posada,Mexican Restaurant,4bf58dd8d48988d1c1941735,4b56a6f0f964a5209d1728e3,44.2698,-121.17883
Hola! Redmond,Mexican Restaurant,4bf58dd8d48988d1c1941735,55a95781498e117d77665f1e,44.28174410646349,-121.17351667327249
"Mazatlan Family Mexican Restaurant, Redmond",Mexican Restaurant,4bf58dd8d48988d1c1941735,4f32a42719836c91c7eb86e1,44.2643928527832,-121.17557525634766
Ranchero,Mexican Restaurant,4bf58dd8d48988d1c1941735,4aa6d3f3f964a520224b20e3,44.084202483333335,-121.30364835262299
El Caporal-Tumalo,Mexican Restaurant,4bf58dd8d48988d1c1941735,4c7722a0a5676dcb08fb1721,44.14799343231425,-121.33098129771625
Beach Side,Mexican Restaurant,4bf58dd8d48988d1c1941735,4ba34bc2f964a520dc3338e3,44.09037399291992,-121.29158782958984
Mi Cantina,Mexican Restaurant,4bf58dd8d48988d1c1941735,59f78de8a6031c2e100de84b,44.27094268798828,-121.17253875732422
El Ray Azteca,Mexican Restaurant,4bf58dd8d48988d1c1941735,5197e0ae498e9da4863dfc93,44.06925496054263,-121.30580295200402
La Burrita,Mexican Restaurant,4bf58dd8d48988d1c1941735,5162321de4b0e6bf9364ea0d,44.283559,-121.173664
Restaurant La Virtud,Mexican Restaurant,4bf58dd8d48988d1c1941735,528e6067498e40b1a28857c6,44.276129,-121.173002
Regios Cafe,Mexican Restaurant,4bf58dd8d48988d1c1941735,4dd2ec46b0fb0dcdadea8ec7,44.28715633,-121.173639
Mi Cielo Mexican Restaurant,Mexican Restaurant,4bf58dd8d48988d1c1941735,4c1a924c63750f47a680b367,44.26738205108016,-121.1790122783215
Rigobertos Taco Shop,Mexican Restaurant,4bf58dd8d48988d1c1941735,5587c8ea498eaa1564a22fae,44.27676,-121.172936
Rigoberto's Taco Shop,Mexican Restaurant,4bf58dd8d48988d1c1941735,4b5565fdf964a52056e327e3,44.06881319966684,-121.30298804992673
Avalon Aeropub,Gastropub,4bf58dd8d48988d155941735,4cb4e163b315a0931b899076,44.252949530715796,-121.16020507132365
Lucy's Taco Shop,Taco Place,4bf58dd8d48988d151941735,55354e00498ef0e6a6f63b6e,44.271962,-121.174074
Taco Del Mar - Cascade Village,Taco Place,4bf58dd8d48988d151941735,4aa02d66f964a5209d3e20e3,44.10193732771565,-121.30271508093307
Westside Taco Co,Taco Place,4bf58dd8d48988d151941735,5990cc73a87921071606d2a0,44.274842,-121.17464
The Taco Shop,Burrito Place,4bf58dd8d48988d153941735,4df3fabe45dd4e269342b912,44.269413,-121.180034
El Pollo Gordo,Mexican Restaurant,4bf58dd8d48988d1c1941735,4b8daa44f964a5204e0733e3,44.06922508,-121.30287651
The Backyard Brick Oven Pizza & Pub,Pizza Place,4bf58dd8d48988d1ca941735,5937586760255e45f2a35f7a,44.091457,-121.29586
Seventh Street Brew House,Pub,4bf58dd8d48988d11b941735,4b983f0ef964a520fc3635e3,44.26880566038838,-121.17559726242577
Abby's Pizza,Pizza Place,4bf58dd8d48988d1ca941735,4c507b2a375c0f4753fa6892,44.258122,-121.179653
Pisano's Pizza,Pizza Place,4bf58dd8d48988d1ca941735,52b926f4498eada5d7436178,44.14857570502324,-121.33398950099945
Pizza Hut,Pizza Place,4bf58dd8d48988d1ca941735,51919eeb498eebef6992d2a2,44.264292991767626,-121.17751345038414
Domino's Pizza,Pizza Place,4bf58dd8d48988d1ca941735,4b85d784f964a520d47531e3,44.26022497108618,-121.17795655134614
Papa Murphy's,Pizza Place,4bf58dd8d48988d1ca941735,4c0067a2379020a1567b467f,44.06712877998261,-121.30365636741817
Papas Pizza,Pizza Place,4bf58dd8d48988d1ca941735,4f32374419836c91c7c18f81,44.26817321777344,-121.17801666259766
Cibelli's Pizza,Pizza Place,4bf58dd8d48988d1ca941735,4be466d02457a593da2daa15,44.282310485839844,-121.17507934570312
Cibelli's Pizza Tumalo,Pizza Place,4bf58dd8d48988d1ca941735,4f32a50519836c91c7ebdc87,44.14792,-121.333969
Di Pizza,Pizza Place,4bf58dd8d48988d1ca941735,58977a8e0a3d54567e4606db,44.24048,-121.19401
Hot Stuff Pizza,Pizza Place,4bf58dd8d48988d1ca941735,4f320c5719833175d60b5525,44.25758361816406,-121.18115234375
Chick-Fil-A,Fried Chicken Joint,4d4ae6fc7a7b7dea34424761,5e2a6a22d57f40000839d4b9,44.101645,-121.297315
Pump House Bar and Grill,American Restaurant,4bf58dd8d48988d14e941735,4c01bf871747a593bf0f5eca,44.35190017805121,-121.17830671925974
McDonald's,Restaurant,4bf58dd8d48988d1c4941735,4b633d9af964a520e56c2ae3,44.26897331739394,-121.19364281349175
Panda Express,Chinese Restaurant,4bf58dd8d48988d145941735,4c1da14ae9c4ef3bd40046aa,44.294390794777065,-121.17203508831605
MOD Pizza,Restaurant,4bf58dd8d48988d1c4941735,5d0a9b267226a50023b55f72,44.10373258,-121.29705733
Terrebonne Depot Food+Drink,New American Restaurant,4bf58dd8d48988d157941735,4ba5996ef964a520741539e3,44.3507113673567,-121.17307936259765
The Ranch House At Brasada Ranch,American Restaurant,4bf58dd8d48988d14e941735,4df66164483bdb5e137da9a0,44.15733768956836,-121.04801505988445
Cracker Barrel Old Country Store,American Restaurant,4bf58dd8d48988d14e941735,5c5b3d358a6f17002c5c695d,44.10280990600586,-121.29873657226562
Base Camp Pizza,Pizza Place,4bf58dd8d48988d1ca941735,5342004b11d247b11bfc69ef,44.34917094597936,-121.17735693471538
Pappy's Pizzeria,Pizza Place,4bf58dd8d48988d1ca941735,4c0eaf2398102d7f590ee406,44.291310537802325,-121.17446245674324
The Original Pancake House,Breakfast Spot,4bf58dd8d48988d143941735,4c1a2a7c98f4a5938d2001f6,44.248638236341776,-121.17319884449421
Hola! Eastside,Peruvian Restaurant,4eb1bfa43b7b52c0e1adc2e8,4c43d1a98c1f20a156aa3b99,44.056697141757745,-121.26414011574705
Shinsei Sushi,Sushi Restaurant,4bf58dd8d48988d1d2941735,4b045f11f964a520a95322e3,44.1013072831769,-121.3026763205585
Shari's Cafe and Pies,American Restaurant,4bf58dd8d48988d14e941735,4d9691c5647d8cfaf737be3d,44.252365,-121.185019
El Rancho Grande,Mexican Restaurant,4bf58dd8d48988d1c1941735,4b970d9cf964a52090f534e3,44.10116713676372,-121.30265411092988
Terrebonne Coffee Wagon,Café,4bf58dd8d48988d16d941735,55ec8700498e572417cb6908,44.352239,-121.17903
Round Table Pizza,Pizza Place,4bf58dd8d48988d1ca941735,573a17e3498e873d525002b8,44.269464,-121.179268
Sunspot Drive-in,Diner,4bf58dd8d48988d147941735,5512cf66498ed9cecd0a508e,44.3626592655337,-121.17844630528832
Chan's Of Redmond,Chinese Restaurant,4bf58dd8d48988d145941735,4ce9b4ddbaa6a1cdbe51356c,44.27047348022461,-121.17404174804688
Little Caesars Pizza,Pizza Place,4bf58dd8d48988d1ca941735,4b7f2e2bf964a520071d30e3,44.267356,-121.176682
Sno Cap,Burger Joint,4bf58dd8d48988d16c941735,4bb16594f964a520d5903ce3,44.28635001182556,-121.17421903326377
Mazatlan,Mexican Restaurant,4bf58dd8d48988d1c1941735,4b81f8ccf964a52002c630e3,44.268354688154346,-121.19255828778803
Papa Murphy's,Pizza Place,4bf58dd8d48988d1ca941735,4d535ed43d735481cb933c52,44.269877931231235,-121.17822051433612
Baldys BBQ,BBQ Joint,4bf58dd8d48988d1df931735,5ad3c9fe3149b90df0ea58ef,44.279174,-121.174695
Tate & Tate Catering,American Restaurant,4bf58dd8d48988d14e941735,4f83106ee4b085b99d7b1d55,44.26861161937739,-121.1809041968128
Diego's Spirited Kitchen,Mexican Restaurant,4bf58dd8d48988d1c1941735,4e473ee6a809fb2fa3f763fe,44.272833193105235,-121.17445964326127
The Pig and Pound Public House,Gastropub,4bf58dd8d48988d155941735,50b2cf5fe4b0e2dfe820716c,44.2730710955264,-121.17655508784705
Taco Del Mar-Redmond,Mexican Restaurant,4bf58dd8d48988d1c1941735,4fcfb5c2e4b07502ba8c038a,44.26886276000139,-121.18850350054674
Oishi Japanese Restaurant,Sushi Restaurant,4bf58dd8d48988d1d2941735,51e764ce498ebcf2de39c2ed,44.272622373776876,-121.17443564095798
Cindy's Chinese Garden,Chinese Restaurant,4bf58dd8d48988d145941735,4bac15bbf964a5203de33ae3,44.26380106,-121.17601978
Cibellis,Pizza Place,4bf58dd8d48988d1ca941735,4bdc85ce3904a593a3924e9e,44.26898185652076,-121.19269594527823
Greenside Cafe At Eagle Crest Resort,Café,4bf58dd8d48988d16d941735,501acc74e4b0a9a3f5c091c2,44.26451457191221,-121.27189720391425
Christies Kitchen,Breakfast Spot,4bf58dd8d48988d143941735,51a252fb498e8fe19ee58530,44.27822570842916,-121.17477030032609
McDonald's,Restaurant,4bf58dd8d48988d1c4941735,4c2ff89516adc928f18fbe9c,44.29202459980173,-121.17057172581553
The Jerk Kings,Food Truck,4bf58dd8d48988d1cb941735,54b97973498ec165df84c0d4,44.273837112697976,-121.17294763704548
Smith Rock Restaurant,Diner,4bf58dd8d48988d147941735,4dbd6d51cda109aa6cb25f98,44.34926223754883,-121.17816925048828
Bend Burger Company,Burger Joint,4bf58dd8d48988d16c941735,5504f2b2498e227d1bc5304b,44.06922448043797,-121.30271074261097
Jersey Boys Pizzeria,Pizza Place,4bf58dd8d48988d1ca941735,4f0258ae29c201c6ffb9d85b,44.280396096783335,-121.17360033228664
Olive Garden,Italian Restaurant,4bf58dd8d48988d110941735,4b6359e2f964a520e2732ae3,44.10482535842624,-121.2985139212182
Little Pizza Paradise,Pizza Place,4bf58dd8d48988d1ca941735,4fb8079ae4b0ee36af98e0ce,44.102597439346106,-121.30092349022917
Johnny Carino's Italian Restaurant,Italian Restaurant,4bf58dd8d48988d110941735,4bdcdfd63904a5935e24509e,44.101631763258496,-121.30034099352788
St. Charles Medical Center- Cafeteria,Café,4bf58dd8d48988d16d941735,4ed0a9407ee5be844b7b0e2e,44.067639089358124,-121.26929604040083
Pono Farm And Fine Meats,Butcher,4bf58dd8d48988d11d951735,4dd831f3fa76ad96d138c0e9,44.10863458114417,-121.30257739106203
Cibelli's New York Pizza,Pizza Place,4bf58dd8d48988d1ca941735,4f3292e419836c91c7e507e7,44.26797,-121.192188
Jackson's Corner East Side,Restaurant,4bf58dd8d48988d1c4941735,545ecc71498e729596354c87,44.065518000489035,-121.26620812572851
Croutons,Sandwich Place,4bf58dd8d48988d1c5941735,569173b7498ebea619ba8829,44.267372,-121.17888
Jimmy John's,Sandwich Place,4bf58dd8d48988d1c5941735,5748804d498ee05234a22e62,44.09177709435134,-121.30564928054808
Subway,Sandwich Place,4bf58dd8d48988d1c5941735,4d7412d09b28224b9d06d10f,44.26903173260136,-121.1888850366152
New York City Sub Shop Redmond,Sandwich Place,4bf58dd8d48988d1c5941735,4b7c6426f964a52095902fe3,44.26814238458013,-121.17801836892332
One Street Down Cafe,Breakfast Spot,4bf58dd8d48988d143941735,4bf83a335ec320a1256288d3,44.27610938355907,-121.17512453494888
Jimmy John's,Sandwich Place,4bf58dd8d48988d1c5941735,52d02aa211d22d1c29dd3578,44.263853866806635,-121.17786553782946
Little Pizza Paradise,Pizza Place,4bf58dd8d48988d1ca941735,4bdcdc2cafe8c9b6065d5185,44.08427873,-121.264284
Subway,Sandwich Place,4bf58dd8d48988d1c5941735,4b6391aaf964a52008842ae3,44.28087586013389,-121.17409762291538
Subway North,Sandwich Place,4bf58dd8d48988d1c5941735,4bef564a5e4aa5932eee58bb,44.08468234054455,-121.30627912327395
Subway,Sandwich Place,4bf58dd8d48988d1c5941735,4f434f4819834bc91f55ded1,44.14775466918945,-121.33369445800781
Subway,Sandwich Place,4bf58dd8d48988d1c5941735,4b60b0f6f964a52046f429e3,44.255713118141315,-121.1823424674817
Silverleaf Cafe,Sandwich Place,4bf58dd8d48988d1c5941735,4e27325bd22d2d9597d58269,44.262906,-121.262355
TOGO'S Sandwiches,Sandwich Place,4bf58dd8d48988d1c5941735,50898574183fc9b673d38eb1,44.101366999999996,-121.302228
Port of Subs,Sandwich Place,4bf58dd8d48988d1c5941735,59f96746a8eb606374f13604,44.09061722581997,-121.28886725383899
Madaline's Grill,Mexican Restaurant,4bf58dd8d48988d1c1941735,4bfdf4bee9309521002862ab,44.25369383484464,-121.18275938251091
McBain's Fish House,Seafood Restaurant,4bf58dd8d48988d1ce941735,518ff818498e6e9d00473404,44.267259,-121.179069
Fred Meyer Fuel Center,Snack Place,4bf58dd8d48988d1c7941735,4ff8c122e4b0a7f74148ac09,44.26829389154371,-121.1750739812851
Powell Butte Country Store,Snack Place,4bf58dd8d48988d1c7941735,4bcb94e9937ca59387eca992,44.2478065802863,-121.01760422726124
Black Bear Diner,Diner,4bf58dd8d48988d147941735,5490bde2498ec1eb54e1a44d,44.27853779147557,-121.17296782232842
McKay Cottage,Breakfast Spot,4bf58dd8d48988d143941735,4b782ba7f964a520a1b92ee3,44.08404159472366,-121.30702249691055
Tate And Tate Catering,American Restaurant,4bf58dd8d48988d14e941735,4f9581fde4b032461ae66e24,44.26877212524414,-121.1811294555664
Nancys Country Kitchen,Southern / Soul Food Restaurant,4bf58dd8d48988d14f941735,4fa54f9ae4b0ddd4960ce3fb,44.197898,-121.356163
Brickhouse,Steakhouse,4bf58dd8d48988d1cc941735,4bedfbf1e24d20a1815c7214,44.27334455016728,-121.17408385557049
The Riverhouse Motor Inn,Steakhouse,4bf58dd8d48988d1cc941735,4f3214eb19836c91c7b3ec57,44.080938,-121.306431
Dutch Bros Coffee,Tea Room,4bf58dd8d48988d1dc931735,5bf42f558a4cf5002c6b44f3,44.25780192101671,-121.17997671106241
AK's Tea Room,Tea Room,4bf58dd8d48988d1dc931735,4ff88940e4b0aeae9f087181,44.272235,-121.174222
Round Table Clubhouse,Wings Joint,4bf58dd8d48988d14c941735,4e4d337abd413c4cc66f5d82,44.07966075435122,-121.30442533179512
