name,category,category_id,venue_id,lat,long
"MacKenzie River Pizza, Grill & Pub",African Restaurant,4bf58dd8d48988d1c8941735,5bec64736eda020a946dd8e5,47.7334806,-116.7935009
Barlow's Family Restaurant,American Restaurant,4bf58dd8d48988d14e941735,4b2ff315f964a5202df324e3,47.67098225026196,-117.1041914160647
Corkhouse,American Restaurant,4bf58dd8d48988d14e941735,53a8da0d498ea2d3a546de45,47.67106875612767,-117.10184304905164
Carls Jr. & Green Burrito,American Restaurant,4bf58dd8d48988d14e941735,4ba27d6ef964a520c3fd37e3,47.669350329258464,-117.10633936443996
Eat Good Café,American Restaurant,4bf58dd8d48988d14e941735,52b215fb498eff5d7c60bca7,47.674259185791016,-117.08663177490234
Elmer’s Restaurant,American Restaurant,4bf58dd8d48988d14e941735,4c3352da16adc9287b66c39c,47.706199843662404,-116.7908691482958
Perkins Family Restaurant,American Restaurant,4bf58dd8d48988d14e941735,4c01482894c1c9b69607bb5f,47.699752000000004,-116.789818
Melone's Culinary Public House,American Restaurant,4bf58dd8d48988d14e941735,556903fc498e40bf313ee4a5,47.694351,-116.805816
Perkins Restaurant & Bakery,American Restaurant,4bf58dd8d48988d14e941735,4e4db74dbd41b76bef920f7b,47.700302,-116.786676
The Boathouse,American Restaurant,4bf58dd8d48988d14e941735,4c2d55da3a4d0f47c7cde386,47.74895844222355,-116.74019068135334
Carls Jr / Green Burrito,American Restaurant,4bf58dd8d48988d14e941735,4ca8f1ee97c8a1cdd51b8aa5,47.70036733562163,-116.7847080142995
IHOP,American Restaurant,4bf58dd8d48988d14e941735,4c1e27278b3aa59389969b5f,47.6986125279656,-116.78110224528474
Arby's,American Restaurant,4bf58dd8d48988d14e941735,4b96aee0f964a520badd34e3,47.7448096853995,-116.789402469976
Zips,American Restaurant,4bf58dd8d48988d14e941735,5169b691e4b013b760342c96,47.673609,-116.775881
Elmers,American Restaurant,4bf58dd8d48988d14e941735,522e3fac11d23de2cbfec46e,47.69977282996048,-116.78982627198381
Shari's Cafe and Pies,American Restaurant,4bf58dd8d48988d14e941735,4b612c72f964a520f40b2ae3,47.696374,-116.79092
Dueling Irons,American Restaurant,4bf58dd8d48988d14e941735,55a2c59c498ee1b028e1fec5,47.71171569824219,-116.9190902709961
The Owl Cafe,American Restaurant,4bf58dd8d48988d14e941735,4be31058b02ec9b6de774ec0,47.755213,-116.78636115
Sargents Resturant & Lounge,American Restaurant,4bf58dd8d48988d14e941735,4c44f92936d6a593904e6ba8,47.753845445293074,-116.7869085790084
Mallards Restaurant,American Restaurant,4bf58dd8d48988d14e941735,4cb74dac3ac937047fa8da0a,47.704249,-116.943598
Golden Corral,American Restaurant,4bf58dd8d48988d14e941735,533e1134498e9cc964b756f7,47.70889283048492,-116.79284653950894
Iron Horse Bar and Grill,American Restaurant,4bf58dd8d48988d14e941735,4ce0176f70bba1cdf74d6ac4,47.6735698284928,-116.78071220743593
Philly Express,American Restaurant,4bf58dd8d48988d14e941735,586441cdb6e67d6eddb074d0,47.732124,-116.790344
Rockin Robin Cafe,American Restaurant,4bf58dd8d48988d14e941735,4d237da63c026ea852e9834e,47.71277618408203,-116.78570556640625
Caddyshack Sports Pub,Sports Bar,4bf58dd8d48988d11d941735,4e27702da809ec0663e48e04,47.74401509908562,-116.80165909714025
Rivelle's,New American Restaurant,4bf58dd8d48988d157941735,5682dd39498e26088996ad3c,47.694257,-116.805829
"MacKenzie River Pizza, Grill & Pub",New American Restaurant,4bf58dd8d48988d157941735,5ec6c8e5f2870e0008cc547c,47.73362,-116.79364
Flaming Wok,Asian Restaurant,4bf58dd8d48988d142941735,4e41e4d6d1645b30b56568fd,47.730414,-116.7892
Teriyaki Grill,Asian Restaurant,4bf58dd8d48988d142941735,521d042211d2e666e5382b37,47.695040999999996,-116.80581000000001
Panda Express,Chinese Restaurant,4bf58dd8d48988d145941735,4c14265cb7b9c928b5ebaa37,47.70117644854277,-116.78049616261507
Noodle Express,Chinese Restaurant,4bf58dd8d48988d145941735,4bc3e06e920eb713f6261e2c,47.74707974658049,-116.79080690318915
Panda Express,Chinese Restaurant,4bf58dd8d48988d145941735,5bf347fb9fca56002c17006e,47.702874,-117.02865
Golden Dragon,Chinese Restaurant,4bf58dd8d48988d145941735,4c04641df423a593069dd116,47.7150435698284,-116.94885343205902
Chinatown,Chinese Restaurant,4bf58dd8d48988d145941735,4c1d7154b306c928a0a465b7,47.700472999999995,-116.79383999999999
Wah Hing,Chinese Restaurant,4bf58dd8d48988d145941735,4bdb8f5fc79cc928208883e9,47.81273941656551,-116.88666909359618
Pau Pau's Kitchen,Chinese Restaurant,4bf58dd8d48988d145941735,4d7c34116152b60ca3258e26,47.76089096069336,-116.78722381591797
China House,Chinese Restaurant,4bf58dd8d48988d145941735,59f4d33726659b3572bbe4c3,47.70047,-116.794011
Panda Express,Chinese Restaurant,4bf58dd8d48988d145941735,4c5b267204f9be9a7b94f360,47.73694,-116.793526
Little Kyoto,Sushi Restaurant,4bf58dd8d48988d1d2941735,59f15f363149b96c198c4527,47.7719841003418,-116.7858657836914
Fu-Ki,Sushi Restaurant,4bf58dd8d48988d1d2941735,5d5750959ccd2d00087698b9,47.752451,-116.786931
Momo Sushi Wok Grill,Japanese Restaurant,4bf58dd8d48988d111941735,5a625e8bd41bb71764ecb873,47.673259,-116.785365
Rokkos Teriyaki,Japanese Restaurant,4bf58dd8d48988d111941735,5c2a9a8fbe7078002c51b4d2,47.69443130493164,-116.80582427978516
Red Bowl Teriyaki,Japanese Restaurant,4bf58dd8d48988d111941735,4e52f1446284ca6a2f6b61e3,47.70132827758789,-116.80858612060547
Pokeworks,Sushi Restaurant,4bf58dd8d48988d1d2941735,5ede9a09fde372165fefca6d,47.7316765,-116.8109266
Fu-Ki Japanese Steak House & Sushi Bar,Sushi Restaurant,4bf58dd8d48988d1d2941735,4f329ceb19836c91c7e8d032,47.71066530055671,-116.92613811823814
Sushi I,Sushi Restaurant,4bf58dd8d48988d1d2941735,57b26759498eca42d02bb98a,47.694833,-116.806137
Syringa Japanese Cafe & Sushi Bar,Sushi Restaurant,4bf58dd8d48988d1d2941735,4b873ec2f964a52057b831e3,47.68833830729476,-116.7809402585936
Umami Ramen,Ramen Restaurant,55a59bace4b013909087cb24,59164f8caa6c956919c3cf5b,47.6964,-116.81004
Young Shin's Famous Korean,Korean Restaurant,4bf58dd8d48988d113941735,5eb60d28769ac80008338d2a,47.743732,-116.79983
HuHot Mongolian Grill,Mongolian Restaurant,4eb1d5724b900d56c88a45fe,5d0d321d605f2600233aa76a,47.6937188,-116.7908195
Mongolian BBQ,Chinese Restaurant,4bf58dd8d48988d145941735,4bf8a5a4b182c9b629eb775a,47.70702339425002,-116.78665943119645
Moon's Mongolian Grill,Mongolian Restaurant,4eb1d5724b900d56c88a45fe,4b5261fdf964a520967a27e3,47.71104116973005,-116.91697357370558
Canton Asian Restaurant,Asian Restaurant,4bf58dd8d48988d142941735,4c465a7acd5ca5932ba80087,47.674065,-116.78149199999999
Thai Bamboo,Thai Restaurant,4bf58dd8d48988d149941735,4b85ea94f964a520507931e3,47.69551032392308,-116.78072460060571
Ding How,Sushi Restaurant,4bf58dd8d48988d1d2941735,4ba82ee1f964a520f3cf39e3,47.6703251019175,-117.10425869173778
Thai Express,Thai Restaurant,4bf58dd8d48988d149941735,5c44c5d0a5a315002c7d2102,47.703835,-116.807686
PhoThành & Café,Vietnamese Restaurant,4bf58dd8d48988d14a941735,4b68d1d0f964a520948e2be3,47.696550462309155,-116.78055709421272
Pho Liberty,Vietnamese Restaurant,4bf58dd8d48988d14a941735,5bd0c3b264c8e1002c2a87a5,47.677818,-117.089276
Lemongrass,Vietnamese Restaurant,4bf58dd8d48988d14a941735,4e0fb187b0fb59de67e30095,47.674485,-116.782055
"Pat Clevenger, CLU, ChFC - Northwestern Mutual",Australian Restaurant,4bf58dd8d48988d169941735,4cec01f7f1c6236a060a73f0,47.69588851928711,-116.8036117553711
Kon Tiki,Strip Club,4bf58dd8d48988d1d6941735,4b68b4e4f964a5203e882be3,47.705482389153,-117.03646326125981
Relic Smokehouse and Pub,BBQ Joint,4bf58dd8d48988d1df931735,59540c9641868651ce468064,47.673422,-116.759226
Dickey's Barbecue Pit,BBQ Joint,4bf58dd8d48988d1df931735,5872bf1ece66aa03895472cd,47.730218,-116.791408
Famous Willies BBQ,BBQ Joint,4bf58dd8d48988d1df931735,4e4e6d10bd4101d0d7a9e3c2,47.71436095297553,-116.94678151022684
Smokin' Mike's,BBQ Joint,4bf58dd8d48988d1df931735,59cea03cf427de3673a54663,47.70374,-117.03727
David James Barbecue,BBQ Joint,4bf58dd8d48988d1df931735,5d3be8ded55da400082039b8,47.73014482694434,-116.78755402565001
Big Island BBQ,BBQ Joint,4bf58dd8d48988d1df931735,5c534f4bacc5f500380f7e14,47.669151306152344,-117.10745239257812
Beau Diddleys Gourmet Barbecue,BBQ Joint,4bf58dd8d48988d1df931735,4d6db3cc29586dcb1e98a7f1,47.810368,-116.892727
Tim's Special Cut Meats,Butcher,4bf58dd8d48988d11d951735,4bfd5912e9309521da0b62ab,47.73915823112462,-116.7871123021676
Heritage Meats & More,BBQ Joint,4bf58dd8d48988d1df931735,56b1723d498e3415f7bd74e8,47.752079010009766,-116.78697967529297
Post Falls Coffee Co.,Bakery,4bf58dd8d48988d16a941735,510b1669e4b04c8c955560c3,47.71410568835265,-116.94833181397428
Great Harvest Bread Company,Bakery,4bf58dd8d48988d16a941735,4cab67f6f47ea143927f8b21,47.696279582178754,-116.78596615791321
sweet tooth bakery & espesso,Bakery,4bf58dd8d48988d16a941735,519fc62e498e5eaff1897bd3,47.72376,-117.070775
sweet moments bakery,Bakery,4bf58dd8d48988d16a941735,51a51655498e80da5c255bb9,47.73110801452373,-116.78873343392925
Aebleskivers,Bakery,4bf58dd8d48988d16a941735,52fd633d498e5e4163eecb1a,47.73202896118164,-116.78992462158203
Selkirk Abbey Brewing Company,Brewery,50327c8591d4c4b30a586d5d,4df4f734c65bf55ee530de4e,47.704799751420346,-116.86604541852454
The Bluebird,Bistro,52e81612bcbc57f1066b79f1,5765e9a5498e86f4abbb48b4,47.680886,-116.78056
Kaiju Sushi & Spirits,Bistro,52e81612bcbc57f1066b79f1,55d7ed32498e5f32d8927252,47.673401205418365,-116.77997790222027
Pentagon Bistro & Martini Bar,Bistro,52e81612bcbc57f1066b79f1,5e1fb8cea70152000728a243,47.67104,-117.10179
One Shot Charlie's Bar and Grill,Breakfast Spot,4bf58dd8d48988d143941735,4bae31d4f964a5208f903be3,47.45351210781758,-116.78657903653465
Paragon Brewing,American Restaurant,4bf58dd8d48988d14e941735,536ec449498ee4ea101c88ca,47.72430553743273,-116.78708448688413
The Breakfast Nook,Breakfast Spot,4bf58dd8d48988d143941735,4c4462722d3ec9b6c6c12eae,47.69198084792468,-116.78145808254737
Michael D's Eatery,Breakfast Spot,4bf58dd8d48988d143941735,4c39fa7a3849c9287b1ec2b1,47.67242693083731,-116.7536884107513
Franklins Hoagies,American Restaurant,4bf58dd8d48988d14e941735,4c509041d2a7c9b61b38c30f,47.67684698565192,-116.78131294400066
Rustlers Roost,Breakfast Spot,4bf58dd8d48988d143941735,4b92a287f964a520210c34e3,47.76041669028022,-116.79184536910624
The Breakfast Nook,Breakfast Spot,4bf58dd8d48988d143941735,4bef1885b0b376b0efd0dab3,47.818434,-116.88548600000001
The Landing,New American Restaurant,4bf58dd8d48988d157941735,4de170a145dd180ae52ec22a,47.4533374,-116.78655239
Top of China Buffet,Chinese Restaurant,4bf58dd8d48988d145941735,4c33be013896e21e958dea90,47.701017424640746,-116.7991064852345
Wendy’s,Burger Joint,4bf58dd8d48988d16c941735,4bfec9774e5d0f47b6297d1f,47.7004447,-116.7833417
SONIC Drive In,Burger Joint,4bf58dd8d48988d16c941735,4bdb361e63c5c9b6fadc2668,47.7150626,-116.8937544
Shooter's,American Restaurant,4bf58dd8d48988d14e941735,4c059b2b13b99c740f44aff3,47.50896018003294,-116.90017235566631
Wendy’s,Burger Joint,4bf58dd8d48988d16c941735,4bfec52ac30a2d7f33fa0f1d,47.733404235050756,-116.79056816183675
Zips Drive-in,Burger Joint,4bf58dd8d48988d16c941735,5780000738fa66f2668a4052,47.7109375,-116.92012023925781
O'Malleys Sports Bar & Grill,Burger Joint,4bf58dd8d48988d16c941735,4bef4f58f2712d7f00a2fbd8,47.817799,-116.886205
Roger’s Ice Cream & Burgers,Burger Joint,4bf58dd8d48988d16c941735,5dfbe6a05ceafa0008ebe11f,47.752162,-116.792883
Zip's Drive In,Burger Joint,4bf58dd8d48988d16c941735,4d52f3153062a1cd69e276a3,47.712933976207076,-116.7869455167265
Paul Bunyan,Burger Joint,4bf58dd8d48988d16c941735,4d6ad5e02eaba35dc9962f0d,47.75009858547583,-116.78700775203345
Jack in the Box,Burger Joint,4bf58dd8d48988d16c941735,539d0764498e718f89a83746,47.70306341705698,-116.80752575397491
Nosworthy's Hall of Fame,American Restaurant,4bf58dd8d48988d14e941735,4b9c6761f964a5202b6636e3,47.717035064159404,-116.78709572675683
Seasons,Restaurant,4bf58dd8d48988d1c4941735,4e0d40e945ddc2c6d16c8857,47.67450894904792,-116.78390426117437
Paul Bunyan,Burger Joint,4bf58dd8d48988d16c941735,4e02ba71227144bc81ccd788,47.678075134158114,-116.7892982765891
Jack In The Box,Burger Joint,4bf58dd8d48988d16c941735,56688183498e06aabc43c442,47.716062,-116.893614
Zip's,Burger Joint,4bf58dd8d48988d16c941735,4d62cc6e1ee8721ea307c521,47.803467468582134,-116.89322298722199
Zip's Drive In,Burger Joint,4bf58dd8d48988d16c941735,4b8ebb16f964a520a53333e3,47.70824412703181,-117.00087262397805
GW Hunters,American Restaurant,4bf58dd8d48988d14e941735,4bcf2ebf0adfb713bd34af55,47.71374894140295,-116.94858187863164
Roger's Bugers,Burger Joint,4bf58dd8d48988d16c941735,4f970779e4b03246905b3c12,47.70761436620217,-116.7897800504787
Paul Bunyan,American Restaurant,4bf58dd8d48988d14e941735,4bd89a5f11dcc928b603f733,47.714343373538235,-116.93673510331747
Zips,Burger Joint,4bf58dd8d48988d16c941735,4d729db98e12b1f764393e05,47.75653076171875,-116.78608703613281
Schmidty's Burger's,Burger Joint,4bf58dd8d48988d16c941735,533f5834498e4164455e3b38,47.674524,-116.7809
Pennys Pit,Burger Joint,4bf58dd8d48988d16c941735,57dddb8dcd106b01821616a2,47.81477,-116.89292
Paul Bunyan,Burger Joint,4bf58dd8d48988d16c941735,53cac403498e6db96d6b4f2f,47.818363189697266,-116.88709259033203
Carl's Jr.,Burger Joint,4bf58dd8d48988d16c941735,4e6ae977d164c37bf4cd57f8,47.71117991079851,-117.00336020734022
The Fedora Pub & Grille,Pub,4bf58dd8d48988d11b941735,4c72dc714bc4236af469cc7a,47.715238401626465,-116.8093891655807
Surf Shack (All american Hamburgers),Burger Joint,4bf58dd8d48988d16c941735,5339bf2111d2d39d084b0860,47.70066833496094,-116.78160095214844
Dave Smith Service Center,Cafeteria,4bf58dd8d48988d128941735,4bfd7d074cf820a1f48becf4,47.69400707024992,-116.78019805195773
Envision Cafe,Café,4bf58dd8d48988d16d941735,527abcc311d27d5d23864243,47.75578308105469,-116.78761291503906
big blue coffee company,Café,4bf58dd8d48988d16d941735,556f4867498ef4e261f01380,47.69322433349075,-116.7925494560025
Kootenai Health Cafe,Café,4bf58dd8d48988d16d941735,50eb6c78e4b06b80d2cba122,47.69526672363281,-116.79426574707031
Broken Egg Cafe,Café,4bf58dd8d48988d16d941735,50a3e87ae4b04e2d5c7c1ec3,47.712229,-116.786029
Renee's On Ramsey,Café,4bf58dd8d48988d16d941735,5788526acd1045909af29c61,47.7148475,-116.8084897
Fine Brewed,Café,4bf58dd8d48988d16d941735,559988b8498eb21ce3b91a77,47.67361388093311,-116.77931438249502
Lobby Cafe,Café,4bf58dd8d48988d16d941735,4c3f41aed691c9b6e873890a,47.67192776001639,-116.78434019667505
Strada Caffé,Café,4bf58dd8d48988d16d941735,577e9f4a498e67b9a9d81a88,47.693311,-116.782064
PIGGIE'S Deli & Market,Deli / Bodega,4bf58dd8d48988d146941735,4f9e1ceee4b04b5a69b727db,47.673547,-116.757629
Big Bear Deli,Deli / Bodega,4bf58dd8d48988d146941735,4bd1dc1741b9ef3bf4c3fce5,47.714919575793104,-116.93860818310895
Walmart Bakery,Deli / Bodega,4bf58dd8d48988d146941735,59931493234724356bf96a32,47.71589739,-116.9069992
Tree Of Life Organc,Deli / Bodega,4bf58dd8d48988d146941735,51f2d536498ec6e1d962653b,47.711843,-116.923342
grabbagreen,Deli / Bodega,4bf58dd8d48988d146941735,585445625a586918eec767ba,47.708014,-116.792094
Herbie's,Deli / Bodega,4bf58dd8d48988d146941735,4e272c997d8b5ea7247b1bf3,47.717305,-116.78717036255982
White Pines Cafe,Deli / Bodega,4bf58dd8d48988d146941735,4dcdd62dae603b786d211eb7,47.69952392578125,-117.0390853881836
Walmart Bakery,Deli / Bodega,4bf58dd8d48988d146941735,599340510868a24d760b0b44,47.70372009277344,-117.03059387207031
Walmart Bakery,Deli / Bodega,4bf58dd8d48988d146941735,599314abda5ede480feee7d4,47.75176,-116.7935592
Pilgrim's Market,Gourmet Shop,4bf58dd8d48988d1f5941735,4b6f4e5ef964a52061ea2ce3,47.68771514458024,-116.78042127231238
Get & Go,Gourmet Shop,4bf58dd8d48988d1f5941735,4bb8227b53649c74d6cc46fb,47.7075197740409,-116.78385111676153
Shugar Shack,Dessert Shop,4bf58dd8d48988d1d0941735,4c2ae1dbd1a10f47602af764,47.695040999999996,-116.80581000000001
Pastry and More,Bakery,4bf58dd8d48988d16a941735,4dbb320c4b222080d371e303,47.70318135,-116.792359
Sweet B Cupcakes,Bakery,4bf58dd8d48988d16a941735,4de67cfe1f6e9d90c7f45b9e,47.6738311,-116.77960683333333
sweet peaks ice cream,Ice Cream Shop,4bf58dd8d48988d1c9941735,570d5878498ed34dda47d79e,47.673715,-116.78095900000001
Just Chillin' Frozen Yogurt,Frozen Yogurt Shop,512e7cae91d4cbb4e5efe0af,4e4f1c9a8877402b06bff2a8,47.670010172555486,-117.10412569629057
JAMMS Frozen Yogurt,Frozen Yogurt Shop,512e7cae91d4cbb4e5efe0af,4dcec2f7d22deadedd5aa130,47.707598309610816,-116.78566236774668
Dairy Queen,Ice Cream Shop,4bf58dd8d48988d1c9941735,4bb6b5122f70c9b67ae78530,47.71053257033674,-116.90038182221991
Dairy Queen,Ice Cream Shop,4bf58dd8d48988d1c9941735,4be4e8082468c9282486ff42,47.814409965780705,-116.88383728265762
Baskin-Robbins,Ice Cream Shop,4bf58dd8d48988d1c9941735,4b92df56f964a520512334e3,47.70176577367511,-116.78473784572778
Shenanigans Toy Emporium and Sweet Shop,Toy / Game Store,4bf58dd8d48988d1f3941735,4fd29a8ce4b0b916e9dcf204,47.673235,-116.782234
Cold Stone Creamery,Ice Cream Shop,4bf58dd8d48988d1c9941735,4b6a34a8f964a52002cd2be3,47.694845,-116.806228
The Creamery,Dessert Shop,4bf58dd8d48988d1d0941735,4e1a50ecfa76194645a38d08,47.45326571965067,-116.7862406947133
Top This,Ice Cream Shop,4bf58dd8d48988d1c9941735,4d4c89d815da2d436d0ade6c,47.69396644386101,-116.78694792111457
Abi's Ice Cream,Ice Cream Shop,4bf58dd8d48988d1c9941735,56d76953cd10f606cb1ddb63,47.674088,-116.78096200000002
Grooveberries,Ice Cream Shop,4bf58dd8d48988d1c9941735,5085e5f9e4b0caa91561e8de,47.695130214072066,-116.80657003542694
Freezia,Ice Cream Shop,4bf58dd8d48988d1c9941735,5782ed1e498e729e5ff7c299,47.714829,-116.946912
Top This,Ice Cream Shop,4bf58dd8d48988d1c9941735,4e4f14afd4c0b6da5d79bebe,47.71445734709465,-116.9067657287456
Sweet Peaks,Ice Cream Shop,4bf58dd8d48988d1c9941735,5959b57a1de76542cae2bd3f,47.673813,-116.780975
Woops!,Bakery,4bf58dd8d48988d16a941735,5d17d72bb55cb80023ed89a6,47.674065,-116.78149199999999
Big Daddy's Sweets,Pastry Shop,5744ccdfe4b0c0459246b4e2,5e98c2a40af88a00081dd0e8,47.71508188696861,-116.79208159446716
Chompers Cafe,Breakfast Spot,4bf58dd8d48988d143941735,55200ac0498ee3db6d194f06,47.7450039622857,-116.81842372736632
Denny's,Diner,4bf58dd8d48988d147941735,4c0165ccb45676b0d31de180,47.69831226718893,-116.78034946735352
J.B.'s Restaurant,Diner,4bf58dd8d48988d147941735,4bb8ee6b7421a5934749c240,47.70052719116211,-116.79669952392578
Grandma Zula's Kitchen,Diner,4bf58dd8d48988d147941735,4f108ccbe4b09e58a0054f54,47.70900900458246,-116.94715674178335
Gross Donuts,Donut Shop,4bf58dd8d48988d148941735,583b53ee9900e6088c5867dd,47.705243,-116.792308
Davis Donuts,Donut Shop,4bf58dd8d48988d148941735,4e296d51483baa86515f663a,47.70065711,-116.78060818
Gross Donuts,Donut Shop,4bf58dd8d48988d148941735,4cbf996d9ca85481f8b3b716,47.71125030517578,-116.92321014404297
The Donut House,Donut Shop,4bf58dd8d48988d148941735,4c5f99c6de6920a1a84e9464,47.75139975365022,-116.78710251809234
Rock Creek Station,Falafel Restaurant,4bf58dd8d48988d10b941735,4ecb19f3722efb00f7f3af12,47.710724,-116.82378
Maverik,Convenience Store,4d954b0ea243a5684a65b473,5d2f7bf9ec65e000074063bd,47.702447,-117.028733
Collective Kitchen Public House,American Restaurant,4bf58dd8d48988d14e941735,5706bd13498ee10e7d64ee76,47.673585,-116.779657
Roger's Ice Cream & Burgers,Burger Joint,4bf58dd8d48988d16c941735,4c1ab26eb9f876b0881a7946,47.673210606041884,-116.76792438441333
Fort Ground Grill,American Restaurant,4bf58dd8d48988d14e941735,4c518b0e5ee81b8dbc746a00,47.679127484098906,-116.793937971328
O'Shay's,Restaurant,4bf58dd8d48988d1c4941735,4c65edb4f7a80f47edde9c7a,47.671069,-116.75300717353821
Drummin Up BBQ,Food Truck,4bf58dd8d48988d1cb941735,58cafd379958425363221fb8,47.705975,-116.78669
Left Coast Fusion,Food Truck,4bf58dd8d48988d1cb941735,5b2ea0d659c423002cf0f797,47.7007447753505,-116.78051016128897
The Triple B Backhills Bbq On Best,Food Truck,4bf58dd8d48988d1cb941735,5b12fb3375eee4002c3cf942,47.70051809827307,-116.77871502873435
Coeur d’Alene Inn,Food Truck,4bf58dd8d48988d1cb941735,524d54787e4864ae5e37f73e,47.70069332707054,-116.79192066192627
Meltz extreme Food Truck,Food Truck,4bf58dd8d48988d1cb941735,5202f570498e0197f4684d1f,47.67480623701677,-116.78782415406562
Red Robin Gourmet Burgers and Brews,Restaurant,4bf58dd8d48988d1c4941735,4bb26152eb3e952156f2c90a,47.69425993,-116.8080705
Le Peep,French Restaurant,4bf58dd8d48988d10c941735,503cdb25e4b0c00e8fbd4487,47.692235506720095,-116.80982018304731
Bakery by the Lake,Bakery,4bf58dd8d48988d16a941735,4ba2a57ef964a5204d0c38e3,47.67276074820945,-116.77725534960648
The Garnet Café,Breakfast Spot,4bf58dd8d48988d143941735,4bf825fc5efe2d7f333b6a34,47.68831155424711,-116.78131830034226
Denny's,Breakfast Spot,4bf58dd8d48988d143941735,4ba41bfbf964a520748238e3,47.71172334748942,-116.92068815231323
Hudson's Hamburgers,Burger Joint,4bf58dd8d48988d16c941735,4b4ea270f964a5200ff326e3,47.673583079961894,-116.78386247279323
Bistro on Spruce,Café,4bf58dd8d48988d16d941735,4b7622e5f964a520273f2ee3,47.6916101923513,-116.78030171743043
Popeyes Louisiana Kitchen,Fried Chicken Joint,4d4ae6fc7a7b7dea34424761,59e92402a423622886c6f8f5,47.71364,-116.894054
Jack in the Box,Fried Chicken Joint,4d4ae6fc7a7b7dea34424761,4c0fcc9275f99c74a1bcecc4,47.69466021275966,-116.78676813840866
Cracker Barrel Old Country Store,American Restaurant,4bf58dd8d48988d14e941735,577d30fc498eeb45a865bb01,47.70135761296897,-116.80653333663939
KFC,Fried Chicken Joint,4d4ae6fc7a7b7dea34424761,4c03158c0d0e0f47e728029a,47.70884774759496,-116.89588657562439
KFC,Fried Chicken Joint,4d4ae6fc7a7b7dea34424761,4c82d57ed34ca143da5d3080,47.75568320659813,-116.79040745828382
Asian Twist,Asian Restaurant,4bf58dd8d48988d142941735,52a502f511d249c217d63973,47.693499,-116.790998
Sweet Lou's Restaurant & Tap House,Gastropub,4bf58dd8d48988d155941735,583f9da2c960277a02602669,47.672998,-116.777897
Filling Station - Post Falls,Gastropub,4bf58dd8d48988d155941735,5cb9312160255e002c7597c6,47.709109,-116.947551
Timber Gastro Pub,Gastropub,4bf58dd8d48988d155941735,5557f6ca498e8bc2450a96aa,47.71164231565779,-116.92195599369839
The Old European Restaurant,German Restaurant,4bf58dd8d48988d10d941735,4b526430f964a520037b27e3,47.71201109162702,-116.91948082117045
Wine Grotto Cafe,German Restaurant,4bf58dd8d48988d10d941735,571bdff6498e8504cf1d982b,47.744896,-116.776782
The Wooden Shoe,German Restaurant,4bf58dd8d48988d10d941735,4dc70d2ae4cd169dc674f5e9,47.708825803184695,-116.9473621723762
The Corner Cafe,Café,4bf58dd8d48988d16d941735,4c0be0187e3fc9288aebf582,47.71545757154536,-116.94624727772708
Santorini's,Greek Restaurant,4bf58dd8d48988d10e941735,4c13ec947f7f2d7f9bffdf68,47.71763,-116.78707851398214
Greek Street,Greek Restaurant,4bf58dd8d48988d10e941735,4d2e4bb349bb721e58ac7d95,47.69370651245117,-116.79084014892578
Rowans Island Grill,Hawaiian Restaurant,52e81612bcbc57f1066b79fe,5d6973bef5118300071467f4,47.452821,-116.786342
Crafted Tap House & Kitchen,Gastropub,4bf58dd8d48988d155941735,539e3e49498e06f4cc82c47f,47.67361441430792,-116.7784949475921
7-Eleven,Convenience Store,4d954b0ea243a5684a65b473,4c06eaa78b4520a1932d8697,47.7140176,-116.936524
Frank's Franks,Hot Dog Joint,4bf58dd8d48988d16f941735,4e1222366284edb6baddbd2c,47.652275,-117.090979
Chad's Chili Dogs,Hot Dog Joint,4bf58dd8d48988d16f941735,59b1ca9e32b61d24fa6bd7e4,47.714306,-116.89584
Mango Tree,Indian Restaurant,4bf58dd8d48988d10f941735,5b58ea0fd03360002c224dda,47.71503,-116.80944
The Corner Bar,Bar,4bf58dd8d48988d116941735,4c8d9d305e048cfae03ad7cd,47.69093920257139,-116.78042075159061
Jimmy's Down The Street,American Restaurant,4bf58dd8d48988d14e941735,4c1d1242eac020a18b9147c2,47.673404422541054,-116.76257144158221
Tony's on the Lake,Italian Restaurant,4bf58dd8d48988d110941735,4bfdda96b68d0f47df7ae957,47.646703269610754,-116.72333197507704
Iron Horse,Dive Bar,4bf58dd8d48988d118941735,4be4cb55910020a16c4cd214,47.673514428549495,-116.78068994336886
Uva Italian,Italian Restaurant,4bf58dd8d48988d110941735,56477d5a498eb7f013592dbe,47.67466735839844,-116.78197479248047
Jamba Juice,Juice Bar,4bf58dd8d48988d112941735,4bef276696edc9b67e634af2,47.693704,-116.786757
The Wellness Bar,Juice Bar,4bf58dd8d48988d112941735,56bbdafa498e2dab97e9cc5a,47.745512,-116.78600800000001
Liberty Lake Juice Company,Juice Bar,4bf58dd8d48988d112941735,58e15667a37d7208fd2109c9,47.66962814331055,-117.1053695678711
Bare Culture Kombucha,Juice Bar,4bf58dd8d48988d112941735,53b6f07b498ed182152cc459,47.680782318115234,-116.7806396484375
Prana Juice Bar & Eatery,Juice Bar,4bf58dd8d48988d112941735,581d112eafe1017268417f66,47.713196,-116.788748
Emerald City Smoothie,Juice Bar,4bf58dd8d48988d112941735,528fbaaf11d2c6e391afee9a,47.67021179199219,-117.10413360595703
Cafe Carambola,Latin American Restaurant,4bf58dd8d48988d1be941735,4cc1db2b42d1b60cf3a60c13,47.682264224650176,-116.79309462378635
Grille At Impanrda,Brazilian Restaurant,4bf58dd8d48988d16b941735,59c1d21b18d43b440eb3384f,47.69518,-116.80537
Grill From Ipanema,Brazilian Restaurant,4bf58dd8d48988d16b941735,58a764123ef0f6646cc1379b,47.694525,-116.806152
Brazilian Steakhouse,Brazilian Restaurant,4bf58dd8d48988d16b941735,4f3c5f27e4b0d8b9d9accf7c,47.67260473059647,-116.77789238493783
Skewers Mediterranean Cuisine Food Truck,Mediterranean Restaurant,4bf58dd8d48988d1c0941735,5904f541bb8d366fea708ea5,47.683765599241454,-116.79698760224244
Taco Bell,Mexican Restaurant,4bf58dd8d48988d1c1941735,4bcfcf6777b29c7461e08982,47.700994434246546,-116.78840188509008
Rancho Viejo,Mexican Restaurant,4bf58dd8d48988d1c1941735,4bd8decb11dcc9282b39f833,47.71107663831728,-116.91461019872592
Taco Bell,Mexican Restaurant,4bf58dd8d48988d1c1941735,4c50ed71d797e21e571f317b,47.71078660112362,-116.91879818817088
Las Chavelas,Mexican Restaurant,4bf58dd8d48988d1c1941735,4c5f20b013791b8d65a74caf,47.71206289669076,-116.79045014033612
La Cabana,Mexican Restaurant,4bf58dd8d48988d1c1941735,4c450668f799e21e47bcaea2,47.71412442572822,-116.94021911611192
Toro Viejo,Mexican Restaurant,4bf58dd8d48988d1c1941735,4b7b602af964a520ae602fe3,47.711611925382435,-117.00120045920447
Mexican Food Factory,Mexican Restaurant,4bf58dd8d48988d1c1941735,4ba3d51af964a5206e6438e3,47.684239,-116.78060584
Palenque Mexican Restaurant,Mexican Restaurant,4bf58dd8d48988d1c1941735,4b3ab959f964a520606d25e3,47.66749329769306,-117.10325435599734
Nadines Mexican Kitchen,Mexican Restaurant,4bf58dd8d48988d1c1941735,58ae38b898f8aa66f60221c8,47.811436,-116.89601
Toro Viejo,Mexican Restaurant,4bf58dd8d48988d1c1941735,4b908ecdf964a520eb8f33e3,47.75438352453109,-116.7871761196064
Taco Time,Mexican Restaurant,4bf58dd8d48988d1c1941735,4e4e3c14bd4101d0d7a58d04,47.731079073085276,-116.78897218909657
Las Palmitas,Mexican Restaurant,4bf58dd8d48988d1c1941735,4c376b1b93db0f47f4be1f92,47.674625396728516,-116.7828140258789
FajitaGrille,Mexican Restaurant,4bf58dd8d48988d1c1941735,5d89c5b0153d7800088b97f0,47.7100587,-116.9237677
Sweeto Burrito,Mexican Restaurant,4bf58dd8d48988d1c1941735,5872bc0602b60e3b69186226,47.702322,-116.804722
Qdoba Mexican Grill,Burrito Place,4bf58dd8d48988d153941735,5237b371bce6959aeccc206e,47.74671119475601,-116.7897829413414
Sweeto Burrito,Burrito Place,4bf58dd8d48988d153941735,58700022409f561554ff6fef,47.702093,-116.804566
Cafe Chulo,Mexican Restaurant,4bf58dd8d48988d1c1941735,4bbf70c7006dc9b6899afc3f,47.7076256275177,-116.78979098796844
Chipotle Mexican Grill,Burrito Place,4bf58dd8d48988d153941735,56be44ce498e8f6757b20c98,47.701141357421875,-116.78994750976562
Cafe Rio Mexican Grill,Mexican Restaurant,4bf58dd8d48988d1c1941735,4f6047add5fb16f55f614613,47.71274126340127,-116.79352963946322
Atilano's Mexican Food,Mexican Restaurant,4bf58dd8d48988d1c1941735,4e0a67b71f6e5252fa5207cd,47.70047293164286,-116.78255840764663
Tacos Reynoso,Mexican Restaurant,4bf58dd8d48988d1c1941735,5494d3ef498e68f2487821b7,47.70392380000001,-117.0378159
Rancho Viejo Mexican Restaurant Idaho,Mexican Restaurant,4bf58dd8d48988d1c1941735,4e0793d6ae60a90eabca210c,47.75220299999999,-116.785799
Taco Time,Taco Place,4bf58dd8d48988d151941735,4ba6c3f3f964a5204e6e39e3,47.669686,-117.106443
El Paisa,Mexican Restaurant,4bf58dd8d48988d1c1941735,4e35c3b4483bf3839a329ddf,47.691978,-116.791873
Qdoba Mexican Grill,Mexican Restaurant,4bf58dd8d48988d1c1941735,4b8ac7f8f964a5208d8032e3,47.69375662970286,-116.78705647587776
Azteca,Mexican Restaurant,4bf58dd8d48988d1c1941735,4beccdc9bbe62d7f796f7f2b,47.69521819403109,-116.8063908171747
Ricardo's Baja Tacos,Mexican Restaurant,4bf58dd8d48988d1c1941735,50ec8133e4b0000d06e34d5b,47.714516,-116.941421
Best Ave Food Truck Court,Food Truck,4bf58dd8d48988d1cb941735,57afc170498e553a6552994b,47.700367495977204,-116.77847026789686
Del Taco,Taco Place,4bf58dd8d48988d151941735,4bcd3a250687ef3bceb3e0cc,47.71461214294687,-116.89491454554594
Taco Works,Mexican Restaurant,4bf58dd8d48988d1c1941735,4c634f4bde1b2d7f279fe470,47.70051467028079,-116.77836922670203
Tacos Los Panchos,Taco Place,4bf58dd8d48988d151941735,4d602f3a865a224b4112a885,47.69623947143555,-116.78021240234375
Taco Loco,Mexican Restaurant,4bf58dd8d48988d1c1941735,4e276e09d22d848a145977b3,47.71435280813082,-116.94143772125244
Sonrisa,Taco Place,4bf58dd8d48988d151941735,57d4ba56498eeae94261a428,47.67366027832031,-116.77861022949219
Tacos Reynoso,Taco Place,4bf58dd8d48988d151941735,599c7e95446ea6731f54920a,47.673496,-116.76452
Blue Truck,Taco Place,4bf58dd8d48988d151941735,50fc1a30e4b05d912e70242c,47.70975875854492,-116.8673095703125
Fieldhouse pizza & pub,Pizza Place,4bf58dd8d48988d1ca941735,56db642f498ea0337dcd12ef,47.66936421270334,-117.10742021095623
Mod Pizza,Pizza Place,4bf58dd8d48988d1ca941735,55a1c520498e89f155ed59bc,47.70364871,-116.80753646
MacKenzie River Pizza Co.,Pizza Place,4bf58dd8d48988d1ca941735,4b5e5035f964a5201f8929e3,47.73348961554461,-116.79343629261776
Papa Murphy's,Pizza Place,4bf58dd8d48988d1ca941735,4c3d2776a97bbe9a2995fbdd,47.692600116167526,-116.78579813023642
Capone's Pub & Grill,Pizza Place,4bf58dd8d48988d1ca941735,4b8770a0f964a5205ebf31e3,47.68022075895256,-116.78121297948627
Papa Murphy's,Pizza Place,4bf58dd8d48988d1ca941735,4bc13e5b2a89ef3b3123f288,47.716737877097735,-116.90560425625367
Iron Pizza Company,Pizza Place,4bf58dd8d48988d1ca941735,5ee6c1680c2cb30008d5bf96,47.700808,-116.780617
Embers By The Lake,Pizza Place,4bf58dd8d48988d1ca941735,5590a919498eb1c3fa3fa01a,47.77449099808159,-117.007773441987
Olympia,Restaurant,4bf58dd8d48988d1c4941735,4b97eec2f964a5205e2035e3,47.674538,-116.782385
Papa Murphy's,Pizza Place,4bf58dd8d48988d1ca941735,4c3a45a2ae2da593780104c6,47.66998166158874,-117.10409468895939
Pizza Hut,Pizza Place,4bf58dd8d48988d1ca941735,4c56280a19a3be9a62db0a89,47.730523689974056,-116.79200112819672
Little Caesars Pizza,Pizza Place,4bf58dd8d48988d1ca941735,4c101ec981e976b0fea80eeb,47.710298,-116.918706
Domino's Pizza,Pizza Place,4bf58dd8d48988d1ca941735,4ccf90763e63721e801499cc,47.75371383444644,-116.79216600491827
The Pizza Factory,Pizza Place,4bf58dd8d48988d1ca941735,4c144d937f7f2d7fe0c2e068,47.70214497,-116.792737
Little Caesars Pizza,Pizza Place,4bf58dd8d48988d1ca941735,4d2525935886a0930ae8f052,47.70687344922998,-116.78429516706058
Domino's Pizza,Pizza Place,4bf58dd8d48988d1ca941735,4cd63ca4fb5954818652e350,47.7069177,-116.7856036
Pizza Hut,Pizza Place,4bf58dd8d48988d1ca941735,4bf86a225ec320a13cc388d3,47.714026163065384,-116.93584263324738
Pizza Hut,Pizza Place,4bf58dd8d48988d1ca941735,4bf1e1ed324cc9b65997cc92,47.70047671027356,-116.78886294364929
The Beacon,Pub,4bf58dd8d48988d11b941735,4bd9f98c2a3a0f47ff23a9b6,47.67354686565496,-116.78120355420364
Papa Murphy's,Pizza Place,4bf58dd8d48988d1ca941735,4d685eab67a8f04decf5ffbd,47.74705189999258,-116.79061026180817
Triple Play Pizzaria,Pizza Place,4bf58dd8d48988d1ca941735,4e07ad05ae60a90eabcacfe2,47.755913,-116.788874
Domino's Pizza,Pizza Place,4bf58dd8d48988d1ca941735,4c19b270d4d9c928b272f129,47.715454,-116.89548
Pepe Caldo Pizzeria,Pizza Place,4bf58dd8d48988d1ca941735,4e14beda88777cd5da36d492,47.690431824961614,-116.78044149548508
Northwest pizza company,Pizza Place,4bf58dd8d48988d1ca941735,4b930d56f964a5209e3134e3,47.707563,-116.792612
Pizza Pipeline,Pizza Place,4bf58dd8d48988d1ca941735,4c4a8247959220a18816390e,47.71237564086914,-116.79470825195312
Capone's Pub & Grill,American Restaurant,4bf58dd8d48988d14e941735,515c8761e4b0c09695713e7f,47.758493362966995,-116.78619500244862
Vine & Olive Eatery and Wine Bar,Restaurant,4bf58dd8d48988d1c4941735,5a300aa2a92d984b62bf224f,47.695353999999995,-116.806844
Capone's Pub & Grill,American Restaurant,4bf58dd8d48988d14e941735,4b85d10ff964a520947431e3,47.708344400972095,-116.8954829191448
Applebee's Grill + Bar,American Restaurant,4bf58dd8d48988d14e941735,4bbce5fe8ec3d13a72641b28,47.72943477,-116.7908693
Olive Garden,Italian Restaurant,4bf58dd8d48988d110941735,4b8aec7df964a5206d8932e3,47.734222683321775,-116.79369690619099
Moon Time,American Restaurant,4bf58dd8d48988d14e941735,4b610377f964a52013062ae3,47.67322073510645,-116.76258471555029
Bardenay,Burger Joint,4bf58dd8d48988d16c941735,4ba7c4f6f964a520beb139e3,47.695609415577536,-116.81077825631428
The Porch Public House,American Restaurant,4bf58dd8d48988d14e941735,4bdb85f663c5c9b606842868,47.765895027108726,-116.75954814233678
Tomato Street,Italian Restaurant,4bf58dd8d48988d110941735,4bbe6e87ba9776b068b9fdc8,47.70113084040766,-116.78933506708678
Chili's Grill & Bar,Tex-Mex Restaurant,56aa371ae4b08b9a8d5734ba,4bbe02a5593fef3b9c260456,47.7132783,-116.7926985
Tito's Italian Grill & Wine Shop,Italian Restaurant,4bf58dd8d48988d110941735,4c5618b94e701b8d13d4721c,47.673437053202505,-116.78318096470394
Nate's New York Pizza,Pizza Place,4bf58dd8d48988d1ca941735,4b9d47aaf964a520a79f36e3,47.71760083503511,-116.89222972242258
Fire Artisan Pizza,Pizza Place,4bf58dd8d48988d1ca941735,4e86155d02d50e8702cac2ac,47.673441437468654,-116.77874352423255
Satay Bistro and Wine Bar,American Restaurant,4bf58dd8d48988d14e941735,4f146f2ee4b0fd2951623fdf,47.69976457980293,-116.78134306380115
Angelo's Ristorante,Italian Restaurant,4bf58dd8d48988d110941735,4b8c7c2cf964a52023d332e3,47.6815236,-116.7804543
Subway,Sandwich Place,4bf58dd8d48988d1c5941735,4e3b5996d4c058f9dbe9e78a,47.713775090043,-116.90707383299122
Subway,Sandwich Place,4bf58dd8d48988d1c5941735,4d1f9665f7a9a143105e259f,47.70409230254946,-117.0310066826554
San Francisco Style Sourdough Eatery,Sandwich Place,4bf58dd8d48988d1c5941735,5c9d01b1c47cf9002c5d2548,47.714820861816406,-116.78569793701172
Meltz Extreme Grilled Cheese,Sandwich Place,4bf58dd8d48988d1c5941735,4fd79dade4b099b4715850b5,47.71611379119828,-116.80951491130853
Panera Bread,Sandwich Place,4bf58dd8d48988d1c5941735,5802805538faa8f4036a8d3a,47.74540582321402,-116.79141052882187
Firehouse Subs,Sandwich Place,4bf58dd8d48988d1c5941735,5a79b9dbb6eedb6bfe70e78e,47.70115,-116.80427
San Francisco Sourdough Eatery,Deli / Bodega,4bf58dd8d48988d146941735,4b995444f964a5207e7335e3,47.67721619897534,-117.0842778205684
Subway,Sandwich Place,4bf58dd8d48988d1c5941735,4de0520345dd3eae876c2f28,47.71619355,-116.97654133333333
Subway,Sandwich Place,4bf58dd8d48988d1c5941735,5aa711f2178a2a62ada83044,47.7495639,-116.7926142
Best Sandwich Shack,Sandwich Place,4bf58dd8d48988d1c5941735,4e039ad818a877730b747067,47.70021645004521,-116.77758891804511
Subway,Sandwich Place,4bf58dd8d48988d1c5941735,4d01a02837caa1cd1acedf47,47.701168,-116.78016299999999
Baked in Rustic,Sandwich Place,4bf58dd8d48988d1c5941735,594dbd9b1987ec28dcec0a35,47.673722999999995,-116.781922
Subway,Sandwich Place,4bf58dd8d48988d1c5941735,4bbcf13b593fef3b85d80256,47.75497658362374,-116.7921729490738
Subway,Sandwich Place,4bf58dd8d48988d1c5941735,4b662119f964a52054152be3,47.670426167145344,-117.10428917025507
Caruso's Sandwich Company,Sandwich Place,4bf58dd8d48988d1c5941735,4ba7dfcaf964a520f5ba39e3,47.693664,-116.787007
Jimmy John's,Sandwich Place,4bf58dd8d48988d1c5941735,518d6149498e370fc5a987ad,47.670294,-117.10713700000001
Jimmy John's,Sandwich Place,4bf58dd8d48988d1c5941735,4d702e3971d3a1431fd54750,47.70157994237178,-116.78543741035719
Subway,Sandwich Place,4bf58dd8d48988d1c5941735,4d9e13bac97a236a9da7cc99,47.71546217279725,-116.94834631437709
Pita Pit,Sandwich Place,4bf58dd8d48988d1c5941735,4bb23e5ea32876b0d75500fe,47.673342,-116.781583
Subway,Sandwich Place,4bf58dd8d48988d1c5941735,4e4dd758bd41b76bef940232,47.70115602085439,-116.7802316127279
Subway,Sandwich Place,4bf58dd8d48988d1c5941735,4f15e45ce4b04720492f4718,47.820036926397535,-116.88224433641487
Bullman's Wood Fired Pizza,Sandwich Place,4bf58dd8d48988d1c5941735,51983cd3498eebef7cfae44a,47.694856,-116.806461
Pita Pit,Sandwich Place,4bf58dd8d48988d1c5941735,4be717ac910020a14004d514,47.716187,-116.892228
Subway,Sandwich Place,4bf58dd8d48988d1c5941735,4c62ef9f69a1c9b691e139a4,47.7142168824317,-116.8953623641035
Subway,Sandwich Place,4bf58dd8d48988d1c5941735,5150a93ae4b0eeb91240adde,47.673209,-116.77646200000001
Subway,Sandwich Place,4bf58dd8d48988d1c5941735,4ee2d1dae4b04d23df5013ef,47.74424242192507,-116.83046621423529
Jimmy John's,Sandwich Place,4bf58dd8d48988d1c5941735,5800e3d838faf61a758b3e1b,47.71627426147461,-116.90628051757812
Jimmy John's,Sandwich Place,4bf58dd8d48988d1c5941735,514213c63d7ca5b4135aa8f4,47.7460170832291,-116.7928091834707
Pita Pit,Sandwich Place,4bf58dd8d48988d1c5941735,4ba18bd6f964a520a6bf37e3,47.746809,-116.790241
San Francisco Sourdough Eatery,Sandwich Place,4bf58dd8d48988d1c5941735,4c2ae26a2219c92856d0a348,47.694752327221806,-116.80639618285348
San Francisco Sourdough,Sandwich Place,4bf58dd8d48988d1c5941735,4c3250c5452620a155e9210f,47.673395560274265,-116.7814498437838
Subway,Sandwich Place,4bf58dd8d48988d1c5941735,4db1a95fcda14b702a4a3b51,47.70780563354492,-117.00279235839844
San Francisco Sourdough Eatery,Sandwich Place,4bf58dd8d48988d1c5941735,4ce5e4b2595cb1f78340b914,47.816528306521604,-116.882645006031
Brycies Cheesesteaks and Subs,Sandwich Place,4bf58dd8d48988d1c5941735,519abdf4498e86bd2f2378a2,47.696648,-116.801334
Subway,Sandwich Place,4bf58dd8d48988d1c5941735,4e4dd764bd41b76bef940304,47.714953023218364,-116.78566825009703
Daanen's Deli,German Restaurant,4bf58dd8d48988d10d941735,4ba7ef30f964a52004c039e3,47.74477568512438,-116.78531654405307
High Nooner,Sandwich Place,4bf58dd8d48988d1c5941735,4bf18c3999d02d7fff42c948,47.708238,-116.785548
San Francisco Style Sourdough Eatery,Sandwich Place,4bf58dd8d48988d1c5941735,58c850737a8f044fc0fde6fd,47.787342,-116.789566
Subway,Sandwich Place,4bf58dd8d48988d1c5941735,5e1378b08f89f400083ed2ba,47.711333859206476,-116.99687400362916
Midtown Deli,Sandwich Place,4bf58dd8d48988d1c5941735,4f7b562ae4b0bd4c7c83b696,47.71541213989258,-116.94060516357422
Subway,Sandwich Place,4bf58dd8d48988d1c5941735,4e4dd752bd41b76bef9401cc,47.710709,-116.922542
Pryor's Restaurant,Bar,4bf58dd8d48988d116941735,4c5f234954ac0f4770b3b221,47.70012904326242,-117.07398489748707
Beverly's,Seafood Restaurant,4bf58dd8d48988d1ce941735,4b6664d5f964a52014202be3,47.672116,-116.7840964
Fisherman's Market and Grill,Seafood Restaurant,4bf58dd8d48988d1ce941735,4bf8b7e192d1952194485a1f,47.715706994101076,-116.78952937712518
Red Lobster,Seafood Restaurant,4bf58dd8d48988d1ce941735,4b44f565f964a520650026e3,47.706925,-116.790708
Anthony's Restaurant,Seafood Restaurant,4bf58dd8d48988d1ce941735,57671633498e4d6c1bbc16f8,47.69598117673465,-116.81153762704491
Rob's Seafood & Burgers,Seafood Restaurant,4bf58dd8d48988d1ce941735,4d0e7a225c816ea8306e7d20,47.715032824808134,-116.94824780731447
Skippers - Seafood & Chowder,Seafood Restaurant,4bf58dd8d48988d1ce941735,4c74753b3adda1431ddc04af,47.73021697998047,-116.7914047241211
RawDeadFish,Seafood Restaurant,4bf58dd8d48988d1ce941735,5685e23538fab3a3507d29d2,47.700646,-116.778197
Auntie Anne's,Snack Place,4bf58dd8d48988d1c7941735,58f16f5e1ffe973298dea276,47.7490551,-116.7933641
Toro Viejo,Mexican Restaurant,4bf58dd8d48988d1c1941735,4c32467b16adc928ebdec19c,47.6741955125362,-116.7844993413769
Pop Pop Nom Nom,Snack Place,4bf58dd8d48988d1c7941735,56e5ea18498efdd0a9103d77,47.731956,-116.7902
Fred Meyer Fuel Center,Snack Place,4bf58dd8d48988d1c7941735,59831b30a9fe1212d72c7b1e,47.7126375595426,-116.79270109137292
SOUL,Soup Place,4bf58dd8d48988d1dd931735,51bf72c5498e1ea23b1ab57b,47.682293,-116.793227
Amerikan,Southern / Soul Food Restaurant,4bf58dd8d48988d14f941735,5ab3f5901c0b345b27f9fa6c,47.686325,-116.78028
315 Martinis and Tapas,Tapas Restaurant,4bf58dd8d48988d1db931735,4be33f0a2ff376b0d54c4fed,47.67686023006251,-116.78171146674158
315 Cuisine,Tapas Restaurant,4bf58dd8d48988d1db931735,5dcdf7996a6dce000737ecf1,47.67711791107911,-116.78168277546308
Wolf Lodge Steakhouse,Steakhouse,4bf58dd8d48988d1cc941735,4ba58204f964a520cd0d39e3,47.62863553985522,-116.62406394653122
Texas Roadhouse,Steakhouse,4bf58dd8d48988d1cc941735,4bb13236f964a52095823ce3,47.706811,-116.792342
The Cedars Floating Restaurant,Steakhouse,4bf58dd8d48988d1cc941735,4c521c35d797e21ef91c247d,47.6759210729874,-116.80460648399914
Dockside,Steakhouse,4bf58dd8d48988d1cc941735,4bc7496f2f94d13a289c117f,47.67209686549904,-116.78508850501727
The Oval Office Bistro and Martini Bar,Steakhouse,4bf58dd8d48988d1cc941735,4b6b9069f964a52020102ce3,47.713957763632074,-116.94783522391364
Outback Steakhouse,Steakhouse,4bf58dd8d48988d1cc941735,4b6a2a51f964a5201fcb2be3,47.69859026278644,-116.80600988925558
Gaiwan Tea House,Tea Room,4bf58dd8d48988d1dc931735,566c6c37498e9f832debba9d,47.68217326920814,-116.78151292728192
Dutch Bros Coffee,Tea Room,4bf58dd8d48988d1dc931735,5bf42f4f92e7a9002c20bbd7,47.715612051497644,-116.89723524492376
The Culinary Stone Cafe,Tea Room,4bf58dd8d48988d1dc931735,5e72868872b6ed0008307a1c,47.6957,-116.80901
Ten/6,Theme Restaurant,56aa371be4b08b9a8d573538,5b706cc4031320002c2bb333,47.679474,-116.78075
Love's Travel Stop,Truck Stop,57558b36e4b065ecebd306dd,4e6ae93a45ddadf2d0b1e973,47.711161,-117.0040991
Hauser Market Conoco,Truck Stop,57558b36e4b065ecebd306dd,5d24dcca557df1002b72a9e6,47.74577,-117.01970800000001
The White House Grill,Mediterranean Restaurant,4bf58dd8d48988d1c0941735,4b8d74e9f964a520d1fc32e3,47.71499705561628,-116.94779169897303
Buffalo Wild Wings,Wings Joint,4bf58dd8d48988d14c941735,5404fc82498e150d88cfe0fe,47.708294201550075,-116.79257512092585
Wingstop,Wings Joint,4bf58dd8d48988d14c941735,4c5f39facd522d7fc68bcb3f,47.701761765813465,-116.78542055958664
