name,category,category_id,venue_id,lat,long
Black Forest Restaurant,American Restaurant,4bf58dd8d48988d14e941735,4c6b423d96eaa5935e4722df,42.439671999999995,-123.31536200000001
Main Street diner,American Restaurant,4bf58dd8d48988d14e941735,562945ce498e8dd708cd071a,42.43390263364879,-123.16948039733106
Four Seasons,Asian Restaurant,4bf58dd8d48988d142941735,4d1d4d4af7a9a1436c040f9f,42.43635735,-123.32787612
The Royal Barge Noodle House,Asian Restaurant,4bf58dd8d48988d142941735,529e5c0d498e18bff4f6ffc9,42.422599,-123.353931
China Hut,Chinese Restaurant,4bf58dd8d48988d145941735,4b63757af964a5206a7b2ae3,42.453796000000004,-123.322907
A Taste of China,Chinese Restaurant,4bf58dd8d48988d145941735,4be0727eadacb713c63138d4,42.442846,-123.32269099999999
Panda King,Chinese Restaurant,4bf58dd8d48988d145941735,574f5a82498e15b841939de1,42.457871999999995,-123.32157600000001
Koi Sushi Bar & Asian Bistro,Japanese Restaurant,4bf58dd8d48988d111941735,5dad365f8813f200071cb49a,42.457894,-123.321588
Kobe,Sushi Restaurant,4bf58dd8d48988d1d2941735,51184f63e4b08106353dcfc0,42.43734611906039,-123.30864831437036
Tokyo Kitchen,Japanese Restaurant,4bf58dd8d48988d111941735,4f324a3c19836c91c7c918ac,42.436357,-123.327678
Shiki Sushi Bar,Japanese Restaurant,4bf58dd8d48988d111941735,4f32952519836c91c7e5eab5,42.438598,-123.32687
Hunan Garden,Sushi Restaurant,4bf58dd8d48988d1d2941735,4c5f65bc832fa5931c9eedd3,42.439559,-123.312316
Ahi Sushi and Sake Bar,Sushi Restaurant,4bf58dd8d48988d1d2941735,5be0624781635b002cb568bb,42.43202,-123.32945
Umi Sushi,Sushi Restaurant,4bf58dd8d48988d1d2941735,51509bade4b0f713c3070a0b,42.432017,-123.329447
Blue Monkey,Noodle House,4bf58dd8d48988d1d1941735,5b57f399838e59002c6af069,42.43869,-123.326043
Ban Mai,Thai Restaurant,4bf58dd8d48988d149941735,5623f081498ed5d034138940,42.460465,-123.31993
Royal Barge,Thai Restaurant,4bf58dd8d48988d149941735,4c3cf4347d002d7fdc2baf18,42.438565000000004,-123.32791100000001
Pok Pok Restaurant,Thai Restaurant,4bf58dd8d48988d149941735,51bfe4f6498e0293d5c8f97a,42.46127806496482,-123.32391481276903
Saigon Xich Lo,Vietnamese Restaurant,4bf58dd8d48988d14a941735,52698e3011d2a7b87f035f90,42.441194,-123.323944
Saigon,Vietnamese Restaurant,4bf58dd8d48988d14a941735,4fe60d4ee4b08674ca412c68,42.43650794998626,-123.32843312620894
Cartwright's Kitchen & Grill,BBQ Joint,4bf58dd8d48988d1df931735,58ff54ea82a7502fbff7f1bb,42.4358767,-123.3084573
Smoke House BBQ,BBQ Joint,4bf58dd8d48988d1df931735,4c083463009a0f4766c1e5bf,42.42200469970703,-123.35516357421875
<Script>Alert(1)</Script>,Bagel Shop,4bf58dd8d48988d179941735,5cf4304f60d11b002cdac045,42.432915,-123.33096
<Script>Alert(1)</Script>,Bagel Shop,4bf58dd8d48988d179941735,5cf43041fb8e59002cf9812c,42.432915,-123.33096
Heavenly Sweet Bakery,Bakery,4bf58dd8d48988d16a941735,5b5221c0180b91002c99c3bc,42.441093,-123.329124
Slice Of Heaven Bakery,Bakery,4bf58dd8d48988d16a941735,4f32135219833175d60e12f7,42.420988,-123.36740800000001
"twisted cork, Grants Pass",Bistro,52e81612bcbc57f1066b79f1,56a1699e498e3ae121b1dae9,42.438565000000004,-123.32791100000001
Wild Grape Bistro,Bistro,52e81612bcbc57f1066b79f1,5ce19d63c0c0840025f0ce22,42.421163,-123.332444
Carson’s Bistro,Bistro,52e81612bcbc57f1066b79f1,5c49176aa0215b002c4b7cb7,42.438887,-123.32942
Applegate River Lodge & Restaurant,Restaurant,4bf58dd8d48988d1c4941735,4bc424eedce4eee15cf8719d,42.255958557128906,-123.16939544677734
Taste of India,Buffet,52e81612bcbc57f1066b79f4,5a9f188c838e59693e7426a2,42.450751,-123.322904
Joe's Sports Bar & Grill,Bar,4bf58dd8d48988d116941735,4bb930a81261d13a7c6ee998,42.439671999999995,-123.31536200000001
Eddie's Old Fashion Hamburgers,Burger Joint,4bf58dd8d48988d16c941735,4b784fdbf964a52060c42ee3,42.423690666666666,-123.32088925
Papas Cafe & Grill,Breakfast Spot,4bf58dd8d48988d143941735,5012b795e4b06bc0bd1179bf,42.422867,-123.36273500000001
Sawyer Station,American Restaurant,4bf58dd8d48988d14e941735,56edc118498e46774829f518,42.431089,-123.049275
Cultured Palate,Cuban Restaurant,4bf58dd8d48988d154941735,5e6083f528d7e600081674d9,42.438758,-123.327426
The Jumpin Bean,Café,4bf58dd8d48988d16d941735,4d3756b395c7b60cfb89d695,42.456159,-123.32218
Ice Shack,Café,4bf58dd8d48988d16d941735,51bce917498eda3f0ba91aeb,42.452942,-123.320881
Heroe's American Cafe,Café,4bf58dd8d48988d16d941735,5616c3da498e5b447a83e200,42.439559,-123.312316
The Soda Fountain,Café,4bf58dd8d48988d16d941735,5298fffa498e3e7ea42b63e5,42.437287,-123.328218
The Animal House Cafe,Café,4bf58dd8d48988d16d941735,5073438fe4b04f015323eead,42.41218907238189,-123.39340255172779
Walmart Bakery,Deli / Bodega,4bf58dd8d48988d146941735,5992bccdfdb9a76e55f476a3,42.43483153,-123.3034956
Baskin-Robbins,Ice Cream Shop,4bf58dd8d48988d1c9941735,4d7802883915721eb9300983,42.42269592479923,-123.33592121127857
Yogurt Hut,Ice Cream Shop,4bf58dd8d48988d1c9941735,4dae46f81e7207bbeb0e0c12,42.435913798245366,-123.30806829301872
Tommi's Frozen Custard,Ice Cream Shop,4bf58dd8d48988d1c9941735,55b83b7c498efb5c4eefe60d,42.439728,-123.328309
Gold Miner,Diner,4bf58dd8d48988d147941735,4c96558238dd8cfaa98bda62,42.433725,-123.329233
Valentino's,Food Truck,4bf58dd8d48988d1cb941735,51353ee6e4b0f0a0d7e29165,42.44053889723651,-123.32875881654809
Rosie's Inferno,Food Truck,4bf58dd8d48988d1cb941735,51bcbe77498ee13dfef10ea0,42.440327,-123.328448
Mas Taco,Food Truck,4bf58dd8d48988d1cb941735,59caff2cbed4835dd0f77542,42.460396,-123.318301
Taste of Alaska,Food Truck,4bf58dd8d48988d1cb941735,5106f5c5e4b060fea4f3196c,42.43616485595703,-123.32840728759766
Wildriver PUB,Bar,4bf58dd8d48988d116941735,4dd58b397d8b322663c216bf,42.4385516720811,-123.31889416110587
Asian Express,Asian Restaurant,4bf58dd8d48988d142941735,4d72da0b0d0ca1432567b083,42.426603,-123.332477
Climate City Brewing Co.,Gastropub,4bf58dd8d48988d155941735,5513784d498e7da1358de541,42.440064649696296,-123.33146450518953
Johnny's,Hot Dog Joint,4bf58dd8d48988d16f941735,50f5bb74e4b08fd10a46232d,42.43552841794106,-123.2986535748655
Yumberry Bowl,Juice Bar,4bf58dd8d48988d112941735,58419091ea29b8701075e6dc,42.45315933227539,-123.32100677490234
True Juice,Juice Bar,4bf58dd8d48988d112941735,59f375bb3b83077c09442135,42.441708,-123.32604
Double J Coffee & Beverage Co.,Juice Bar,4bf58dd8d48988d112941735,501dcab2e8897897a846ebf9,42.438537,-123.3227
Island Juice,Juice Bar,4bf58dd8d48988d112941735,4c97cadd943237046a5c0650,42.43942379951477,-123.32889318466187
GTano's,Latin American Restaurant,4bf58dd8d48988d1be941735,535eb6e4498e0759a4feb411,42.439728,-123.328309
Blondies Bistro,Mediterranean Restaurant,4bf58dd8d48988d1c0941735,5122e4b1e4b0b8e44447eff3,42.43963623046875,-123.32872772216797
Taco Bell,Mexican Restaurant,4bf58dd8d48988d1c1941735,56945029498ead1640b55947,42.420288,-123.35188500000001
El Molcajete Mexican Restaurant,Mexican Restaurant,4bf58dd8d48988d1c1941735,5b6511402be425002c0aa3a2,42.427693,-123.32978200000001
Tic Toc Taco,Mexican Restaurant,4bf58dd8d48988d1c1941735,4d8419865e70224b69740609,42.423014,-123.320741
Si Casa Express,Mexican Restaurant,4bf58dd8d48988d1c1941735,4f109142e4b072565bb8222b,42.34783172607422,-123.33308410644531
Lupita's Taqueria,Mexican Restaurant,4bf58dd8d48988d1c1941735,4c97b9710fa7236af39f699b,42.440257,-123.32503
Tamales Rosamaria,Mexican Restaurant,4bf58dd8d48988d1c1941735,4c5da9a39b28d13a2a375a70,42.434284000000005,-123.330142
Taco Delite,Burrito Place,4bf58dd8d48988d153941735,4db722696a2349392fe91950,42.42256796,-123.35388838
Applegate Country Club,Pizza Place,4bf58dd8d48988d1ca941735,5a1f9f7fb5461824a3536602,42.2567138671875,-123.16934967041016
The bistro,Pizza Place,4bf58dd8d48988d1ca941735,4bdb9ee863c5c9b6300a2968,42.4507,-123.32299913333334
Sunflower Thai Restaurant,Thai Restaurant,4bf58dd8d48988d149941735,4b591f28f964a520a47d28e3,42.456024,-123.322152
The Jelly Donut,Donut Shop,4bf58dd8d48988d148941735,4b62232af964a520e7372ae3,42.457867,-123.320466
Angela's Mexican Restaurant,Mexican Restaurant,4bf58dd8d48988d1c1941735,4eab5397722efacf27bea2b7,42.45797417196096,-123.32183171158825
Malecon Grill and Cantina,Mexican Restaurant,4bf58dd8d48988d1c1941735,4e4c39b1c65bba8554cd3c6d,42.451724,-123.322121
Bee Gee's Dinner,American Restaurant,4bf58dd8d48988d14e941735,4b8e90d1f964a5200b2933e3,42.432449,-123.164801
Taqueria Guacamaya,Mexican Restaurant,4bf58dd8d48988d1c1941735,545170e5498ef8754512ae7e,42.430013,-123.17121200000001
Muchas Gracias,Mexican Restaurant,4bf58dd8d48988d1c1941735,4bcba7aa0687ef3b123adecc,42.46209782033257,-123.3202861548528
Figaro's Pizza,Pizza Place,4bf58dd8d48988d1ca941735,4e6d5af42271a8cabfc7c6a7,42.43112313995626,-123.04616993977885
Patties Kitchen,American Restaurant,4bf58dd8d48988d14e941735,4c4c8501959220a1d5762f11,42.431288,-123.050482
Wimer Way Cafe,Café,4bf58dd8d48988d16d941735,4e13d0e5227146630ab7a5e5,42.535926818847656,-123.16127014160156
Miguel's,Mexican Restaurant,4bf58dd8d48988d1c1941735,4c377c301e06d13a7e07763e,42.432419,-123.048786
Tarasco Mexican Restaurant,Mexican Restaurant,4bf58dd8d48988d1c1941735,4c7ac19b2d3ba143b05592d0,42.432204,-123.162605
Paisano's Italian Kitchen,Italian Restaurant,4bf58dd8d48988d110941735,4d8e8dc6d00a6ea827aebc4f,42.432267620348824,-123.16370676709933
Babe's Bakery,Bakery,4bf58dd8d48988d16a941735,5140fe07e4b0c7f463e3da7e,42.458298022059736,-123.32233376329796
Orchid Grill,Restaurant,4bf58dd8d48988d1c4941735,4b9fd78ff964a520be4337e3,42.452816999999996,-123.323053
Train Depot Restaurant,American Restaurant,4bf58dd8d48988d14e941735,4bddab910ee3a59307282eb0,42.438179999999996,-123.31778200000001
Jimmy's Classic Drive-In,Burger Joint,4bf58dd8d48988d16c941735,4b5902fbf964a520587828e3,42.439187653514225,-123.320863965481
Pizza Hut,Restaurant,4bf58dd8d48988d1c4941735,4e9f8df6722e575b9e95cf2e,42.435464,-123.310631
Buckboard Grill,American Restaurant,4bf58dd8d48988d14e941735,4b985d14f964a5201f3e35e3,42.337442,-123.331852
Fort Vannoy Market,Deli / Bodega,4bf58dd8d48988d146941735,4f321e8e19836c91c7b7e14b,42.445902000000004,-123.39536299999999
Taqueria Mexico,Mexican Restaurant,4bf58dd8d48988d1c1941735,4bb958b5b35776b0bfe2c901,42.437810999999996,-123.32702900000001
Powderhorn cafe,American Restaurant,4bf58dd8d48988d14e941735,4bc893eb6501c9b633634029,42.44105622366454,-123.32569400505261
Thai BBQ,Thai Restaurant,4bf58dd8d48988d149941735,4c6b368bd895ef3bf6893bc4,42.437144,-123.3287
G Street Bar & Grill,Sushi Restaurant,4bf58dd8d48988d1d2941735,4c53ac3430f92d7f76f22bb9,42.43855220326831,-123.32672609438711
El Charro Viejo,Mexican Restaurant,4bf58dd8d48988d1c1941735,5238add911d2497b720bf6aa,42.434086,-123.329575
Papa John's Pizza,Pizza Place,4bf58dd8d48988d1ca941735,4bbe97ab4e7bd13a3d4c9b7f,42.439728,-123.328309
Creekside Diner,Diner,4bf58dd8d48988d147941735,510c2fdae4b0150a50423c2d,42.3828010559082,-123.46673583984375
Wilderville Pizza Cafe,Pizza Place,4bf58dd8d48988d1ca941735,4f32910919836c91c7e454fe,42.38243865966797,-123.46658325195312
Baldini's Restaurant & Lounge,American Restaurant,4bf58dd8d48988d14e941735,4c07fc8a009a0f476462e5bf,42.516983,-123.42358200000001
Whitehorse Country Store,Restaurant,4bf58dd8d48988d1c4941735,4df571d6814d67cb4ba873e8,42.43770729,-123.45617286
McDonald's,Restaurant,4bf58dd8d48988d1c4941735,4beb476a9ab3b71324ddb549,42.436524,-123.308318
Red Robin Gourmet Burgers and Brews,Restaurant,4bf58dd8d48988d1c4941735,5b6319b9a9e402002cd8a462,42.4209287,-123.3515842
McDonald's,Restaurant,4bf58dd8d48988d1c4941735,4bae5e62f964a520f9a83be3,42.4612285,-123.322188
The Riffle Cafe,American Restaurant,4bf58dd8d48988d14e941735,4fe3d9ace4b0b0a4e400d511,42.514324,-123.418025
Oregon Pour Authority & Pizza Studio,Pizza Place,4bf58dd8d48988d1ca941735,58e85ff59e35d32132f6ec82,42.437834,-123.32564099999999
KFC,Restaurant,4bf58dd8d48988d1c4941735,4bc382bdabf495210addc393,42.43831417664648,-123.30991649425135
Si Casa Flores,Mexican Restaurant,4bf58dd8d48988d1c1941735,4c6cdb261585ef3b45a6079e,42.4366379737018,-123.30931990422484
Mod Pizza,Restaurant,4bf58dd8d48988d1c4941735,5c678603345cbe003942625e,42.43701525,-123.30414801
Hong Kong Cafe,Chinese Restaurant,4bf58dd8d48988d145941735,4bbe8ee5b083a5930848a2e9,42.446038,-123.32341399999999
The Vine Restaurant,Italian Restaurant,4bf58dd8d48988d110941735,4bd0790a9854d13ac9bef74d,42.420615000000005,-123.353326
Taprock Northwest Grill,American Restaurant,4bf58dd8d48988d14e941735,4bbf7700b083a5934f7da3e9,42.43082009462528,-123.3304502697494
Denny's,Breakfast Spot,4bf58dd8d48988d143941735,4b530332f964a520918c27e3,42.46206396263914,-123.32159341875013
Papa Murphy's,Pizza Place,4bf58dd8d48988d1ca941735,4bd3802977b29c7470099182,42.448116,-123.32036299999999
Kobe Sushi Buffet,Sushi Restaurant,4bf58dd8d48988d1d2941735,5118dcb645b0e20fe0d7a5e6,42.437568058261455,-123.30905829422576
Herb's La Casita,Mexican Restaurant,4bf58dd8d48988d1c1941735,4b7a19e9f964a520fe222fe3,42.42450276639776,-123.32898288778425
Elmer’s Restaurant,Breakfast Spot,4bf58dd8d48988d143941735,4c02c75d0d0e0f47c9a3019a,42.43698435824016,-123.29722368194221
Musashi,Sushi Restaurant,4bf58dd8d48988d1d2941735,4bd3a7dbcaff95216683d5f0,42.43730237963364,-123.32430504777352
Domino's Pizza,Restaurant,4bf58dd8d48988d1c4941735,4d06e683c2e537042072c667,42.439175,-123.32212700000001
the horny goat gastro pub,Restaurant,4bf58dd8d48988d1c4941735,568731f5498e3d43f194de67,42.4389438571509,-123.3287257004885
Panda Express,Chinese Restaurant,4bf58dd8d48988d145941735,57ce2e53498e4c597a757bbb,42.437283,-123.302705
Abby's Legendary Pizza,Pizza Place,4bf58dd8d48988d1ca941735,4c4a4929959220a12541e30d,42.421431,-123.33474199999999
Papa Murphy's,Pizza Place,4bf58dd8d48988d1ca941735,4be0ebec16b0ef3bc647cfe8,42.426291352726615,-123.33050621892826
Little Caesars Pizza,Pizza Place,4bf58dd8d48988d1ca941735,4c3d3c557d00d13a38153a50,42.421976,-123.336704
Applebee's Grill + Bar,Restaurant,4bf58dd8d48988d1c4941735,4b858884f964a520d66331e3,42.43611045,-123.2982423
Abby's Legendary Pizza,Pizza Place,4bf58dd8d48988d1ca941735,4f32394a19836c91c7c25b93,42.436389,-123.306985
Matsukaze,Japanese Restaurant,4bf58dd8d48988d111941735,4be4d7cfbcef2d7f3c3603e5,42.457647931060784,-123.32027981185303
La Burrita,Mexican Restaurant,4bf58dd8d48988d1c1941735,50c54d43e4b076c8e52f6b95,42.435950289819665,-123.31042713793322
Abby's Legendary Pizza,Pizza Place,4bf58dd8d48988d1ca941735,4d0275c3e14d59419c980494,42.434919,-123.17051599999999
Ma Mosa's,Breakfast Spot,4bf58dd8d48988d143941735,50086adde4b0b14ce4529565,42.441015971039334,-123.3266763248596
Circle J Cafe,American Restaurant,4bf58dd8d48988d14e941735,4c3cc1194bc9a593d21bd371,42.43965520854912,-123.32932090457444
Blondies Bistro,Cocktail Bar,4bf58dd8d48988d11e941735,4bc7b1700050b7139242b93b,42.439728,-123.328309
Why Not? Market,Convenience Store,4d954b0ea243a5684a65b473,4dfbbf3cd4c051aafed507fe,42.42127227783203,-123.30601501464844
Jersey Mike's Subs,Sandwich Place,4bf58dd8d48988d1c5941735,5ab84683a4b51b3dc0b6d105,42.43701171875,-123.30399322509766
Jimmy John's,Sandwich Place,4bf58dd8d48988d1c5941735,5da9e5bae7c66f0008216eff,42.4212713,-123.3324705
SUBWAY,Sandwich Place,4bf58dd8d48988d1c5941735,4be5f79e2468c928e6d80043,42.43511547379787,-123.29911446925252
SUBWAY,Sandwich Place,4bf58dd8d48988d1c5941735,4be89ae0d837c9b6cf8ea506,42.42045845142367,-123.334293805985
Pita Pit,Sandwich Place,4bf58dd8d48988d1c5941735,5a724840d4cc987ee9441b9a,42.421732,-123.336605
SUBWAY,Sandwich Place,4bf58dd8d48988d1c5941735,4c362c411e06d13aa6c4733e,42.41959464568047,-123.35387580855928
Pita Pit,Sandwich Place,4bf58dd8d48988d1c5941735,4c4747391ddec9286bd89c32,42.43872,-123.309136
Subway,Sandwich Place,4bf58dd8d48988d1c5941735,55e36531498e96764b821eb4,42.433684245354165,-123.16861537805897
Bridge Street Market,Convenience Store,4d954b0ea243a5684a65b473,4cb85ccb7148f04d2c20cfab,42.435316,-123.336554
Millie's Sandwich Shop,American Restaurant,4bf58dd8d48988d14e941735,4bbe20f5eeca95214c0b4df1,42.444134999999996,-123.322224
Dassh Bakery,Bakery,4bf58dd8d48988d16a941735,518aae13498edf25fcdb47ac,42.439225,-123.32876399999999
Rosso's,Restaurant,4bf58dd8d48988d1c4941735,4b844224f964a520e02a31e3,42.438215,-123.32679099999999
SUBWAY,Sandwich Place,4bf58dd8d48988d1c5941735,4bafb3b8f964a52008193ce3,42.458296999999995,-123.32296299999999
Baci's Pizza & Pasta,Pizza Place,4bf58dd8d48988d1ca941735,4e17af91483b5cfa49c38121,42.431948,-123.163611
Lil Pantry,Convenience Store,4d954b0ea243a5684a65b473,4c770d76947ca1cd61624637,42.423194524977,-123.32053621898501
Fat Tony's Panini,Sandwich Place,4bf58dd8d48988d1c5941735,5b57c2c53092be0039630c3a,42.450371999999994,-123.32306299999999
Wild River Brewing & Pizza Co.,Brewery,50327c8591d4c4b30a586d5d,4b6245ecf964a520b73f2ae3,42.43904148457664,-123.31764724107227
Casa Amiga,Mexican Restaurant,4bf58dd8d48988d1c1941735,4b980593f964a520ad2635e3,42.42024900045179,-123.35899127466688
Fred Meyer Fuel Center,Snack Place,4bf58dd8d48988d1c7941735,4b216cddf964a520a83b24e3,42.43640293674786,-123.30484211259338
Shari's Cafe and Pies,American Restaurant,4bf58dd8d48988d14e941735,4b63a363f964a520f2882ae3,42.436728,-123.298449
Laughing Clam,Seafood Restaurant,4bf58dd8d48988d1ce941735,4b673beef964a520e8422be3,42.43889,-123.32776
Black Bear Diner,Diner,4bf58dd8d48988d147941735,5490bc80498ec7f9c4769554,42.46079278854145,-123.32327133838058
Pongsri's Thai Restaurant,Thai Restaurant,4bf58dd8d48988d149941735,4ca296d2a73cb60cd4c61178,42.43945950497297,-123.32266877427135
goodness gracious,Café,4bf58dd8d48988d16d941735,50007f6ae4b066e96e5c845b,42.439225,-123.32876399999999
Hannah's Steam Laundry,Southern / Soul Food Restaurant,4bf58dd8d48988d14f941735,4d192c40bb488cfaa7d9bad4,42.43893814086914,-123.32901763916016
taroko asian tapas bar,Tapas Restaurant,4bf58dd8d48988d1db931735,58bb789e46563a69c62d2100,42.441695,-123.325631
"The Bohemian, A Bar & Bistro",Tapas Restaurant,4bf58dd8d48988d1db931735,501c5156e4b044246522d50e,42.439440000000005,-123.329369
The Rivers Edge,American Restaurant,4bf58dd8d48988d14e941735,4f7fb834e4b0acccb75edeec,42.42235985919117,-123.30080403682415
Sizzler,Steakhouse,4bf58dd8d48988d1cc941735,4c13bb86127f9521e8ba2425,42.45988,-123.320306
115 Broiler,Steakhouse,4bf58dd8d48988d1cc941735,4e19234b14957dc705dedd29,42.44151249893539,-123.32623594588837
The Teapot,Tea Room,4bf58dd8d48988d1dc931735,5557904b498e3f77cc557d3f,42.419419,-123.12476799999999
Dutch Bros Coffee,Tea Room,4bf58dd8d48988d1dc931735,5bf42f3b3fcee8002ca22930,42.496925915046276,-123.36909033622919
Abu's Oasis Deli,Restaurant,4bf58dd8d48988d1c4941735,4c869d3edc018cfa9b7df06c,42.452816999999996,-123.323053
Sunshine Natural Foods,Vegetarian / Vegan Restaurant,4bf58dd8d48988d1d3941735,4c0ab9babbc676b002624ad5,42.438565000000004,-123.32791100000001
Soup Station,Vegetarian / Vegan Restaurant,4bf58dd8d48988d1d3941735,4d770da5f2c054817d19a4a1,42.432953000000005,-123.163113
The Good Life,Vegetarian / Vegan Restaurant,4bf58dd8d48988d1d3941735,500daf55e4b08ffd5aecdb5e,42.440152,-123.326629
Your Wingman,Wings Joint,4bf58dd8d48988d14c941735,5130ecc9e4b0ba0714eb66ea,42.43627166748047,-123.32823944091797
