name,category,category_id,venue_id,lat,long
Jack in the Box,Burger Joint,4bf58dd8d48988d16c941735,4b943786f964a5203d6f34e3,46.198849945717356,-119.15845513343811
Wendy’s,Burger Joint,4bf58dd8d48988d16c941735,4bfec2ae369476b077d08c1f,46.24179932151577,-119.12223726511002
The Sturgeon Hole,Indian Restaurant,4bf58dd8d48988d10f941735,4c67238619f3c9b6aa23a2ff,46.054496067762734,-118.90963087055145
Don Antonio Mexican Restaurant,Mexican Restaurant,4bf58dd8d48988d1c1941735,57f00fff498eef0baaf37757,46.23107151301198,-119.09405028827678
Pizza Hut,Pizza Place,4bf58dd8d48988d1ca941735,4c0eedba336220a1cd17cd77,46.241773350671764,-119.11648124456406
Pizza Hut,Pizza Place,4bf58dd8d48988d1ca941735,4b59f38af964a52048a328e3,46.21224025958698,-119.22504056991784
Domino's Pizza,Pizza Place,4bf58dd8d48988d1ca941735,4cb67e7055af224b33989a7e,46.24125307217118,-119.14118396668982
Just Joel's,Breakfast Spot,4bf58dd8d48988d143941735,5ae5ea82e7a237002c840966,46.20972,-119.13965
Domino's Pizza,Restaurant,4bf58dd8d48988d1c4941735,4c9687c882b56dcbd968e2aa,46.20721322845919,-119.11652865889549
KFC,Restaurant,4bf58dd8d48988d1c4941735,4bef2a6c2ff520a18c38e8a2,46.20915520448076,-119.15760487001359
Pizza Hut,Restaurant,4bf58dd8d48988d1c4941735,4bbd4d4da8cf76b0debab1fd,46.20655945361257,-119.12932482431637
Little Caesars Pizza,Pizza Place,4bf58dd8d48988d1ca941735,4bea2cbfb3352d7fc8f554d2,46.241944000000004,-119.116876
Don Antonio Mexican and American Restaurant,American Restaurant,4bf58dd8d48988d14e941735,5608c2d3498ee7b989bbb86f,46.207863,-119.118909
magills,American Restaurant,4bf58dd8d48988d14e941735,504e3afae4b095865923301e,46.21351430894571,-119.1218695592063
Cousins' Restaurant and Lounge,American Restaurant,4bf58dd8d48988d14e941735,4b68df4cf964a5200b912be3,46.269581336430825,-119.18286915344237
Applebee's Grill + Bar,American Restaurant,4bf58dd8d48988d14e941735,4b633580f964a520c26a2ae3,46.275153,-119.1849253
Arby's,American Restaurant,4bf58dd8d48988d14e941735,4bd87fa75cf276b05d699d00,46.273824812279315,-119.18440175058095
Seasons Restaurant,American Restaurant,4bf58dd8d48988d14e941735,4b7744a1f964a520538d2ee3,46.24997488857899,-119.11552369594574
Arby's,American Restaurant,4bf58dd8d48988d14e941735,4c0aeaeea1b32d7fd23f9af0,46.2126764159286,-119.169102699293
The Village Bistro,American Restaurant,4bf58dd8d48988d14e941735,56de17dccd10232e24f41a24,46.21195720985338,-119.1933560371399
The Original Pancake House,American Restaurant,4bf58dd8d48988d14e941735,5902b27535d3fc7ff2781b94,46.17624282836914,-119.1889419555664
Kennewick City Grill,American Restaurant,4bf58dd8d48988d14e941735,4f04b5459adf4efb1425c280,46.2126579284668,-119.1581802368164
Jakes Cafe,American Restaurant,4bf58dd8d48988d14e941735,4c6979f48d22c928bf54b745,46.203651428222656,-119.15936279296875
R.F. McDougall's,American Restaurant,4bf58dd8d48988d14e941735,4b7cc281f964a5206da42fe3,46.23757775834557,-119.22113088747417
Arby's,American Restaurant,4bf58dd8d48988d14e941735,4b75c4f5f964a52064232ee3,46.2252101058048,-119.223091144938
Uptown Bar and Grill,American Restaurant,4bf58dd8d48988d14e941735,4bc940c23740b713838e5e65,46.288795665305976,-119.2753761286705
Arby's,American Restaurant,4bf58dd8d48988d14e941735,4c1af563b9f876b09e997946,46.2818938372705,-119.274364113807
Cafe At Queensgate,American Restaurant,4bf58dd8d48988d14e941735,4ba50c1bf964a5205bd538e3,46.24715931666667,-119.29930386666666
Ripples Riverside Bar & Grill/Restaurant,American Restaurant,4bf58dd8d48988d14e941735,4c52ec7fb6dabe9ac39cf513,46.277539000000004,-119.272846
Waterfront Bistro,American Restaurant,4bf58dd8d48988d14e941735,4d3a6ade1fc36dcb174f66f5,46.264037,-119.252587
Nomad Kitchen and Lounge,New American Restaurant,4bf58dd8d48988d157941735,55b88406498efbb38b4f701f,46.221834,-119.225494
Lee's Tahitian,Asian Restaurant,4bf58dd8d48988d142941735,4d30aff97791224b42a0d342,46.231486330552265,-119.12750988292426
Fresh Out The Box,Asian Restaurant,4bf58dd8d48988d142941735,5ab000c92db4a91c2b7b22f8,46.211804,-119.192639
J's Asian Flaming Grill,Asian Restaurant,4bf58dd8d48988d142941735,4e15f9a9ae60a0ac0637cd60,46.209830475602836,-119.1576701722663
Teriyaki Grill,Asian Restaurant,4bf58dd8d48988d142941735,4c000b5037850f47f5a0973f,46.210319,-119.223457
Thai City Noodles,Asian Restaurant,4bf58dd8d48988d142941735,50c24f3fe4b0489424e52f43,46.225807,-119.218622
Ruby Thai Kitchen,Asian Restaurant,4bf58dd8d48988d142941735,5212dae711d2889d951d34b5,46.22599,-119.228016
Pho Ever,Asian Restaurant,4bf58dd8d48988d142941735,4c9a5f9adb10b60cee1f926d,46.28800964355469,-119.27542114257812
Panda Express,Chinese Restaurant,4bf58dd8d48988d145941735,4be8c38d9a54a5935d6e0a11,46.27304872442542,-119.18528024212412
Bamboo Garden,Chinese Restaurant,4bf58dd8d48988d145941735,4f1c6c30e4b03543a254a00e,46.21818,-119.22853
Golden Palace,Chinese Restaurant,4bf58dd8d48988d145941735,4bbe2351eeca9521340f4df1,46.282938065724046,-119.27404969858667
Wok King,Chinese Restaurant,4bf58dd8d48988d145941735,4be894ebd837c9b62785a506,46.22481310999203,-119.215589842833
Great Wall Chinese Buffet,Chinese Restaurant,4bf58dd8d48988d145941735,4d155f0f302da1cde172af93,46.234557230701164,-119.22281109633258
Chinese Gardens,Chinese Restaurant,4bf58dd8d48988d145941735,4bb1482af964a52050893ce3,46.24192676181182,-119.09543202659832
Golden Wok,Chinese Restaurant,4bf58dd8d48988d145941735,56d8ef55498e43e53833aa20,46.272866,-119.18550800000001
Oriental Express,Chinese Restaurant,4bf58dd8d48988d145941735,4bbd044ba0a0c9b6e41e1b0f,46.24105,-119.119018
Three Flames Mongolian Grill,Chinese Restaurant,4bf58dd8d48988d145941735,4bc1460774a9a59382b6d1f6,46.29116028545447,-119.27762558314629
Noodle Thyme,Chinese Restaurant,4bf58dd8d48988d145941735,5a95bb1414994611114a659c,46.227424,-119.237582
Panda Express,Chinese Restaurant,4bf58dd8d48988d145941735,4bfee58ae584c92859676d25,46.2260541591402,-119.22792786202272
Asian Express,Chinese Restaurant,4bf58dd8d48988d145941735,4bf34ba26a31d13a718e942e,46.241932283333334,-119.12418723106384
National Fire Supply,Filipino Restaurant,4eb1bd1c3b7b55596b4a748f,5ac8651f16fa0438cd2909b5,46.215988,-119.2061279
Shogun Teriyaki & Sushi,Sushi Restaurant,4bf58dd8d48988d1d2941735,583897b00acb6a4bcb477ee6,46.33169937133789,-119.28218078613281
Aki Sushi,Japanese Restaurant,4bf58dd8d48988d111941735,5768b2af498e33bbb4bd6ddd,46.21189,-119.22631
Teriyaki Grill,Japanese Restaurant,4bf58dd8d48988d111941735,4c2ea1513896e21e7eb1e290,46.275778,-119.18503799999999
Tokyo Sushi & Teriyaki,Sushi Restaurant,4bf58dd8d48988d1d2941735,5d535f6a93ba2100084f79d6,46.17820739746094,-119.18761444091797
Shiki Sushi & Grill,Sushi Restaurant,4bf58dd8d48988d1d2941735,58bcb670735a4d22f8650b52,46.226696,-119.23304
Osaka,Japanese Restaurant,4bf58dd8d48988d111941735,502da0ede4b0b49bb47a6313,46.1853179396331,-119.17651551378133
Nikko Sushi & Steak,Sushi Restaurant,4bf58dd8d48988d1d2941735,58a67d972948b313979503f3,46.273608,-119.184692
Mizu,Sushi Restaurant,4bf58dd8d48988d1d2941735,4ed1aec45c5c9528fae21e23,46.227123913467786,-119.22596138203629
Gangnam Style BBQ,Korean Restaurant,4bf58dd8d48988d113941735,59b18dd00d173f341f411a40,46.217714,-119.226682
Seoul Fusion,Korean Restaurant,4bf58dd8d48988d113941735,5a396c172e268066d3d6b12b,46.212019,-119.188692
Hong's Mongolian,Mongolian Restaurant,4eb1d5724b900d56c88a45fe,5136467ee4b0c8f0ce057199,46.22348342543329,-119.22180780982241
Mongolian & Pho,Asian Restaurant,4bf58dd8d48988d142941735,4be1b70787e42d7fe3a2870b,46.209201,-119.15649
Bamboo Mongolian Grill,Mongolian Restaurant,4eb1d5724b900d56c88a45fe,4ef3e2a89a528bc5d7ebdbcf,46.24124591144609,-119.11985020332368
Hua's Mongolian Buffet,Noodle House,4bf58dd8d48988d1d1941735,4b7f6288f964a520822b30e3,46.223421510608894,-119.22179169006436
Nothing But Noodles,Noodle House,4bf58dd8d48988d1d1941735,4e4dbd8dbd41b76bef926294,46.217875,-119.227527
Noodle Zone,Noodle House,4bf58dd8d48988d1d1941735,4e30af4a18a8172289a90a58,46.22606344189237,-119.22827006046221
Pho Lao,Thai Restaurant,4bf58dd8d48988d149941735,575df31b498e95e6b66ff8a6,46.21282,-119.19646
Noodle Zone,Thai Restaurant,4bf58dd8d48988d149941735,51bcff6b498e9339a8bc3980,46.27127,-119.177507
Thai Garden Restaurant,Thai Restaurant,4bf58dd8d48988d149941735,4d5a2433d0332c0fdd866eda,46.21106599619279,-119.18045208410112
Tip’s Thai House,Thai Restaurant,4bf58dd8d48988d149941735,5c4cfaabe0c0c9002c5a4897,46.18181228637695,-119.17322540283203
Baan Khun Ya,Thai Restaurant,4bf58dd8d48988d149941735,58e3e83284c4ed267a3a64f3,46.275001,-119.273084
Lotus Asian Market & Snack Bar,Asian Restaurant,4bf58dd8d48988d142941735,506de5e6e4b0c3dbe09554ca,46.287238,-119.275325
Phuket Thai,Thai Restaurant,4bf58dd8d48988d149941735,4bb41136bd4b9c74b75a32f5,46.22581481933594,-119.21863555908203
Mezzo Thai Fusion,Thai Restaurant,4bf58dd8d48988d149941735,567016bb498e96ac6423c2ae,46.22747175151701,-119.2496395111084
Lao Kitchen,Thai Restaurant,4bf58dd8d48988d149941735,5705929b498eee3c6226aa03,46.288862,-119.275624
Thai Kitchen,Thai Restaurant,4bf58dd8d48988d149941735,522a816411d22df72b7ae95f,46.226057,-119.228302
Columbia Asian Market,Vietnamese Restaurant,4bf58dd8d48988d14a941735,4c420a87ff711b8d1ee71205,46.24078989028931,-119.11632835865021
Yummie Pho,Vietnamese Restaurant,4bf58dd8d48988d14a941735,4bd75f720b779c74860405a0,46.210319,-119.223457
Pho Le,Vietnamese Restaurant,4bf58dd8d48988d14a941735,50edd6ace4b0da7c9bc5adef,46.21331060316878,-119.20073420100975
Porters BBQ,BBQ Joint,4bf58dd8d48988d1df931735,5a9f4ea067f62b30720a20a5,46.22061,-119.223631
Dickeys Barbecue Pit,BBQ Joint,4bf58dd8d48988d1df931735,5ae9123e4a7aae002c2b0fc9,46.27126431,-119.17796991
Dickey's Barbecue Pit,BBQ Joint,4bf58dd8d48988d1df931735,595b724a123a195de69958cc,46.20828451,-119.15956439
Some Bagels,Bagel Shop,4bf58dd8d48988d179941735,4b8e85a8f964a520a12633e3,46.19955641666667,-119.117338
Ashley's Donuts,Bagel Shop,4bf58dd8d48988d179941735,4f3226df19836c91c7bb442e,46.292724609375,-119.29949951171875
Coffee Shop,Bagel Shop,4bf58dd8d48988d179941735,51e73d77498ed805d82fd729,46.271418,-119.220811
Fred Meyer,Supermarket,52f2ab2ebcbc57f1066b8b46,4b70de6df964a52064322de3,46.19727003170196,-119.1613894701004
Viera's Bakery,Bakery,4bf58dd8d48988d16a941735,4da9b86ba86e771ea711c42f,46.23050032486267,-119.09230389737186
Ethos Bakery & Cafe,Bakery,4bf58dd8d48988d16a941735,5d20d5127dc74200236944a7,46.248351,-119.302008
artfetti,Bakery,4bf58dd8d48988d16a941735,586802aa3cccc67768f8f074,46.225897,-119.23198
Eli’s bakery,Bakery,4bf58dd8d48988d16a941735,5e05c10c53f5420008fe540f,46.2417554,-119.1039949
Cupcakes Bakery & Deli,Bakery,4bf58dd8d48988d16a941735,4f3ec810e4b042a33bb99acd,46.212765,-119.196521
tsp Bakeshop,Bakery,4bf58dd8d48988d16a941735,52d43c34498e70eda81b704f,46.28672848135743,-119.35084350879451
Entenmans Bakery Outlet,Bakery,4bf58dd8d48988d16a941735,50f04bcce4b0961cdcd36ae0,46.216575622558594,-119.1325454711914
Cookies by Design,Bakery,4bf58dd8d48988d16a941735,4d068cbf0e49721ed8b27b7f,46.213600158691406,-119.19286346435547
Tri City Cake Company,Bakery,4bf58dd8d48988d16a941735,50a18600e4b0eaa917a0f2a6,46.224105539222506,-119.26620832459263
cupcakes,Bakery,4bf58dd8d48988d16a941735,4c3788dd0a71c9b6b7073fc9,46.208839416503906,-119.1218032836914
Tri-City Piece O'Cake,Bakery,4bf58dd8d48988d16a941735,5aced5b1088158513cfa3194,46.2300874,-119.09244790000002
Lonardo's Gourmet Bakerie,Bakery,4bf58dd8d48988d16a941735,4c2bcdedae6820a189691843,46.209133,-119.139531
Bookwalter Winery,Wine Bar,4bf58dd8d48988d123941735,4b9aa950f964a520c4ca35e3,46.253776257913515,-119.29874852479554
Pacific Pasta & Grill,Bistro,52e81612bcbc57f1066b79f1,5560c5ee498ead268a925317,46.217874,-119.227435
The Landing Bistro And Lounge,Bistro,52e81612bcbc57f1066b79f1,584a99569b7eac6983b9d4bf,46.27119,-119.271065
Sake Express Sushi & Teriyaki,Bubble Tea Shop,52e81612bcbc57f1066b7a0c,5c627145ecb3ed00251e1384,46.2590842,-119.3069742
Jack in the Box,Burger Joint,4bf58dd8d48988d16c941735,4cbc5be17a5d9eb0cc6531e9,46.212644878968064,-119.18414667248726
Wendy’s,Burger Joint,4bf58dd8d48988d16c941735,4b9ff0cff964a5203d4c37e3,46.22632037424687,-119.21450927853584
Sports Page,Bar,4bf58dd8d48988d116941735,4c4a813146240f475f22faf1,46.20838979668735,-119.12156741197495
Carl's Jr. / Green Burrito,Burger Joint,4bf58dd8d48988d16c941735,4b71cf04f964a520a25d2de3,46.22061283542487,-119.2229791052971
Zips,Burger Joint,4bf58dd8d48988d16c941735,4c1bd04db4e62d7fba05da93,46.23501710557806,-119.22237360767525
Kimo's Sports Bar and Brewpub,Sports Bar,4bf58dd8d48988d11d941735,4bb7fb4b3db7b71361e0209a,46.23757140000001,-119.2220863
Wendy’s,Burger Joint,4bf58dd8d48988d16c941735,4bfb0c8af214a593c0b6ae0e,46.21202217221631,-119.16342794895172
Hop Jack's,Burger Joint,4bf58dd8d48988d16c941735,57d49a65498e8962c7d68f91,46.17854,-119.186577
Ty's Bar and Grill,Bar,4bf58dd8d48988d116941735,4bdca9c9c79cc9283e9487e9,46.29725845759361,-119.33804182862565
Dax's Bar & Grill,Bar,4bf58dd8d48988d116941735,4d391bb976d1a35d7178048e,46.275186012562884,-119.27623239136679
Burger Ranch,Burger Joint,4bf58dd8d48988d16c941735,4b648e54f964a5204ebd2ae3,46.207461,-119.128271
Bombers Drive In,Burger Joint,4bf58dd8d48988d16c941735,4dde9e2e52b155583e065889,46.278261436429844,-119.28248066641201
A&W,Burger Joint,4bf58dd8d48988d16c941735,4c48c62f6f1420a163cdb754,46.20923985818937,-119.15756464004517
Ruff's Drive-In,Burger Joint,4bf58dd8d48988d16c941735,4c9289dff600236adbe2bd32,46.21206879615784,-119.176596
FrankenBurger,American Restaurant,4bf58dd8d48988d14e941735,583e51b8790bea29b1f1c26b,46.2207,-119.22346
BNSF Repair Track,Cafeteria,4bf58dd8d48988d128941735,4cc542bf306e224b36e8a16c,46.2646369934082,-119.09698486328125
Roasters,Café,4bf58dd8d48988d16d941735,58f29426780eee4349b2edd3,46.220476504098926,-119.19128549306345
7-Eleven,Café,4bf58dd8d48988d16d941735,4c1c61428b3aa59320e5985f,46.2126940641483,-119.170341342687
Ann's Best Creole And Soul Food,Cajun / Creole Restaurant,4bf58dd8d48988d17a941735,519d2939498e8cdc18b50ce2,46.241787,-119.13473
Havana  Cafe,Cuban Restaurant,4bf58dd8d48988d154941735,5d324fc7f2215400084a4129,46.231161,-119.089896
Collegium Cafe,Café,4bf58dd8d48988d16d941735,530f6a59498e0eeb86187305,46.226945,-119.049418
Mocha Express,Café,4bf58dd8d48988d16d941735,4b9bf305f964a520803936e3,46.22765,-119.23771
Cougar Cafes,Café,4bf58dd8d48988d16d941735,5ed4977b7eff4f0008d4ab20,46.251821,-119.4744
Caterpillar Cafe,Café,4bf58dd8d48988d16d941735,5557bd1f498e8d4108ff9ece,46.28975478488895,-119.27546964768264
Bookmark Cafe,Café,4bf58dd8d48988d16d941735,528a631d498e42875667acf8,46.279850006103516,-119.27903747558594
Garden Cafe,Café,4bf58dd8d48988d16d941735,4c3b941462f1c92874bf8f53,46.28125385701844,-119.28320617221817
Bitchin' in the Kitchen,Comfort Food Restaurant,52e81612bcbc57f1066b7a00,54b9d36a498e0b8a26c257cb,46.196841,-119.200794
Kadlec River's Edge Espresso Deli,Deli / Bodega,4bf58dd8d48988d146941735,5064fefae4b0b6cb7882e69b,46.28171324104909,-119.28187545531301
Walmart Bakery,Deli / Bodega,4bf58dd8d48988d146941735,59930607345cbe217d542652,46.25846,-119.30833
Walmart Bakery,Deli / Bodega,4bf58dd8d48988d146941735,5993145ffe37405b85d701c4,46.2720068,-119.1881778
Walmart Bakery,Deli / Bodega,4bf58dd8d48988d146941735,5a9f2b8ec66666026abf3809,46.182607,-119.17725
Cinnabon,Bakery,4bf58dd8d48988d16a941735,4b9c6527f964a520816536e3,46.22606795663809,-119.22726981145276
Layered Cake Artistry,Cupcake Shop,4bf58dd8d48988d1bc941735,5e0ed18e2929910008dfaffc,46.2083734,-119.1194885
Surprise Cupcakes,Cupcake Shop,4bf58dd8d48988d1bc941735,4c996a7c80958cface813ad4,46.263103,-119.26641399999998
Sugar Rainbow Cakes,Cupcake Shop,4bf58dd8d48988d1bc941735,5309248a498e6033a09b0247,46.22574996948242,-119.23163604736328
Bean & Jeni's Cupcakery,Cupcake Shop,4bf58dd8d48988d1bc941735,5324cddd498e7d6eb43e4a31,46.288805949528836,-119.27545430907338
MyFroyo,Frozen Yogurt Shop,512e7cae91d4cbb4e5efe0af,51e1cf21498ea369c7ee89ed,46.256255,-119.311598
Yogurt Beach,Frozen Yogurt Shop,512e7cae91d4cbb4e5efe0af,57b3d5f9498ec361b5ca831e,46.199751,-119.223562
Yoplicity Frozen Yogurt,Frozen Yogurt Shop,512e7cae91d4cbb4e5efe0af,4e151e507d8b7c3377001396,46.18607657407641,-119.1797927722454
MyFroYo,Frozen Yogurt Shop,512e7cae91d4cbb4e5efe0af,4c13f64977cea5936cd1cf60,46.2709955762496,-119.18119795941517
Myfroyo,Frozen Yogurt Shop,512e7cae91d4cbb4e5efe0af,51a95f79498e10d68af0e143,46.226309,-119.228177
MyFroYo,Frozen Yogurt Shop,512e7cae91d4cbb4e5efe0af,4ff5f76de4b054fba9e72591,46.209839,-119.15382
Dairy Queen,Ice Cream Shop,4bf58dd8d48988d1c9941735,4bdb8e8ac79cc928808383e9,46.2072578,-119.1594071
Dairy Queen,Ice Cream Shop,4bf58dd8d48988d1c9941735,4c523d3c9d642d7f75b2dede,46.287014454518264,-119.2779877781868
Dairy Queen Grill & Chill,Ice Cream Shop,4bf58dd8d48988d1c9941735,5a47ebd0acb00b66ac69ceea,46.25466679956493,-119.3194386736107
Dairy Queen,Ice Cream Shop,4bf58dd8d48988d1c9941735,4c19a16598f4a593307b00f6,46.226851956452805,-119.24581037357005
Baskin-Robbins,Ice Cream Shop,4bf58dd8d48988d1c9941735,4baff010f964a520ee2c3ce3,46.211880934838845,-119.1604915312389
Dairy Queen,Ice Cream Shop,4bf58dd8d48988d1c9941735,501edac4e4b09a44d6b2f67a,46.27096887213205,-119.17894452810287
Spare Time Lanes & Arcade,Bowling Alley,4bf58dd8d48988d1e4931735,4ba180fbf964a52074bc37e3,46.206024486640224,-119.12798715061784
Baskin-Robbins,Ice Cream Shop,4bf58dd8d48988d1c9941735,4bd47e47637ba593a3c3f470,46.27786295751926,-119.28179305700212
Dairy Queen,Ice Cream Shop,4bf58dd8d48988d1c9941735,4c087f52bbc676b000c146d5,46.241863,-119.106834
Baskin-Robbins,Ice Cream Shop,4bf58dd8d48988d1c9941735,4bad5a11f964a5202e493be3,46.24174905757622,-119.12173342848479
Baskin-Robbins,Ice Cream Shop,4bf58dd8d48988d1c9941735,4cdf0553f8a4a143b070dbbc,46.22756257193503,-119.25056531373946
Maui's Apple,Ice Cream Shop,4bf58dd8d48988d1c9941735,4f0a101ae4b0e624d8cc3e64,46.29996322750206,-119.2756328972586
Ethos Bakery,Bakery,4bf58dd8d48988d16a941735,4e8fc1f8b63456ab952a4354,46.318503,-119.300581
Denny's,Diner,4bf58dd8d48988d147941735,4b690ae8f964a520c4972be3,46.2091712,-119.1592191
Hill's Restaurant And Lounge,Diner,4bf58dd8d48988d147941735,5c6c81f2d69ed0002c2587cb,46.20991,-119.15511
Andy's Coffee Break,Breakfast Spot,4bf58dd8d48988d143941735,4c06a7928a81c9b6f60f2690,46.24153946646523,-119.13545910716994
Big Dave's Construction,Diner,4bf58dd8d48988d147941735,594ce9cd35811b3c06fb8989,46.192431,-119.13823
Daily Donuts,Bagel Shop,4bf58dd8d48988d179941735,4f321cb619836c91c7b71c9f,46.24162065409478,-119.1043499979257
Real del Sol,Falafel Restaurant,4bf58dd8d48988d10b941735,4d75759de40aa0933f840be2,46.241944000000004,-119.116876
Zip's,Burger Joint,4bf58dd8d48988d16c941735,4b9c4018f964a520fc5836e3,46.27456806133203,-119.27867091880994
Zip's Hamburgers And Fish,Burger Joint,4bf58dd8d48988d16c941735,4bd37dc1a8b3a59399276a5f,46.21173187737667,-119.11103771250899
crazy crab pot,Fish & Chips Shop,4edd64a0c7ddd24ca188df1a,5889474513af1c486b1b9872,46.210899,-119.157899
Churrería Mía,Food Stand,56aa371be4b08b9a8d57350b,58096e9138fab1dc492262a7,46.23892,-119.09497
Mr. Pro's Original Philly Cheesesteak,Food Stand,56aa371be4b08b9a8d57350b,56f0602f498e670545c07a30,46.23563,-119.09493
La Grullense,Food Stand,56aa371be4b08b9a8d57350b,57f94ca2498e22530bd9f78c,46.24132,-119.09992
Tacos Jalisco,Food Truck,4bf58dd8d48988d1cb941735,4e0a9feb62846ae661ced107,46.20492573533819,-119.13503472497433
Natties,Food Truck,4bf58dd8d48988d1cb941735,574a15ca498e43b1d9161fe9,46.17385226409271,-119.21328040416414
Food Truck Friday,Food Truck,4bf58dd8d48988d1cb941735,571a7670498e8b42af76bb8a,46.22973549950692,-119.09168965206206
esterno's wood fired pizza,Food Truck,4bf58dd8d48988d1cb941735,51b91056498e0cefb77e01dd,46.22841474637984,-119.26904028310584
TacosLaDiferencia,Food Truck,4bf58dd8d48988d1cb941735,50d0dae1e4b0e3ff0b66921e,46.234939344486854,-119.24707326320888
Burritos Tortas And Tacos,Food Truck,4bf58dd8d48988d1cb941735,4c8d4a6b5e048cfa4475d4cd,46.20086498181313,-119.13789334932862
Ice Harbor Brewing Company,Brewery,50327c8591d4c4b30a586d5d,4b762098f964a5208a3e2ee3,46.2107614,-119.1199367
Ice Harbor Brewing Co.,Brewery,50327c8591d4c4b30a586d5d,4ccba75ac0378cfaa3b68048,46.217065303144985,-119.11120531301896
Twigs,Cocktail Bar,4bf58dd8d48988d11e941735,4e8bc8062c5b6d0b18965c36,46.2266805492399,-119.22593829001792
In The Kitchen Makin Food,Breakfast Spot,4bf58dd8d48988d143941735,4ee660c6be7b4845a619e892,46.23718589014548,-119.15124369700798
Jack in the Box,Fried Chicken Joint,4d4ae6fc7a7b7dea34424761,4bb915fbcf2fc9b6dc39a002,46.2420787,-119.132311
The Chicken Shack,Fried Chicken Joint,4d4ae6fc7a7b7dea34424761,5c3ff5cff96b2c002c49857b,46.278663635253906,-119.20767974853516
KFC,Fried Chicken Joint,4d4ae6fc7a7b7dea34424761,4e4e0600bd4101d0d7a07038,46.259476,-119.30846399999999
KFC,Fried Chicken Joint,4d4ae6fc7a7b7dea34424761,4f322afc19836c91c7bcdb2e,46.259474997138604,-119.30846856625311
KFC,Fried Chicken Joint,4d4ae6fc7a7b7dea34424761,4f32967119836c91c7e664aa,46.22048268846411,-119.22476784234527
Foodies Too,Gastropub,4bf58dd8d48988d155941735,5c6b1bdad807ee002cfd8066,46.27499,-119.274605
Budweiser Building,German Restaurant,4bf58dd8d48988d10d941735,5789a001498ee50b0625e8f3,46.248572,-119.079008
Greek Islands,Greek Restaurant,4bf58dd8d48988d10e941735,4e764e5dd1643f93b2518f2f,46.227395645831216,-119.26562709764363
Indian Cuisine Express,Indian Restaurant,4bf58dd8d48988d10f941735,58eed1f5e65d0c119ec1a8aa,46.22768783569336,-119.23649597167969
Love Curry Indian Cuisine,Indian Restaurant,4bf58dd8d48988d10f941735,5445587b498e85f5d927b579,46.273824,-119.184426
Tagaris Winery & Taverna Tagaris,Winery,4bf58dd8d48988d14b941735,4b776707f964a52017982ee3,46.25523266459651,-119.29863592357282
Carmine's Italian Restaurant,Italian Restaurant,4bf58dd8d48988d110941735,4b9859cbf964a5205b3d35e3,46.207399,-119.125889
The Folded Pizza Pie,Italian Restaurant,4bf58dd8d48988d110941735,5400ee7f498e97f41dabf0f9,46.270194485492766,-119.28546762657811
Bella Italia Ristorante,Italian Restaurant,4bf58dd8d48988d110941735,4c424c02d7fad13a4ef808da,46.223675,-119.21425
Monterosso's,Italian Restaurant,4bf58dd8d48988d110941735,4c01b7fd1747a59324025eca,46.27537807135231,-119.277403
Casa Mia Italian Restaurant,Italian Restaurant,4bf58dd8d48988d110941735,4f446ecf19836ed001940fc3,46.27415084838867,-119.27397155761719
Fresh Juice Me,Juice Bar,4bf58dd8d48988d112941735,57e2a92b498e8e1647c1f257,46.2267951965332,-119.26559448242188
FreshPicks Smoothies & Fruit,Juice Bar,4bf58dd8d48988d112941735,51ce212f498e3b4453ad2235,46.223628,-119.234845
Jamba Juice,Juice Bar,4bf58dd8d48988d112941735,568407fa498ea2caaa330c9a,46.257717,-119.310487
Orange Julius,Juice Bar,4bf58dd8d48988d112941735,4b804faef964a520d06630e3,46.22595760654215,-119.22736644744873
Orange Julius,Juice Bar,4bf58dd8d48988d112941735,5092d5a03d7ce7bdb2f6993c,46.226225027476104,-119.22752383867646
Amazingly Fresh,Juice Bar,4bf58dd8d48988d112941735,5550f2af498ef7cacc99b94f,46.258182525634766,-119.34078216552734
Fuego Mexican Grill,Latin American Restaurant,4bf58dd8d48988d1be941735,51fc2e4f498edd33eaca59ce,46.18423704955101,-119.17206081763928
Boiada Brazilian Steakhouse,Brazilian Restaurant,4bf58dd8d48988d16b941735,5cfc048db6eedb002c989dbc,46.22768,-119.23382
Pacific Pasta & Grill Restaurant And Catering,Restaurant,4bf58dd8d48988d1c4941735,4f7656a2e4b06336468d30b6,46.21795111788278,-119.22753527342901
Plaza Oaxaca LLC,Mexican Restaurant,4bf58dd8d48988d1c1941735,5d11ae5e8132b90023617bc1,46.24281380000001,-119.135018
tacos el rey,Mexican Restaurant,4bf58dd8d48988d1c1941735,50d5013fe4b0afbc0ddeb547,46.2419161736614,-119.1170764359046
Taco Bell,Mexican Restaurant,4bf58dd8d48988d1c1941735,4b7c9674f964a5207f9c2fe3,46.27353960163177,-119.18436407336024
Taqueria Mexico,Mexican Restaurant,4bf58dd8d48988d1c1941735,5509b332498e167c597dc8a1,46.270650212057866,-119.17919955730413
El Antojito,Mexican Restaurant,4bf58dd8d48988d1c1941735,4f321ed919836c91c7b80022,46.228424072265625,-119.10198211669922
Taco Bell,Mexican Restaurant,4bf58dd8d48988d1c1941735,4b8c612af964a520c4cd32e3,46.24113076087466,-119.12280775497845
El Antijito,Mexican Restaurant,4bf58dd8d48988d1c1941735,5d28db49291358002327cb3b,46.24184036254883,-119.11593627929688
Sammys Meat Market,Mexican Restaurant,4bf58dd8d48988d1c1941735,4d44a6387e2e548127b6628f,46.23206314592791,-119.09086278304363
Mexico Lindo Del Rico,Mexican Restaurant,4bf58dd8d48988d1c1941735,4e1f8ce4b61c8ce9c7ce2e1f,46.241703,-119.11323999999999
El Mirador,Mexican Restaurant,4bf58dd8d48988d1c1941735,55636486498e6fdf83d727c8,46.240413665771484,-119.11695861816406
El Aguila,Mexican Restaurant,4bf58dd8d48988d1c1941735,4f9ee520e4b0739758e01978,46.22422940059838,-119.10079989576897
Inca Mexican Restaurant,Mexican Restaurant,4bf58dd8d48988d1c1941735,5d3917a6d962bb0008b72242,46.210941314697266,-119.19242858886719
Azteca,Mexican Restaurant,4bf58dd8d48988d1c1941735,4bfc7632e9d8c9281e9eb2c7,46.19819036713098,-119.16021436726835
La Posada Mexican Grill,Mexican Restaurant,4bf58dd8d48988d1c1941735,51ab9bf2498ed029719fcb48,46.212601,-119.16398
Cozumel,Mexican Restaurant,4bf58dd8d48988d1c1941735,5b7c8f79c53093002cd9338f,46.17548,-119.18579
Taco Bell,Mexican Restaurant,4bf58dd8d48988d1c1941735,5866c760b12d9f3e94e9c282,46.178741455078125,-119.18817901611328
Mi Linda Sierra,Mexican Restaurant,4bf58dd8d48988d1c1941735,5428485b498eb51b6a197193,46.212632,-119.1965
El Fat Cat Grill,Mexican Restaurant,4bf58dd8d48988d1c1941735,4d8e85c0fa943704d07405c6,46.2051887512207,-119.1500015258789
Fiesta Mexican Restaurant,Mexican Restaurant,4bf58dd8d48988d1c1941735,4bd3898941b9ef3beb7800e6,46.18426756302417,-119.17249856687185
Baja Fresh,Mexican Restaurant,4bf58dd8d48988d1c1941735,55e8ebc0498eb1a849e5bcf9,46.178571,-119.186809
La Carreta,Mexican Restaurant,4bf58dd8d48988d1c1941735,4bc1347a461576b000ad7b32,46.211116790771484,-119.16671752929688
Azteca,Mexican Restaurant,4bf58dd8d48988d1c1941735,576f616c498e0e11899a2ebb,46.226401,-119.208613
Tomatillo,Mexican Restaurant,4bf58dd8d48988d1c1941735,59bf309aa2a6ce1a7cd57958,46.225897,-119.23198
El Chapala Mexican Restaurant,Mexican Restaurant,4bf58dd8d48988d1c1941735,58700e8fd4ab7350e1a513e6,46.211553,-119.226069
Taco Del Mar,Mexican Restaurant,4bf58dd8d48988d1c1941735,4c464d11f5aee21e692b1858,46.225897,-119.23198
Cinco De Mayo Family Restaurant,Mexican Restaurant,4bf58dd8d48988d1c1941735,4c22763a9a67a593a487dc87,46.231158,-119.222343
3 Margaritas,Mexican Restaurant,4bf58dd8d48988d1c1941735,4bc3cff6b492d13a835aa960,46.22631072998047,-119.20860290527344
Tacos Super Uno,Mexican Restaurant,4bf58dd8d48988d1c1941735,532b5b7c498e50f55dbd95f4,46.26082229614258,-119.28194427490234
El Porton,Mexican Restaurant,4bf58dd8d48988d1c1941735,536843a3498e24d6b7ca025b,46.25994110107422,-119.28380584716797
Miss Tamale,Mexican Restaurant,4bf58dd8d48988d1c1941735,5cc5f8c2a795bd002ceb25ee,46.275089,-119.274627
El FatCat Grill,Mexican Restaurant,4bf58dd8d48988d1c1941735,4fbfe998e4b0c1dd094c261e,46.277171,-119.274065
El Rancho Alegre,Mexican Restaurant,4bf58dd8d48988d1c1941735,4d86acb402eb54816f0c5df5,46.25758910746078,-119.31034081415213
Taco House,Mexican Restaurant,4bf58dd8d48988d1c1941735,555ce73e498e8bc25167c170,46.285503,-119.275763
Chipotle Mexican Grill,Mexican Restaurant,4bf58dd8d48988d1c1941735,5e9fe24eb042700007d8d1f3,46.25855108350215,-119.30982174273115
Tacos El Mexicano,Mexican Restaurant,4bf58dd8d48988d1c1941735,57ea7fef498e4f5b5ad5de3f,46.26051330566406,-119.28410339355469
Inca Mexican Restaurant,Mexican Restaurant,4bf58dd8d48988d1c1941735,4b6b87eef964a520430e2ce3,46.227754424332986,-119.26557135044392
El Taco Loco,Mexican Restaurant,4bf58dd8d48988d1c1941735,4fcd785ce4b00c762ccaac90,46.228424072265625,-119.10198211669922
Jimenez Taco Truck,Food Truck,4bf58dd8d48988d1cb941735,4f4d86e6e4b05b49b4ecbe84,46.2420654296875,-119.1754379272461
Tacos La Esperanza,Taco Place,4bf58dd8d48988d151941735,4d45ef7d3616b60c2347f3c2,46.24112666541195,-119.09464080519503
El Sazón,Mexican Restaurant,4bf58dd8d48988d1c1941735,5264753c11d2eefc84c09819,46.212091,-119.176667
Del Taco,Taco Place,4bf58dd8d48988d151941735,5de1908618f0a7000727c6a0,46.263626,-119.285215
Kikos Tacos,Mexican Restaurant,4bf58dd8d48988d1c1941735,4bb54be06edc76b030972f1c,46.19760156726998,-119.11734485038838
Costa Vida,Mexican Restaurant,4bf58dd8d48988d1c1941735,4e814ae302d58549eda90aa0,46.185938,-119.179983
Taco Time,Taco Place,4bf58dd8d48988d151941735,4c182cdb6a21c9b68fb9c897,46.210218,-119.224125
Tumbleweeds,Mexican Restaurant,4bf58dd8d48988d1c1941735,4cfbf85ddccef04dcf04be9c,46.27826437646405,-119.28184042377936
Junior's Tacos,Taco Place,4bf58dd8d48988d151941735,4ce2dc463644a09364ca649f,46.241018,-119.09655
The Wild Taco,Taco Place,4bf58dd8d48988d151941735,5b410a21b3d8e2002c82df2a,46.26051330566406,-119.28410339355469
La Fama,Taco Place,4bf58dd8d48988d151941735,4be2229b21d5a59377fa1511,46.234255,-119.107417
Inca Mexican Restaurant,Mexican Restaurant,4bf58dd8d48988d1c1941735,4c007a8ead46c9b6c6a08f66,46.212814,-119.16988
El Asadero,Mexican Restaurant,4bf58dd8d48988d1c1941735,4cf410bf1d18a143c8bf63ec,46.241469,-119.12234
Taco Time,Taco Place,4bf58dd8d48988d151941735,56e49237498efb2e1efb7fc2,46.280598,-119.27497
Azteca,Mexican Restaurant,4bf58dd8d48988d1c1941735,4c2552f3b7b8a5936a1c3ee8,46.225160793232156,-119.22654585429837
evergreen mexican grill,Mexican Restaurant,4bf58dd8d48988d1c1941735,5a1b92adda7080182907fbe2,46.227814,-119.108007
Donitas Tacos,Taco Place,4bf58dd8d48988d151941735,5903a225f00a703cd1ab929a,46.230751,-119.117844
Taco Time,Taco Place,4bf58dd8d48988d151941735,4bf19cd4d39ad13ac073aa0e,46.22768783569336,-119.23649597167969
Carnicera Karne MAX,Mexican Restaurant,4bf58dd8d48988d1c1941735,4d83cc1640a7a35dedcefdbd,46.272619516666666,-119.18533266666667
Tacos Palomino Express 2,Taco Place,4bf58dd8d48988d151941735,4e729ccf62e1d20af4348895,46.21261,-119.196549
Willy's Mexican Restaurant,Taco Place,4bf58dd8d48988d151941735,5288262b11d2a9f7a6778537,46.23389434814453,-119.07968139648438
Al Basha Kabab,Middle Eastern Restaurant,4bf58dd8d48988d115941735,57bd0672498ec935ef71e30b,46.213065,-119.169809
Kabob House,Middle Eastern Restaurant,4bf58dd8d48988d115941735,5c34ffac9d7468002c535eb0,46.259117,-119.308716
White Bluffs Brewing,Brewery,50327c8591d4c4b30a586d5d,4d13ec5281cea35d03b0ceec,46.31846746731443,-119.30050977593427
Chuck E. Cheese,Arcade,4bf58dd8d48988d1e1931735,4c0c4613bbc676b04be74cd5,46.224783,-119.207462
Little Caesars Pizza,Pizza Place,4bf58dd8d48988d1ca941735,4bf9c74d5317a59366de017f,46.209907,-119.15749
Domino's Pizza,Pizza Place,4bf58dd8d48988d1ca941735,5800618ad67cdb43b691a731,46.270984000000006,-119.182313
Casa Mia,Italian Restaurant,4bf58dd8d48988d110941735,4b9c4f94f964a5205b5e36e3,46.274129460044364,-119.2739738088152
Atomic Ale Brewpub & Eatery,Pizza Place,4bf58dd8d48988d1ca941735,4b95ba00f964a520e7b034e3,46.27464734581122,-119.27740840373059
Little Caesars Pizza,Pizza Place,4bf58dd8d48988d1ca941735,4f388347e4b0ea2d7f0ccd98,46.272282,-119.183932
Little Caesars Pizza,Pizza Place,4bf58dd8d48988d1ca941735,4d72f49a5f003704a14ee9a0,46.28984180353879,-119.27635740128171
Sahara Pizza - Pasco,Pizza Place,4bf58dd8d48988d1ca941735,4bee10dd2c082d7f8b023042,46.255860262593686,-119.18155780362102
Domino's Pizza,Pizza Place,4bf58dd8d48988d1ca941735,4d41f118aed776eb66e16997,46.258152018963756,-119.34094190597534
4th Base Pizza,Restaurant,4bf58dd8d48988d1c4941735,593437b6acb00b7de8d8c10d,46.208273,-119.118665
Domino's Pizza,Pizza Place,4bf58dd8d48988d1ca941735,4d41f114aed776eb81df6997,46.290122,-119.277367
Papa Murphy's | Take 'N' Bake Pizza,Pizza Place,4bf58dd8d48988d1ca941735,4e4d3cb8bd413c4cc66fa3d6,46.24120488320558,-119.11505940969585
Pizza Hut,Pizza Place,4bf58dd8d48988d1ca941735,4c5ffc0d3a3703bb1b13e406,46.228152,-119.244515
Papa John's Pizza,Pizza Place,4bf58dd8d48988d1ca941735,4e4d45fdbd413c4cc66fdad4,46.2268081,-119.2487585
Sbarro,Pizza Place,4bf58dd8d48988d1ca941735,4c87f3739dd6b60c7c0b023a,46.226309,-119.226967
Venezia Ristorante,Italian Restaurant,4bf58dd8d48988d110941735,4c17c46afe5a76b0440c0115,46.34790194806577,-119.27221141413726
McDonald's,Restaurant,4bf58dd8d48988d1c4941735,4bca5e00937ca5935fd1a792,46.241118481341246,-119.12031830172054
trejo's mexican restaurant,Mexican Restaurant,4bf58dd8d48988d1c1941735,55314344498ed9e3d63ce647,46.241917,-119.114148
Magill's,American Restaurant,4bf58dd8d48988d14e941735,4b7255c9f964a52007782de3,46.25662091844844,-119.18036218744766
Andy's North,Comfort Food Restaurant,52e81612bcbc57f1066b7a00,5301069d498e1ae608a3380d,46.24173278885274,-119.1355021554252
Papa John's Pizza,Pizza Place,4bf58dd8d48988d1ca941735,589fdaeab6e67d158dbdee5d,46.27137970252481,-119.17291797642997
Fiesta Mexican Restaurant,Mexican Restaurant,4bf58dd8d48988d1c1941735,4bf1b192d39ad13ac88aaa0e,46.27434389375337,-119.18586213855863
KFC,Restaurant,4bf58dd8d48988d1c4941735,4bb15e18f964a5202e8f3ce3,46.241125739811494,-119.1208527699232
Round Table Pizza,Pizza Place,4bf58dd8d48988d1ca941735,4cd8c8f11891236a723b380b,46.241856,-119.133381
Shakey's Pizza Parlor,Pizza Place,4bf58dd8d48988d1ca941735,4f2083626d8670bd6cc55bd2,46.26902088787202,-119.1821497003885
Great Harvest Bread Co.,Bakery,4bf58dd8d48988d16a941735,5092c062e4b0f2ad7907a3a6,46.22369,-119.234945
SagePort Grille,American Restaurant,4bf58dd8d48988d14e941735,4b9fee65f964a520684b37e3,46.23770685180117,-119.22436364868332
Sushi Mori,Sushi Restaurant,4bf58dd8d48988d1d2941735,4b7600e2f964a520db352ee3,46.2259547,-119.2332843
Bangkok Thai,Thai Restaurant,4bf58dd8d48988d149941735,4b95cc4bf964a5209eb334e3,46.228403,-119.232047
Tony's Tacos,Taco Place,4bf58dd8d48988d151941735,4bd399ba77b29c748f4d9182,46.211886,-119.171785
The Crow's Nest Bar & Grill,American Restaurant,4bf58dd8d48988d14e941735,4c4244b4520fa59373ffcaac,46.2173599809203,-119.1095179531104
Between The Buns Restaurant,Hot Dog Joint,4bf58dd8d48988d16f941735,4e287fecd164bfc24f236939,46.2131939,-119.172369
Power & Strength Burgers and Fries,Burger Joint,4bf58dd8d48988d16c941735,54935d28498efdb6a10f733e,46.19984436035156,-119.01932525634766
Viera's Bakery,Bakery,4bf58dd8d48988d16a941735,4d3a5b3f97e0a1cdc5666d3e,46.270760010745214,-119.17449041376275
Roasters,Café,4bf58dd8d48988d16d941735,51b21142498e5b790e933f70,46.27040368200214,-119.18540717770456
Hacienda Del Sol,Mexican Restaurant,4bf58dd8d48988d1c1941735,4bc7c6ba15a7ef3b35277ada,46.27265284267741,-119.1855150945235
Dutch Bros. Coffee,Café,4bf58dd8d48988d16d941735,4ddd81b2227106a58b77333b,46.27082354910185,-119.17751939764457
El Sazón,Mexican Restaurant,4bf58dd8d48988d1c1941735,4ee7ff1e0aaff80c6857cc94,46.241132,-119.120341
El Chapala Mexican Restaurant,Mexican Restaurant,4bf58dd8d48988d1c1941735,4bef41a796edc9b6468b4af2,46.212256,-119.114965
Hubbys,Pizza Place,4bf58dd8d48988d1ca941735,4bd4d8b46798ef3b9c8c628d,46.21410299530119,-119.12190085204776
Elephant Thai,Thai Restaurant,4bf58dd8d48988d149941735,4f2d8466e4b007725a8589dd,46.212873,-119.203783
Panda Express,Chinese Restaurant,4bf58dd8d48988d145941735,4b8738e4f964a52026b731e3,46.213443585896506,-119.15944811767763
Popular Donuts,Donut Shop,4bf58dd8d48988d148941735,4bb0c6bdf964a520e35b3ce3,46.210288,-119.180531
Double Dragon,Chinese Restaurant,4bf58dd8d48988d145941735,4bb23fd235f0c9b6fd04bb83,46.211956081900624,-119.16286490375816
Domino's Pizza,Restaurant,4bf58dd8d48988d1c4941735,4b998cdef964a520d88235e3,46.21211504399609,-119.18281148483402
El FatCat,Food Truck,4bf58dd8d48988d1cb941735,506f33e3e4b0f4cc1d4ed235,46.21527291665073,-119.19256158978774
Masala Indian Cuisine,Indian Restaurant,4bf58dd8d48988d10f941735,5122dd93e4b0f4069fb97991,46.209304805750904,-119.16704568982833
Papa Murphy's,Pizza Place,4bf58dd8d48988d1ca941735,4c450680429a0f4752a6491e,46.2101323,-119.1574186
CG Public House and Catering,American Restaurant,4bf58dd8d48988d14e941735,4ba7bc82f964a5208dae39e3,46.20525637495823,-119.24615272253776
Chipotle Mexican Grill,Mexican Restaurant,4bf58dd8d48988d1c1941735,55c22c50498ed3a8d492d34c,46.22120030045436,-119.2231980926424
Costa Vida,Mexican Restaurant,4bf58dd8d48988d1c1941735,528ac96e11d21847fad7b75c,46.2268326,-119.2467119
Fiesta Mexican Restaurant,Mexican Restaurant,4bf58dd8d48988d1c1941735,4e34730bc65b2313e2832675,46.22775690602305,-119.23738921600648
IHOP,Breakfast Spot,4bf58dd8d48988d143941735,4bb4c699bc82a59339cc3e72,46.2262536182234,-119.20929057931265
Proof Gastropub,Gastropub,4bf58dd8d48988d155941735,5a6003c5345cbe2133bee929,46.21988,-119.223598
Old Country Buffet,Buffet,52e81612bcbc57f1066b79f4,4bb12c29f964a5208a803ce3,46.226308,-119.213259
Chico's Tacos,Mexican Restaurant,4bf58dd8d48988d1c1941735,4b5a55a5f964a52018be28e3,46.21016699374177,-119.22626529061222
Sushiya,Sushi Restaurant,4bf58dd8d48988d1d2941735,4b8f29eef964a520d34b33e3,46.21610732569905,-119.22616861671315
Aki Sushi,Sushi Restaurant,4bf58dd8d48988d1d2941735,576b52ac498ee62fcafd2810,46.21191713976009,-119.22614873645973
Papa Murphy's,Pizza Place,4bf58dd8d48988d1ca941735,4c843e0dd34ca1435d4c3d80,46.287350427537234,-119.27628021290029
Chapala Express,Mexican Restaurant,4bf58dd8d48988d1c1941735,4b7b59eef964a5207b5f2fe3,46.2750944360482,-119.2773762627467
Thai City,Thai Restaurant,4bf58dd8d48988d149941735,4c547a68728920a11d17d382,46.298245,-119.340853
Isla Bonita Mexican Restaurant,Restaurant,4bf58dd8d48988d1c4941735,4bcbc0f7511f9521fa22b2c7,46.29354982074673,-119.27879710387538
Dickey's Barbecue Pit,Restaurant,4bf58dd8d48988d1c4941735,55d542c1498ee25b6ab4e69c,46.2583357,-119.3061679
Apollo Greek Restaurant,Greek Restaurant,4bf58dd8d48988d10e941735,4c0bede7a1b32d7f1abf9bf0,46.274102,-119.27625400000001
Fiesta Mexican Restaurant,Mexican Restaurant,4bf58dd8d48988d1c1941735,5b4176d0f1936e002c92331a,46.257626,-119.31057
Denny's,Breakfast Spot,4bf58dd8d48988d143941735,4b91ce68f964a520b8d833e3,46.28613929549462,-119.27484422922134
LU LU Craft Bar + Kitchen,Restaurant,4bf58dd8d48988d1c4941735,57035094498eeb19262f70e1,46.263387756526065,-119.24976809761444
JD's Diner,Diner,4bf58dd8d48988d147941735,4c716cb79c6d6dcb505cd57a,46.297233,-119.336712
Five Guys,Burger Joint,4bf58dd8d48988d16c941735,5174c0f93950f377f6a75553,46.2586084333154,-119.31047254256139
Panda Express,Chinese Restaurant,4bf58dd8d48988d145941735,4c8461fdd8086dcbc4358952,46.2557373652747,-119.31289644546167
Spudnut Shop,Donut Shop,4bf58dd8d48988d148941735,4b6da194f964a520d1812ce3,46.28642924296917,-119.2756332085052
Fiction,Restaurant,4bf58dd8d48988d1c4941735,5663b104498e5b4f3d007c86,46.25386857340223,-119.29876622384758
Mod Pizza,Restaurant,4bf58dd8d48988d1c4941735,5927a19f037be109d661eb23,46.25885594,-119.3109207
Fujiyama Japanese Steak House,Japanese Restaurant,4bf58dd8d48988d111941735,527aad2c11d2816d80ceaf89,46.258354,-119.306226
Kagen Coffee & Crepes,Creperie,52e81612bcbc57f1066b79f2,58100b9438fa891c0e58210d,46.286466,-119.276315
Round Table Pizza,Pizza Place,4bf58dd8d48988d1ca941735,4bd736240b779c7480ab04a0,46.291832,-119.277106
Krispy Kreme Doughnuts,Donut Shop,4bf58dd8d48988d148941735,557381e7498edad39d78f426,46.257579,-119.309001
Shari's Cafe and Pies,American Restaurant,4bf58dd8d48988d14e941735,4bbe67d14e7bd13a0af19a7f,46.298697,-119.274609
Tri-Teriyaki,Asian Restaurant,4bf58dd8d48988d142941735,4c2fa1e5ed37a593afa26703,46.303561197002274,-119.35809798330523
Baby J's,BBQ Joint,4bf58dd8d48988d1df931735,52f2a036498e8ddc0b3da9c5,46.313209533691406,-119.28475952148438
Papa John's Pizza,Pizza Place,4bf58dd8d48988d1ca941735,4c8350482f1c236a0f124243,46.29271225253162,-119.29958890858097
Frost Me Sweet,Bakery,4bf58dd8d48988d16a941735,4daca0530cb63c371ca1ac0d,46.275446600046536,-119.2739995400054
Costa Vida,Mexican Restaurant,4bf58dd8d48988d1c1941735,532a026c498e8e0f5f71dc3c,46.25524481799975,-119.31502262392684
3 Margaritas,Mexican Restaurant,4bf58dd8d48988d1c1941735,4d71475b69356ea816705ed9,46.274036059033584,-119.27566958700983
A&W / KFC,Fried Chicken Joint,4d4ae6fc7a7b7dea34424761,4c60a6a454ac0f47cd37b621,46.259498910623414,-119.30843761350454
Pizza Hut,Restaurant,4bf58dd8d48988d1c4941735,4b71c104f964a5207a5a2de3,46.30059080918872,-119.27372418349472
The Emerald of Siam Thai Restaurant and Lounge,Thai Restaurant,4bf58dd8d48988d149941735,4b9030ccf964a520407b33e3,46.286975566195686,-119.2764913439464
Bento Teriyaki Restaurant,Asian Restaurant,4bf58dd8d48988d142941735,4c0af37b6071a5934d8ee032,46.26174926332087,-119.26534738877804
Porter's BBQ,BBQ Joint,4bf58dd8d48988d1df931735,558d93cf498e582ad525db6c,46.27519154751106,-119.27445253190987
Kindra's Wok 'N Roll,Food Truck,4bf58dd8d48988d1cb941735,51cb4186498ebbe9c2f32936,46.34488289798462,-119.27027136114089
Family Garden,Szechuan Restaurant,52af3b773cf9994f4e043c03,535429cf498e0bbe78c3c75c,46.28763881667482,-119.27639922150237
Some Bagels,Bagel Shop,4bf58dd8d48988d179941735,4bcf49a0046076b071036e71,46.28704544333902,-119.27538449766814
Aliona's Euro Bakery,Russian Restaurant,5293a7563cf9994f4e043a44,573f7a30498e79e5a5754c34,46.268931,-119.182617
Stick + Stone Neapolitan Wood-Fired Pizza,Pizza Place,4bf58dd8d48988d1ca941735,52f7ef7e498ee5ec83270ba9,46.25527227124571,-119.31542897899968
Olive Garden,Italian Restaurant,4bf58dd8d48988d110941735,4bf982b6b182c9b67e11795a,46.22653719583999,-119.23206967909614
Red Robin Gourmet Burgers and Brews,Burger Joint,4bf58dd8d48988d16c941735,4b676dfaf964a520684e2be3,46.22079607,-119.2245449
Sterling's,American Restaurant,4bf58dd8d48988d14e941735,4b67530df964a5200e482be3,46.27866768270445,-119.27356881259684
Applebee's Grill + Bar,American Restaurant,4bf58dd8d48988d14e941735,4c130cefa5eb76b0966abfb7,46.26391976,-119.2665857
Bob's Burgers & Brew,Burger Joint,4bf58dd8d48988d16c941735,4cf3f9e67e0da1cd52bc9f97,46.17774771663242,-119.18693819553435
Rocco's,Pizza Place,4bf58dd8d48988d1ca941735,4e505bdfae6051db8dda923e,46.27084141126253,-119.17500046869212
Fat Olives Restaurant & Catering,Italian Restaurant,4bf58dd8d48988d110941735,4bc620aaf360ef3bef31db2d,46.285545711940294,-119.27611866799595
Casa Mia,Italian Restaurant,4bf58dd8d48988d110941735,4b771139f964a520de792ee3,46.20924828209172,-119.15583894996419
Cedar's Restaurant,American Restaurant,4bf58dd8d48988d14e941735,4ccba692b571b60cef93cd65,46.21750627198572,-119.11121502180966
Old Country Buffet,Buffet,52e81612bcbc57f1066b79f4,4b91ae1af964a5206dcf33e3,46.22386978736725,-119.22617616282099
zpizza,Pizza Place,4bf58dd8d48988d1ca941735,5340a7f1498edf09b755c58e,46.18511932789238,-119.17698383331297
Mezzo Thai Tapa,Thai Restaurant,4bf58dd8d48988d149941735,4c1c1cf5b306c928cb6863b7,46.275012,-119.273427
Florentyna's,Diner,4bf58dd8d48988d147941735,4bad4fdff964a52007453be3,46.259496999999996,-119.11480900000001
Firehouse Subs,Sandwich Place,4bf58dd8d48988d1c5941735,5a3811226eda0234b4560189,46.204606686340185,-119.0123176574707
Bruchi's CheeseSteaks & Subs,Sandwich Place,4bf58dd8d48988d1c5941735,4bbf7e0eabf4952173babd93,46.27112895049592,-119.18112734805396
Firehouse Subs,Sandwich Place,4bf58dd8d48988d1c5941735,5a3a70f71b0ea5192539dd35,46.1929016113281,-119.002891540527
foodies,Sandwich Place,4bf58dd8d48988d1c5941735,56882501498e1d010572028c,46.208920110400186,-119.12223354087018
Vinny's Bakery,Sandwich Place,4bf58dd8d48988d1c5941735,56d5fb64498ed4b92aa9e770,46.2282,-119.102
SUBWAY,Sandwich Place,4bf58dd8d48988d1c5941735,4b5a6920f964a52062c328e3,46.27193355269192,-119.18826151880546
SUBWAY,Sandwich Place,4bf58dd8d48988d1c5941735,4be722ac2468c92887230243,46.20727079617952,-119.11741495541185
SUBWAY,Sandwich Place,4bf58dd8d48988d1c5941735,4cd4a946dfb4a1cd70a0545c,46.26303168756363,-119.08286709282123
SUBWAY,Sandwich Place,4bf58dd8d48988d1c5941735,4b18205cf964a5205ecd23e3,46.24211048648123,-119.11976757419882
Subway,Sandwich Place,4bf58dd8d48988d1c5941735,57c9ea63498e6ab82c22b627,46.228333,-119.112854
Blimpie,Sandwich Place,4bf58dd8d48988d1c5941735,57967d71cd10d9ec94a437f5,46.256513,-119.121074
SUBWAY,Sandwich Place,4bf58dd8d48988d1c5941735,4f4a94b0e4b092e0cb376483,46.21650541049875,-119.12971958914453
Jimmy John's,Sandwich Place,4bf58dd8d48988d1c5941735,5dea909c8ed5990008caf9a7,46.2728977,-119.1825947
Pita Pit,Sandwich Place,4bf58dd8d48988d1c5941735,4bac0ce9f964a520cce03ae3,46.269001,-119.182269
SUBWAY,Sandwich Place,4bf58dd8d48988d1c5941735,4eac898b93ad7677a8a8c921,46.27179293622245,-119.18782469456977
Arby's,Sandwich Place,4bf58dd8d48988d1c5941735,4e4df5babd4101d0d79f2133,46.241851806640625,-119.12416076660156
Subway,Sandwich Place,4bf58dd8d48988d1c5941735,5e137bc802af0d00081939cd,46.27094377389425,-119.18535735921
Firehouse Subs Road 100,Sandwich Place,4bf58dd8d48988d1c5941735,5e3529a3678a870007f3f3a5,46.27154663623176,-119.22149941196433
SUBWAY,Sandwich Place,4bf58dd8d48988d1c5941735,4be71f49bcef2d7f17e405e5,46.185196161503846,-119.17858540613423
Bruchi's,Sandwich Place,4bf58dd8d48988d1c5941735,599391e18b98fd088f5d10f9,46.220921,-119.191188
Bruchi's CheeseSteaks & Subs,Sandwich Place,4bf58dd8d48988d1c5941735,4b2d8388f964a5202ad824e3,46.209104,-119.15316
Jimmy John's,Sandwich Place,4bf58dd8d48988d1c5941735,53efb5a1498e0f7e44e1b767,46.209315,-119.163016
SUBWAY,Sandwich Place,4bf58dd8d48988d1c5941735,4bbe1872eeca952123fc4cf1,46.20928427114665,-119.1571310219066
Subway,Sandwich Place,4bf58dd8d48988d1c5941735,5e13699bc6dbec0007b6b709,46.182601207386604,-119.17721355749399
Subway,Sandwich Place,4bf58dd8d48988d1c5941735,5e137db9cf795a0008ff3650,46.20985071863749,-119.15700168313958
Blimpie,Sandwich Place,4bf58dd8d48988d1c5941735,51a909ec498e22648dcfc367,46.22272898776254,-119.19166898635946
Sun Mart / SUBWAY,Sandwich Place,4bf58dd8d48988d1c5941735,4b8abd24f964a520977d32e3,46.196716177116706,-119.26487183669006
Graze,Deli / Bodega,4bf58dd8d48988d146941735,5334ba98498e2bfacb268f53,46.22737286059294,-119.23776491778288
Jimmy John's,Sandwich Place,4bf58dd8d48988d1c5941735,519c20dc498e8f94385fc183,46.21023047696405,-119.22434755708966
Bruchi's CheeseSteaks & Subs,Sandwich Place,4bf58dd8d48988d1c5941735,4bd752f8f645c9b6d1aea5e0,46.226509281773765,-119.23321195565497
SUBWAY,Sandwich Place,4bf58dd8d48988d1c5941735,4bc0cc1974a9a593c6b2d0f6,46.226306469691714,-119.2106173242571
SUBWAY,Sandwich Place,4bf58dd8d48988d1c5941735,4b9809edf964a5200a2835e3,46.21031418423436,-119.2224983671793
The Honey Baked Ham Company,Sandwich Place,4bf58dd8d48988d1c5941735,5a09fa301f74406969bc8dfd,46.216569,-119.226503
Firehouse Subs,Sandwich Place,4bf58dd8d48988d1c5941735,5cdae332d9a6e6002bea8900,46.19549560546875,-119.26557922363281
Subway,Sandwich Place,4bf58dd8d48988d1c5941735,5e1358f0ffcf690007d82a2e,46.196661137147984,-119.26476404718045
SUBWAY,Sandwich Place,4bf58dd8d48988d1c5941735,4be9bb7ba9900f47ebae1540,46.226766415425544,-119.24658178485726
Subway,Sandwich Place,4bf58dd8d48988d1c5941735,52ec776b498e8676e17e8fd1,46.2269454662967,-119.24653426076648
Bruchi's CheeseSteaks & Subs,Sandwich Place,4bf58dd8d48988d1c5941735,4f3224ef19836c91c7ba7f0f,46.223852,-119.224026
Cougar Cafe,Sandwich Place,4bf58dd8d48988d1c5941735,5115b42ae4b02ebaeb2142c9,46.25176122877669,-119.47445290959838
Brick House Pizza,Pizza Place,4bf58dd8d48988d1ca941735,4ccdcb03ba0a5481747e4559,46.296536485124655,-119.33665251455207
Panera Bread,Sandwich Place,4bf58dd8d48988d1c5941735,5a1db2eb029a5567c772b1e4,46.25911635405226,-119.30897936224937
Bruchi's,Sandwich Place,4bf58dd8d48988d1c5941735,523a6b51498e939800b135f0,46.289640606718145,-119.27711899144289
Smitty's,Sandwich Place,4bf58dd8d48988d1c5941735,4b69e9c9f964a520c4bb2be3,46.287710450789355,-119.34882760047913
Jimmy John's,Sandwich Place,4bf58dd8d48988d1c5941735,56784be5498e34d0038066a1,46.280899,-119.274902
Graze,Sandwich Place,4bf58dd8d48988d1c5941735,563124c8498efb1a5419eff6,46.27586,-119.274538
Italiano's,Italian Restaurant,4bf58dd8d48988d110941735,51d4d670498eaad2894d08c9,46.286477,-119.350633
SUBWAY,Sandwich Place,4bf58dd8d48988d1c5941735,4b745899f964a520aed62de3,46.29989403992177,-119.27386007299901
SUBWAY,Sandwich Place,4bf58dd8d48988d1c5941735,4bcf586b046076b089216e71,46.25587445416425,-119.30804071163942
SUBWAY,Sandwich Place,4bf58dd8d48988d1c5941735,4bec8d8cb68520a134521287,46.27451559688698,-119.28138867818996
Subway,Sandwich Place,4bf58dd8d48988d1c5941735,4b8d7a5df964a52014fe32e3,46.29740071603947,-119.34028402523427
Subway,Sandwich Place,4bf58dd8d48988d1c5941735,5e140d782810f50008cdf1e7,46.26377434914184,-119.48791633980147
Subway,Sandwich Place,4bf58dd8d48988d1c5941735,4f443b9919836ed001930145,46.25906043932286,-119.30721822790451
Sub Factory,Sandwich Place,4bf58dd8d48988d1c5941735,4c0a94f97e3fc928add8f382,46.29991325195335,-119.27606951781164
cafe connection,Sandwich Place,4bf58dd8d48988d1c5941735,5075e26fe4b021b490c18a8f,46.2866096496582,-119.27542114257812
Wingwalker Cafe,Breakfast Spot,4bf58dd8d48988d143941735,54c3d9f8498ebc321e160390,46.299781799316406,-119.30081176757812
Eatz Pizzeria and Deli,Sandwich Place,4bf58dd8d48988d1c5941735,5786f51c498e98505622c675,46.275133,-119.280537
Subs & Jeans,Sandwich Place,4bf58dd8d48988d1c5941735,4b9a9272f964a52071c235e3,46.275024,-119.274827
Bonefish Grill,Seafood Restaurant,4bf58dd8d48988d1ce941735,4b78d413f964a520e3e32ee3,46.226975,-119.264085
Red Lobster,Seafood Restaurant,4bf58dd8d48988d1ce941735,4b6380e1f964a5200b7f2ae3,46.222671,-119.222695
Skippers - Seafood & Chowder,Seafood Restaurant,4bf58dd8d48988d1ce941735,4de7fd1dcc3f0a106833e412,46.209376,-119.166439
Long john silvers,Seafood Restaurant,4bf58dd8d48988d1ce941735,503a9de3e4b0e2a7db9369a8,46.25692,-119.30641
Auntie Anne's,Snack Place,4bf58dd8d48988d1c7941735,5b3ff419b3c961002c34e6d5,46.2720068,-119.1881778
Fred Meyer Gas,Snack Place,4bf58dd8d48988d1c7941735,4d48a84d5241236ac9536d04,46.2614797,-119.2853909
Fred Meyer Fuel Center,Snack Place,4bf58dd8d48988d1c7941735,4c49ca9e1b430f47668806c4,46.198418157996066,-119.16277720043524
Elizabeth Smith's Recipes,Snack Place,4bf58dd8d48988d1c7941735,54148c94498ef98c2ab565e7,46.271278381347656,-119.3583755493164
Auntie Anne's,Snack Place,4bf58dd8d48988d1c7941735,4c082a427e3fc928f6e4ef82,46.2262622,-119.2269624
Kinda Sweet Treat,Snack Place,4bf58dd8d48988d1c7941735,57535d77498e760992cd13fd,46.276892,-119.274006
Wetzel's Pretzels,Snack Place,4bf58dd8d48988d1c7941735,5a04c45b65211f4972e6cbb3,46.22611198225935,-119.22732800332595
Sterling's Restaurant,American Restaurant,4bf58dd8d48988d14e941735,4b78d147f964a5207be32ee3,46.212509563710675,-119.1645849821225
Shari's Cafe and Pies,American Restaurant,4bf58dd8d48988d14e941735,4b52161ff964a520b56627e3,46.22378,-119.22314
Sakura,Chinese Restaurant,4bf58dd8d48988d145941735,4c6c8600a437224b5dc22ab1,46.229133020751384,-119.26772675070308
Henry's Restaurant and Catering,Diner,4bf58dd8d48988d147941735,4bf82a368d30d13af0420018,46.301419804244276,-119.35031320575969
Rice & Noodles,Asian Restaurant,4bf58dd8d48988d142941735,52893b59498e14da15947d11,46.24275002736529,-119.13459959598924
Shanghai Restaurant,Chinese Restaurant,4bf58dd8d48988d145941735,4b6cc04bf964a520a2512ce3,46.212131702273936,-119.16139870900068
Garden Hot Pot,Soup Place,4bf58dd8d48988d1dd931735,59c9587275a6ea745fee9940,46.227609,-119.25059
Woo's Teriyaki,Asian Restaurant,4bf58dd8d48988d142941735,4ba2d3b5f964a5204e1c38e3,46.28894721848957,-119.27541038927565
Sandstone Cafe and Creamery,American Restaurant,4bf58dd8d48988d14e941735,4b940997f964a5202f6334e3,46.207863,-119.118909
Island View Market & Deli,Convenience Store,4d954b0ea243a5684a65b473,4db1f785cda14b702a521727,46.237637825688395,-119.22573606248017
Mandarin House,Chinese Restaurant,4bf58dd8d48988d145941735,4c72d2cd9e706dcba2de4b62,46.274637,-119.277718
Cheese Louise,Cheese Shop,4bf58dd8d48988d11e951735,4ba41a27f964a520bd8138e3,46.274499864000624,-119.27457414054622
Uptown Deli,Deli / Bodega,4bf58dd8d48988d146941735,4b6dd892f964a52029952ce3,46.286615000000005,-119.276218
Stone Soup Cafe,American Restaurant,4bf58dd8d48988d14e941735,4c91292257e5b60c144a5e1c,46.27513196257371,-119.27455157436432
Gourmet Soul,Southern / Soul Food Restaurant,4bf58dd8d48988d14f941735,4e5ee3e2aeb7fe0bae9e9236,46.285115000000005,-119.275915
Europa Italian & Spanish Cuisine,Spanish Restaurant,4bf58dd8d48988d150941735,5b529973bd40090039635d19,46.18675231933594,-119.17893981933594
Picazo Restaurant and Bar,Spanish Restaurant,4bf58dd8d48988d150941735,4dcdeff41f6eb122706f1843,46.17820739746094,-119.18761444091797
The Bradley,Tapas Restaurant,4bf58dd8d48988d1db931735,5b9334191c0b34002cfc9cca,46.270985,-119.2693
Smasne Cellars,Wine Bar,4bf58dd8d48988d123941735,4df3d3d418386ecb4e31f4ab,46.17804554310802,-119.18725746871003
White Buddha Lounge,Tapas Restaurant,4bf58dd8d48988d1db931735,4be4edc8910020a1547dd214,46.225935,-119.2321556
Texas Roadhouse,Steakhouse,4bf58dd8d48988d1cc941735,4e8f91aad3e3187fc2900c63,46.218833,-119.224975
Outback Steakhouse,Steakhouse,4bf58dd8d48988d1cc941735,4b6226abf964a520b6382ae3,46.22626537256329,-119.21246488288467
Anthony's Home Port at Columbia Point,Seafood Restaurant,4bf58dd8d48988d1ce941735,4b639a68f964a52049862ae3,46.26324928886252,-119.25050892833055
Sterlings,Steakhouse,4bf58dd8d48988d1cc941735,4f6a2db0e4b0acda972eb089,46.257755907093475,-119.30625459332794
Edge Steakhouse & Sports Lounge,Steakhouse,4bf58dd8d48988d1cc941735,5aa4e644bed4833611236511,46.212899,-119.14742
Budd's Broiler,Steakhouse,4bf58dd8d48988d1cc941735,557f3e64498e07d3e477d444,46.264363323687085,-119.25334340413897
Bin No. 20 Steak & Seafood Restaurant and Wine Bar,Steakhouse,4bf58dd8d48988d1cc941735,4be61fd92468c92837180143,46.249783499722206,-119.11532028922761
Freddy's Steakhouse,Steakhouse,4bf58dd8d48988d1cc941735,58a3e09b2b04f87412c8f7ad,46.178355,-119.187123
Victorian Connection,Tea Room,4bf58dd8d48988d1dc931735,57625d44498ec89f0ecc2902,46.2091377,-119.155233
Victoria Tea Garden,Tea Room,4bf58dd8d48988d1dc931735,4ca77c1997c8a1cda0e97aa5,46.274496,-119.27401599999999
Topaz,Tea Room,4bf58dd8d48988d1dc931735,54889592498e651e16cca6b3,46.23538,-119.23168
magic tree,Tea Room,4bf58dd8d48988d1dc931735,50392387e4b03e0137a7b526,46.2863468751742,-119.276181981079
Badger Canyon Herb Co.,Tea Room,4bf58dd8d48988d1dc931735,4f6b8b29e4b07984c1cf9657,46.2122627099827,-119.19187030764219
菊香亭素食馆,Vegetarian / Vegan Restaurant,4bf58dd8d48988d1d3941735,4e93d1058b81ef41a917aa1c,46.268558502197266,-119.20323181152344
Buffalo Wild Wings,Wings Joint,4bf58dd8d48988d14c941735,56048c2f498e9b727133c651,46.22618769989122,-119.2365825176239
Applebee's Grill + Bar,American Restaurant,4bf58dd8d48988d14e941735,4b6bd1aaf964a52088192ce3,46.21605209,-119.2244674
Bob's Burgers & Brew,American Restaurant,4bf58dd8d48988d14e941735,4f46f95ae4b01e144cfbfe21,46.25688365562204,-119.31235980799688
Barley’s BrewHub,Beer Garden,4bf58dd8d48988d117941735,4ba190b6f964a520e8c037e3,46.20980812484762,-119.16707775645786
Chicken Shack,Wings Joint,4bf58dd8d48988d14c941735,56b80259498ec64f6f721780,46.299492,-119.344434
Hop Jack's,Sandwich Place,4bf58dd8d48988d1c5941735,54ff6bc9498e9a1ce34a0954,46.25842968911435,-119.3096452986661
Amendment XXI,Bar,4bf58dd8d48988d116941735,551dfe58498e5f130f56ab5a,46.235787086346235,-119.22348534163783
Wingstop,Wings Joint,4bf58dd8d48988d14c941735,4bfc8d12b5cd2d7f17cc31fb,46.226793889753296,-119.24856368011405
The Rock Wood Fired Pizza,Restaurant,4bf58dd8d48988d1c4941735,53275f4f498e2e0e0a90e2a3,46.17822699,-119.1863063
Wingstop,Wings Joint,4bf58dd8d48988d14c941735,4e7bb9b11f6e67aca6cc07c1,46.271209621228266,-119.17704944263558
Round Table Pizza,Wings Joint,4bf58dd8d48988d14c941735,4b64e063f964a520c2d62ae3,46.228670203442995,-119.26529229798993
Round Table Pizza,Wings Joint,4bf58dd8d48988d14c941735,4cdf358c94c3b60c0a7a6aea,46.212669,-119.1664
Red's Hot Wings & Things,Wings Joint,4bf58dd8d48988d14c941735,56102223498ebe751b9aed91,46.211534,-119.226155
Round Table Pizza,Wings Joint,4bf58dd8d48988d14c941735,5a2f22ab7564f76764428abd,46.291964,-119.274651
