name,category,category_id,venue_id,lat,long
Waffle Hut,American Restaurant,4bf58dd8d48988d14e941735,5c4623b71953f3002c092a5d,42.221058,-121.786321
Wong's Cafe,American Restaurant,4bf58dd8d48988d14e941735,4c634644de1b2d7f5682e470,42.22385461404252,-121.7837307739105
Blondies,American Restaurant,4bf58dd8d48988d14e941735,4ef4fc7f99111bd0a9f5bbd1,42.22815975296828,-121.76589156554931
JJ's Cafe,American Restaurant,4bf58dd8d48988d14e941735,4f9b1efee4b08ea0387f6d06,42.213486,-121.760873
Golden Kitchen,American Restaurant,4bf58dd8d48988d14e941735,547364ec498e622527719ed7,42.207791403776945,-121.74896951728815
Wingstreet,American Restaurant,4bf58dd8d48988d14e941735,4cb90a79a33bb1f7689885fd,42.21205139160156,-121.75093841552734
Qq Hibachi,Asian Restaurant,4bf58dd8d48988d142941735,4f51816ae4b006151398a929,42.21237185349829,-121.75270972949521
Chef Liu's,Chinese Restaurant,4bf58dd8d48988d145941735,577c6b95cd10b28eef3c866c,42.24863,-121.787315
Jade Garden,Chinese Restaurant,4bf58dd8d48988d145941735,5d9ffa8a448b4c000784b0a9,42.207862854003906,-121.74906158447266
Hanayori,Japanese Restaurant,4bf58dd8d48988d111941735,4be373e3b02ec9b6cdb44fc0,42.22247501,-121.78524754
More Than Mongolian Grill,Mongolian Restaurant,4eb1d5724b900d56c88a45fe,532cd5ff498e6e1fde826f33,42.206159,-121.733668
Empire Mongolian Grill,Noodle House,4bf58dd8d48988d1d1941735,4bc120dd920eb71307501a2c,42.206338,-121.73371374607086
Siam Thai,Thai Restaurant,4bf58dd8d48988d149941735,4bda2c74c79cc9280de57de9,42.21244788333333,-121.7566
618 Restaurant,Tibetan Restaurant,52af39fb3cf9994f4e043be9,5b19df441fa763002c5de111,42.224865,-121.78183
Pho Hong's Vietnamese Restaraunt,Vietnamese Restaurant,4bf58dd8d48988d14a941735,4f7cc1e3e4b08ccdc5790575,42.19330158950709,-121.75771662159204
Franz Outlet,Bakery,4bf58dd8d48988d16a941735,4ea87b0e30f8719c8fe0be7b,42.22272872924805,-121.7793960571289
Walmart Bakery,Bakery,4bf58dd8d48988d16a941735,5992bca359fe5c5589c874f0,42.193565368652344,-121.75983428955078
Bakery Panaderia Azteca,Bakery,4bf58dd8d48988d16a941735,4eb867a86c2590eb894f8f70,42.22191619873047,-121.76496124267578
Applebee's Grill + Bar,American Restaurant,4bf58dd8d48988d14e941735,4b78c3bcf964a52073e12ee3,42.25065255,-121.7876321
C & D Burger Shoppe,Burger Joint,4bf58dd8d48988d16c941735,4c3f5c3e0edd952137cb2b0f,42.23212659358978,-121.78752422332764
Sky Lakes Cafeteria,Cafeteria,4bf58dd8d48988d128941735,5b35117b97cf5a002cb1021e,42.253389,-121.78484
Sabor De Cuba,Cuban Restaurant,4bf58dd8d48988d154941735,5cbb05ec2619ee002c8b82ea,42.22043740154441,-121.78692340850831
The Back 40 Cafe,Café,4bf58dd8d48988d16d941735,4d4d7386869cf04d0686ddae,42.20672124085768,-121.7168995839212
Brevada Brewhouse,Café,4bf58dd8d48988d16d941735,4b854291f964a5204e5331e3,42.24878989463392,-121.78757235009371
Gary & Cheri's Bistro,Café,4bf58dd8d48988d16d941735,50a3f91de4b072c7b531d0ce,42.223311,-121.783728
Holiday Market,Deli / Bodega,4bf58dd8d48988d146941735,5b948c176cd68e002569ec80,42.227215,-121.78192
Schlotzsky's,Deli / Bodega,4bf58dd8d48988d146941735,4e4db26ebd41b76bef91c331,42.214168548583984,-121.756591796875
deli mart,Deli / Bodega,4bf58dd8d48988d146941735,4f67c9c8e4b019776fa01606,42.22603988647461,-121.78121948242188
Lighthouse Deli,Deli / Bodega,4bf58dd8d48988d146941735,4f32abc819836c91c7ee6451,42.228546142578125,-121.77777862548828
Terry's Donut Center,Bakery,4bf58dd8d48988d16a941735,4f32a61419836c91c7ec4464,42.21269898681654,-121.75650231841215
Baskin-Robbins,Ice Cream Shop,4bf58dd8d48988d1c9941735,4b69c764f964a520b3b32be3,42.212320803795286,-121.75640823313523
Lighthouse Yogurt,Ice Cream Shop,4bf58dd8d48988d1c9941735,55d82c21498ef8ec8d1988f1,42.22445099999999,-121.78332
Denny's,Diner,4bf58dd8d48988d147941735,4d0acfe5d8d78cfa5d4319be,42.20943802387702,-121.75241477787495
Doughnut House,Donut Shop,4bf58dd8d48988d148941735,5b1a8f2535d3fc002c53a8b5,42.206871032714844,-121.72728729248047
Somtum Thai,Food Truck,4bf58dd8d48988d1cb941735,562c1028498e46b428f5ff0c,42.20612335205078,-121.74539947509766
Big Boy BBQ,Food Truck,4bf58dd8d48988d1cb941735,57802b8c498e776fae5061be,42.20488991527262,-121.75750187917808
Boca Feliz,Food Truck,4bf58dd8d48988d1cb941735,596e67b8bd400951cff0849f,42.20681755940731,-121.73669731625476
Mac And Cheese Steaks,Food Truck,4bf58dd8d48988d1cb941735,5776c8e4498ebddf8b301fe5,42.213670898772534,-121.76019026608357
K'z PURPLE ONION,Food Truck,4bf58dd8d48988d1cb941735,501830a1e4b05aded7a7589d,42.20745108435601,-121.75009000847439
Heavenly Thai,Food Truck,4bf58dd8d48988d1cb941735,5646523b498eb29cda988ee9,42.211155,-121.757745
Chick 'N' Dish,Food Truck,4bf58dd8d48988d1cb941735,55c17e56498e3e3e77f9f6b4,42.23120250058848,-121.77546501159668
Fuong's Kitchen,Food Truck,4bf58dd8d48988d1cb941735,5944356f747ecd0801799f71,42.206235183009085,-121.7454105163961
Jack in the Box,Fried Chicken Joint,4d4ae6fc7a7b7dea34424761,4cbc5b857a5d9eb0896531e9,42.19910337960049,-121.7576310038566
Biagio's Bar + Grille,Gastropub,4bf58dd8d48988d155941735,50d3e618e4b002d64d98249a,42.252113342285156,-121.80829620361328
The Creamery Brewpub & Grill,Gastropub,4bf58dd8d48988d155941735,4bae93e5f964a520b5c23be3,42.22797149867411,-121.77650360043528
indian house,Indian Restaurant,4bf58dd8d48988d10f941735,50368c03e4b05ec46040f3cb,42.20613098144531,-121.73210906982422
The Pikey,Irish Pub,52e81612bcbc57f1066b7a06,5523167e498e3194911de68d,42.22469919993225,-121.78221950606134
Italianna's Ristorante,Italian Restaurant,4bf58dd8d48988d110941735,56bab810498e886d3220565f,42.203704833984375,-121.7578353881836
Italia D'Oro Espresso,Italian Restaurant,4bf58dd8d48988d110941735,4f324a4219836c91c7c91b1b,42.1826286315918,-121.75557708740234
Lello & Beef,Italian Restaurant,4bf58dd8d48988d110941735,4bfdd9ae4cf820a1c126edf4,42.22780990600586,-121.77899932861328
Island Juice,Juice Bar,4bf58dd8d48988d112941735,4c7814f093ef236a300bab0f,42.195986,-121.758762
Shilo Inn Restaurant,American Restaurant,4bf58dd8d48988d14e941735,4e0d33c87d8bb178a89d5732,42.24913905778254,-121.7909582265572
Taco Bell,Mexican Restaurant,4bf58dd8d48988d1c1941735,4bd4ed9e637ba593ecc4f570,42.195862669186326,-121.75770729073896
Las Morenas De Klamath Falls,Mexican Restaurant,4bf58dd8d48988d1c1941735,4c5dbef685a1e21e665a5a11,42.221757,-121.765029
La Super Torta,Mexican Restaurant,4bf58dd8d48988d1c1941735,5542e32b498e26c4eb884c5a,42.20623016357422,-121.72481536865234
El Cordero,Mexican Restaurant,4bf58dd8d48988d1c1941735,4e2dc352c65bcaf4004676b4,42.206871032714844,-121.72728729248047
Hidalgo's,Mexican Restaurant,4bf58dd8d48988d1c1941735,4ca265ba5720b1f7add028ef,42.2238657,-121.78355791666667
Chilitos,Burrito Place,4bf58dd8d48988d153941735,57ec0c6e498ef74b04cbdec7,42.206547,-121.721233
Rue's Coffee Shop,Café,4bf58dd8d48988d16d941735,4e0394411f6e97fbec2fd54e,42.223358154296875,-121.78364562988281
Luceros,Mexican Restaurant,4bf58dd8d48988d1c1941735,51743bf4e4b0f951c9a23319,42.22402746100529,-121.76523761395116
Taqueria Mi Pueblo (Taco Shop),Mexican Restaurant,4bf58dd8d48988d1c1941735,4bdb309fc79cc928778f81e9,42.238639,-121.79162
Full Plate,Food Truck,4bf58dd8d48988d1cb941735,559fe222498e1937efd941a7,42.200990000000004,-121.755882
Mia & Pia's Pizzeria & Brewhouse,Bar,4bf58dd8d48988d116941735,4bbcefc2a0a0c9b6b8011b0f,42.193759,-121.737699
Stagecoach Pizza,Pizza Place,4bf58dd8d48988d1ca941735,4c8451b874d7b60c3b6292d8,42.2069485,-121.7241525
Willy's Pizzeria,Pizza Place,4bf58dd8d48988d1ca941735,4c659132e75ac928fd1ef5da,42.20646,-121.73259
Crazy R Pizza,Pizza Place,4bf58dd8d48988d1ca941735,579aadbb498ecf5902ce5451,42.205647,-121.712845
Abby's Legendary Pizza,Pizza Place,4bf58dd8d48988d1ca941735,4e4d61b8bd413c4cc670a1ec,42.249358,-121.787216
Pizza Hut,Pizza Place,4bf58dd8d48988d1ca941735,4bc119b674a9a593205cd1f6,42.21196876036255,-121.75079804865277
Black Bear Diner,Diner,4bf58dd8d48988d147941735,5490bde1498ed4abd2b6ef68,42.206346009462536,-121.72545613324415
Jalapeños,Mexican Restaurant,4bf58dd8d48988d1c1941735,4d23897075526dcb54c701a9,42.202848787575135,-121.70859510010519
McDonald's,Restaurant,4bf58dd8d48988d1c4941735,4ded34c72271e7b446196799,42.1938814,-121.7598852
Abby's Pizza,Pizza Place,4bf58dd8d48988d1ca941735,4c2f9ef5a0ced13abfe3106e,42.209745,-121.750559
Wubba's BBQ Shack,BBQ Joint,4bf58dd8d48988d1df931735,4c71d530ad69b60c612e82b9,42.20622001314869,-121.74030698438315
Papa Murphy's,Pizza Place,4bf58dd8d48988d1ca941735,4c69db2d897b1b8db76eb017,42.20742087252498,-121.75043034830247
KFC,Restaurant,4bf58dd8d48988d1c4941735,4e6ea293c65b6d433a968c1e,42.20614233663034,-121.73453241410351
McDonald's,Restaurant,4bf58dd8d48988d1c4941735,4b60aad9f964a52017f329e3,42.211706,-121.754484
Sergio's Mexican Restaurant,Mexican Restaurant,4bf58dd8d48988d1c1941735,4c61a63c79d1e21e393ad415,42.2063523724284,-121.73135630584943
Mazatlan,Mexican Restaurant,4bf58dd8d48988d1c1941735,4c0dbe7d98102d7f24b8e206,42.20618963241577,-121.75767660140991
North Shore Hawaiian Plate Lunch,American Restaurant,4bf58dd8d48988d14e941735,4b6892c0f964a520a6802be3,42.20195167090798,-121.74774895614209
Jalapeno's Taco Shop,Mexican Restaurant,4bf58dd8d48988d1c1941735,4b9c18c2f964a520a14936e3,42.19583856921344,-121.75852909227537
Starv'n Marv'n Family Restaurant,American Restaurant,4bf58dd8d48988d14e941735,4be70da0d4f7c9b6f6642720,42.21209675489124,-121.75084219952193
King Wah,Chinese Restaurant,4bf58dd8d48988d145941735,4c170252583c9c74521540a4,42.21142067430067,-121.75462881136087
Elmer’s Restaurant,Breakfast Spot,4bf58dd8d48988d143941735,4c28e3363492a593da11b828,42.208319678271714,-121.75232964353687
Red's Roadhouse,Restaurant,4bf58dd8d48988d1c4941735,4c38f4b20a71c9b673af41c9,42.194475,-121.757145
Domino's Pizza,Restaurant,4bf58dd8d48988d1c4941735,4c6f6095b3ce224b0ae170c6,42.20016153277563,-121.75653050949222
max's family cafe,Café,4bf58dd8d48988d16d941735,5380eb1f498ec7f83305ad8c,42.12570571899414,-121.93145751953125
Oregon Mushrooms,Deli / Bodega,4bf58dd8d48988d146941735,516e78dd16487d2770c094e2,42.12594995,-121.93195475
Rodeos,Pizza Place,4bf58dd8d48988d1ca941735,5475501e498e0c555a34ad69,42.22839,-121.777655
Keno Grill,American Restaurant,4bf58dd8d48988d14e941735,519bcd3d498e4ceb1c2fce24,42.18982733166682,-121.8093994000753
Ponderosa Grill At Running Y Ranch,American Restaurant,4bf58dd8d48988d14e941735,5962db88112c6c7093c26dca,42.275918,-121.885709
Thai Orchid,Thai Restaurant,4bf58dd8d48988d149941735,51195a1de4b0d2e90f80641c,42.212598668451555,-121.75658394884236
Brawny Burger,Burger Joint,4bf58dd8d48988d16c941735,4d9f6982c22f6ea8930c1fa8,42.214906,-121.763657
The Klamath Grill,American Restaurant,4bf58dd8d48988d14e941735,4c4b1e00959220a1448f1e0f,42.22577150277442,-121.78171091246575
Taco Time,Taco Place,4bf58dd8d48988d151941735,4bfee3aac30a2d7f7128101d,42.249462,-121.788641
Old Town Pizza,Pizza Place,4bf58dd8d48988d1ca941735,4ba55fc7f964a520860039e3,42.22573152969233,-121.78138097345862
Thai Orchid Cafe,Thai Restaurant,4bf58dd8d48988d149941735,4c004d6675fc9521ecb64898,42.226863011158066,-121.7800576498519
Los Potrillos,Mexican Restaurant,4bf58dd8d48988d1c1941735,4bca56a3511f95219ba9afc7,42.213028792648764,-121.75746604246744
El Palacio,Mexican Restaurant,4bf58dd8d48988d1c1941735,4bf6bbafb1a7a593f89ed65b,42.22483105494231,-121.782643127376
Green Blade Bakery,Bakery,4bf58dd8d48988d16a941735,4cbf5bc70d22ef3b0da52c70,42.22964286804199,-121.77624821662903
The Waffle Hut & Eatery,Breakfast Spot,4bf58dd8d48988d143941735,500841c7e4b0b468abd8ec1c,42.23894208926114,-121.79093127645169
Papa Murphy's | Take 'N' Bake Pizza,Restaurant,4bf58dd8d48988d1c4941735,4bda23342a3a0f4702fca9b6,42.25095295859767,-121.78835872541262
The Daily Bagel,Bagel Shop,4bf58dd8d48988d179941735,4bc9c663937ca593bd43a692,42.225256698212334,-121.7817338000593
Mollie's,American Restaurant,4bf58dd8d48988d14e941735,4c041380310fc9b6cdcac661,42.25617980957031,-121.79879760742188
RUDDY DUCK RESTAURANT,American Restaurant,4bf58dd8d48988d14e941735,502b06b4e4b0bea491a6f14a,42.27709914611386,-121.884927811608
Mermaid Garden Cafe,Café,4bf58dd8d48988d16d941735,4c868f4474d7b60ce533a5d8,42.22425503064072,-121.78305170037771
Nibbley's Cafe,Café,4bf58dd8d48988d16d941735,4ba8d862f964a520a2f339e3,42.20387779297592,-121.75776193239781
The Chopping Block,Sandwich Place,4bf58dd8d48988d1c5941735,534c3843498edfdbdc3e12e6,42.19082604188416,-121.71079727002937
Jimmy John's,Sandwich Place,4bf58dd8d48988d1c5941735,5cc07ee751950e002c6014f3,42.208753,-121.7532594
Gino's Cafe & Sports Bar,Burrito Place,4bf58dd8d48988d153941735,4cb2a4c41168a0935bb03c23,42.22774763946278,-121.77121640944806
Subway,Sandwich Place,4bf58dd8d48988d1c5941735,4b65eefef964a5204d092be3,42.210119066388636,-121.7539141511835
A Leap of Taste,Café,4bf58dd8d48988d16d941735,4c13d7097f7f2d7fa3d1df68,42.226987601553574,-121.78017040854196
SUBWAY,Sandwich Place,4bf58dd8d48988d1c5941735,4cb35fb2562d224b51782d88,42.19514452031977,-121.75754217308747
Deli Station,Sandwich Place,4bf58dd8d48988d1c5941735,597f84315d0fea68f0ba649d,42.22833,-121.76916
Subway,Sandwich Place,4bf58dd8d48988d1c5941735,51993288498eb9532e4cac41,42.25631937373995,-121.79846992534613
Subway,Sandwich Place,4bf58dd8d48988d1c5941735,4bc9f351b6c49c7449568f91,42.22529406168506,-121.78237586894892
Sharky's Shack,Sandwich Place,4bf58dd8d48988d1c5941735,5446b69f498e8efab1b2be85,42.227479,-121.774082
Subway,Sandwich Place,4bf58dd8d48988d1c5941735,4ed936b85c5c96a2fccc57cd,42.25703430175781,-121.7840347290039
wakey bakey,Bakery,4bf58dd8d48988d16a941735,5419cf45498ecf2b1d6f9b2c,42.206946,-121.720854
Mc's On Main,Sandwich Place,4bf58dd8d48988d1c5941735,4bef043596edc9b6662d4af2,42.225067501163366,-121.78202485929287
Blimpie Subs & Sandwiches,Sandwich Place,4bf58dd8d48988d1c5941735,4e4de292bd41b76bef94d393,42.206445,-121.717402
Blimpie Subs & Sandwiches,Sandwich Place,4bf58dd8d48988d1c5941735,4e4de293bd41b76bef94d3a9,42.252925,-121.787306
Stop and Go Deli Mart,Deli / Bodega,4bf58dd8d48988d146941735,4f32b6a619836c91c7f26c7d,42.235607,-121.787348
Asia buffet,Asian Restaurant,4bf58dd8d48988d142941735,4f246546e4b0b653a38c9dc3,42.20255414052298,-121.75771608402633
The Blue Port Seafood Restaurant,Seafood Restaurant,4bf58dd8d48988d1ce941735,516f38cbe4b06748ccce78ec,42.20709991455078,-121.73929595947266
Grey Beards Fish N Burgers,Seafood Restaurant,4bf58dd8d48988d1ce941735,4d5448fb3d73548151d64552,42.20503241911071,-121.639693669569
Fred Meyer Gas,Snack Place,4bf58dd8d48988d1c7941735,4b5f615cf964a52012b729e3,42.2165366,-121.7566724
Casey's,American Restaurant,4bf58dd8d48988d14e941735,4c51e016d797e21e27e1c97c,42.2062281070308,-121.73047739691344
Pho Hong Vietnamese Restaurant,Vietnamese Restaurant,4bf58dd8d48988d14a941735,4bed80f9e3562d7ffc18fff8,42.20691680908203,-121.73948669433594
Rick's Bistro,Asian Restaurant,4bf58dd8d48988d142941735,51f99190498e4dfe1fdd1fc2,42.207726,-121.749241
Basin Martini Bar,American Restaurant,4bf58dd8d48988d14e941735,4c2ff1d57cc0c9b61cb2ec9a,42.22516132711517,-121.7818265827846
Sizzler,Steakhouse,4bf58dd8d48988d1cc941735,4b9c4321f964a520fa5936e3,42.21165113350021,-121.7585119476048
Rooster's Steak & Chop House,Steakhouse,4bf58dd8d48988d1cc941735,4c4f44ef1607ef3b6a9e509b,42.222205741624414,-121.7855130269365
Davids Breakfast and Steak House,Steakhouse,4bf58dd8d48988d1cc941735,5bbd026da2a6ce002c78e5cc,42.23892,-121.79094
Ed BBQ,Steakhouse,4bf58dd8d48988d1cc941735,4f32797119836c91c7db5850,42.20390701293945,-121.74332427978516
Toppers,Bar,4bf58dd8d48988d116941735,503dc90ee4b08a07266a071d,42.174757,-121.818298
3 Reyes Taco Shop,Theme Restaurant,56aa371be4b08b9a8d573538,5d60360ef878a80008ff588a,42.238502,-121.791608
Terra Veg,Vegetarian / Vegan Restaurant,4bf58dd8d48988d1d3941735,5ca3afeadd12f8002c686c8d,42.22637939453125,-121.76824188232422
Do Bar / The Grocery Pub,Vegetarian / Vegan Restaurant,4bf58dd8d48988d1d3941735,5bb76cb5e075500039e04fec,42.21829605102539,-121.76156616210938
Aftershock Restaurant & Nightclub,Bowling Alley,4bf58dd8d48988d1e4931735,4bed99ae75feef3b200b97e6,42.19126110288057,-121.7549741367921
Little Caesars Pizza,Pizza Place,4bf58dd8d48988d1ca941735,4bbcf3cca0a0c9b66d071b0f,42.206237375609156,-121.71971797943115
The Chicken Shack,Wings Joint,4bf58dd8d48988d14c941735,53ec24bd498eded9dcd571f0,42.19863831217518,-121.75619777316095
Winger's Roadhouse Grill,Wings Joint,4bf58dd8d48988d14c941735,4b9b2321f964a52075f535e3,42.195502,-121.7579215
Figaro's Pizza,Wings Joint,4bf58dd8d48988d14c941735,4cd62777dfb4a1cdbbc45d5c,42.211204528808594,-121.75574493408203
