name,category,category_id,venue_id,lat,long
The Carriage Restaurant & Lounge,American Restaurant,4bf58dd8d48988d14e941735,51670abce4b0982776ca7dcc,46.137475,-122.93245900000001
Country Corner Restaurant & Lounge,American Restaurant,4bf58dd8d48988d14e941735,4ddf09b4d4c0935ddd53fe9e,46.29291534423828,-122.85527038574219
Grant’s At The Monticello Hotel,American Restaurant,4bf58dd8d48988d14e941735,5d84dc5d029a4a0007e1c1eb,46.1395149230957,-122.94010162353516
The Bistro,American Restaurant,4bf58dd8d48988d14e941735,4db0f5bf6e81a2637ee35b5b,46.13783310693502,-122.93440637191415
Henri's Carousel,American Restaurant,4bf58dd8d48988d14e941735,4bd3b89641b9ef3b7def00e6,46.16346458844112,-122.9999765753746
Parker's,American Restaurant,4bf58dd8d48988d14e941735,4c3a4449dfb0e21e1ceeb1a8,46.147708892822266,-122.96834564208984
Terikaki Spice,Asian Restaurant,4bf58dd8d48988d142941735,5e741e2b83ce9c0008325a28,46.134796142578125,-122.93766784667969
Hong Fa Chinese,Chinese Restaurant,4bf58dd8d48988d145941735,572ceece498e66d83ecfad96,46.13728332519531,-122.93403625488281
Chinese Village,Chinese Restaurant,4bf58dd8d48988d145941735,4f32a1f919836c91c7eab5c8,46.14727783203125,-122.96392059326172
Chen's,Chinese Restaurant,4bf58dd8d48988d145941735,4db0ebcc93a06157684bf1e0,46.275542,-122.90755800000001
Lee's Orient Express,Cantonese Restaurant,52af3a7c3cf9994f4e043bed,4f32217a19836c91c7b9197d,46.14598083496094,-122.9156723022461
Panda Inn Restaurant,Szechuan Restaurant,52af3b773cf9994f4e043c03,4b54f352f964a520cad427e3,46.131159999999994,-122.939977
Sun's Teriyaki,Japanese Restaurant,4bf58dd8d48988d111941735,4b8c1d15f964a520babe32e3,46.145972,-122.915887
Umi Teriyaki,Sushi Restaurant,4bf58dd8d48988d1d2941735,4c5a23b004f9be9a223ff160,46.162504,-122.998682
Ichi Teriyaki,Sushi Restaurant,4bf58dd8d48988d1d2941735,4b708faff964a5201f222de3,46.14328363460176,-122.93242910223697
Chinese Garden Restaurant,Chinese Restaurant,4bf58dd8d48988d145941735,4baece8cf964a520aad93be3,46.134136,-122.938854
Siam Spice,Thai Restaurant,4bf58dd8d48988d149941735,5a03784f446ea61e64fce3a7,46.137657165527344,-122.93377685546875
Momo Thai,Thai Restaurant,4bf58dd8d48988d149941735,5b031aa3f79faa0039ef9f55,46.137785,-122.93707
Thai Teriyaki,Thai Restaurant,4bf58dd8d48988d149941735,4cd84c30da85224b7ed44bca,46.03111,-122.85529
Nado,Korean Restaurant,4bf58dd8d48988d113941735,5ceecc56d807ee002c1ffcea,46.130551,-122.938236
Hole E Rollers,Bagel Shop,4bf58dd8d48988d179941735,5339c628498e1be5bc2ff806,46.138128,-122.934153
Sunrise Bagels-Kelso,Bagel Shop,4bf58dd8d48988d179941735,4f324ea419836c91c7cad1b7,46.144535064697266,-122.90779876708984
The Flying Pig,Bakery,4bf58dd8d48988d16a941735,5bd357fe8c812a002c1d6730,46.162233,-122.998697
Farm Dog Bakery,Pet Service,5032897c91d4c4b30a586d69,4da89a0a6e81162ae7a9a24c,46.13840866088867,-122.93292999267578
The Original Kristi's Boutique Bakery,Bakery,4bf58dd8d48988d16a941735,5b19d59b4c9be6002c699fa2,46.1380847,-122.9343326
Sushi Sakura,Sushi Restaurant,4bf58dd8d48988d1d2941735,53e586c3498e569365a0cd83,46.14679742249178,-122.93221033197761
Bakers Corner,Restaurant,4bf58dd8d48988d1c4941735,4c0be93e6071a593d5f3e132,46.171063000000004,-123.016378
Hun Flower Village,Chinese Restaurant,4bf58dd8d48988d145941735,529564fb11d2eb88a1472e8f,46.1473424080306,-122.96379593705177
Triangle Tavern,Bar,4bf58dd8d48988d116941735,4f07ecdce4b0945c6a6dfcda,46.144166838398526,-122.92836044218811
United Grocers,Cafeteria,4bf58dd8d48988d128941735,52c71800498e76aa4c8ef918,46.119755,-122.892515
Mr. Bill's Espresso,Café,4bf58dd8d48988d16d941735,4cadde3cbf70236a9f5403f9,46.174078,-123.019733
Lynn's Catering & More,Café,4bf58dd8d48988d16d941735,4cacd112d971b1f775d733e1,46.134677,-122.937126
Kaffeine Cafe,Café,4bf58dd8d48988d16d941735,4cab3d0c44a8224b31172c40,46.145259857177734,-122.92472076416016
Kalama Koffee,Café,4bf58dd8d48988d16d941735,5c9e888cb23dfa00392e3360,46.15305,-122.92104
Zojo Coffee Roaster & Tea Cafe,Café,4bf58dd8d48988d16d941735,5415e015498e79ad24070054,46.146095275878906,-122.92913055419922
Le Caffe,Café,4bf58dd8d48988d16d941735,4cc1ff0d306e224bdd618d6c,46.144409494866245,-122.90788361570868
Liney Birds,Deli / Bodega,4bf58dd8d48988d146941735,57a4e5e0498e8120d065f629,46.105140686035156,-123.2077407836914
Walmart Bakery,Deli / Bodega,4bf58dd8d48988d146941735,59937ab7916bc117dec6ac5e,46.15459714,-122.9814486
Paninis and More,Deli / Bodega,4bf58dd8d48988d146941735,531a5cac498ed5c0183cf494,46.13842010498047,-122.9329833984375
Walmart Bakery,Pharmacy,4bf58dd8d48988d10f951735,5992e864234724356ba5acca,46.12089002,-122.9330589
Franz Bakery,Bakery,4bf58dd8d48988d16a941735,4e949480d5fbe106e6939875,46.129153,-122.92555300000001
Frosting the Town,Cupcake Shop,4bf58dd8d48988d1bc941735,53583a00498ef51b2782f991,46.16539764404297,-122.91642761230469
Kristi Custom Cakes,Cupcake Shop,4bf58dd8d48988d1bc941735,502aa04ae4b0bb2c9e326afd,46.1381794551205,-122.93367731255013
Sweetspot Frozen Yogurt,Frozen Yogurt Shop,512e7cae91d4cbb4e5efe0af,4e67fd28aeb7e985aaf9d236,46.14597598601779,-122.93023348439004
Baskin-Robbins,Ice Cream Shop,4bf58dd8d48988d1c9941735,4c0b0d62a1b32d7fd8849af0,46.14169143987357,-122.93500888696548
Scoops Ice Cream Parlor,Ice Cream Shop,4bf58dd8d48988d1c9941735,4f32628119836c91c7d293d4,46.137997,-122.93403
Denny's,Diner,4bf58dd8d48988d147941735,4b716e8bf964a52063462de3,46.14439663824269,-122.89465514730178
Heavenly Donuts,Donut Shop,4bf58dd8d48988d148941735,4baa430bf964a520bd583ae3,46.14191359920543,-122.93499151946473
Longview Donut’s,Donut Shop,4bf58dd8d48988d148941735,5d1e2ebc557df1002bde822e,46.146095275878906,-122.92913055419922
Fish And Chips,Fish & Chips Shop,4edd64a0c7ddd24ca188df1a,53814675498ea82192d34b98,46.089369,-122.938684
Backstage Cafe,Café,4bf58dd8d48988d16d941735,4b7769d6f964a520d8982ee3,46.14371,-122.911604
Three Rivers Mall,Shopping Mall,4bf58dd8d48988d1fd941735,4ba67dc9f964a520b75739e3,46.139900049041856,-122.89982043043295
Hill Climb Coffee,Food Stand,56aa371be4b08b9a8d57350b,5d2b4e9babc6ee0023ab7fc9,46.094538,-122.962844
Freddies,Food Truck,4bf58dd8d48988d1cb941735,4e20f902a80968cf3e3b546b,46.11594740309375,-122.91747981450193
Big Kahuna Shave Ice,Food Truck,4bf58dd8d48988d1cb941735,55a32930498edb720fea0edf,46.13795471191406,-122.95146942138672
eaterations,Food Truck,4bf58dd8d48988d1cb941735,5733de30498e56a45c9f9fde,46.136614,-122.932746
Steakburger On the Go,Food Truck,4bf58dd8d48988d1cb941735,545fd2b3498eda544cc3b3ac,46.11524561037782,-122.93398872186373
Jack in the Box,Fried Chicken Joint,4d4ae6fc7a7b7dea34424761,4b843cd8f964a520952931e3,46.13993170148307,-122.9364363849163
Jack in the Box,Fried Chicken Joint,4d4ae6fc7a7b7dea34424761,4f9811cbe4b0f64040ef5743,46.14590552958194,-122.89619386196136
Ralph's Egg Farm,Fried Chicken Joint,4d4ae6fc7a7b7dea34424761,52e0ca8211d294b335ad4f8e,46.30829163078023,-122.76453495025635
Porky's Public House & Eatery,Sports Bar,4bf58dd8d48988d11d941735,4c9c31938afca0933866eb15,46.11543797532599,-122.93174741780823
Hot Dogs R Us,Hot Dog Joint,4bf58dd8d48988d16f941735,596e65c3c9a51775f846e360,46.14590072631836,-122.93014526367188
Ganesh Indian Cuisine,Indian Restaurant,4bf58dd8d48988d10f941735,51637fffe4b0d9e61314d153,46.13728332519531,-122.93403625488281
Raw Juice Bar,Juice Bar,4bf58dd8d48988d112941735,5b900ef9018cbb002cb744e8,46.145332,-122.930728
trending,Argentinian Restaurant,4bf58dd8d48988d107941735,4fe4c73ee4b0688b8542fb02,46.243644964861495,-122.8855297207616
Hop-N-Grape,Wine Shop,4bf58dd8d48988d119951735,4e3c3f8e483b04e17a85b814,46.13126145216659,-122.93916709635609
Taco Bell,Mexican Restaurant,4bf58dd8d48988d1c1941735,4c1fe32a8b3aa593a8299e5f,46.14674053526702,-122.92758786238936
Taco Bell,Mexican Restaurant,4bf58dd8d48988d1c1941735,4bc8d50a68f976b092125c83,46.14395795164772,-122.90076853960969
Guadalajara,Mexican Restaurant,4bf58dd8d48988d1c1941735,4bd3ca58b221c9b65ba8dad0,46.16432121776202,-123.0005517404963
Plaza Jalisco,Mexican Restaurant,4bf58dd8d48988d1c1941735,4df1329f88772e1f8149c16c,46.14584,-122.919556
Monarca Restaurant,Mexican Restaurant,4bf58dd8d48988d1c1941735,5c4b884bb6eedb002c58286b,46.172534,-123.015499
El Potrillo,Mexican Restaurant,4bf58dd8d48988d1c1941735,4b3d0a11f964a520958c25e3,46.14334,-122.91157
El Potrillo,Mexican Restaurant,4bf58dd8d48988d1c1941735,538ba64a498ee9aa7b7f3de4,46.143417,-122.91169
Taqueria Casa Del Sol,Mexican Restaurant,4bf58dd8d48988d1c1941735,4dd077c1b0fb25f6e3763613,46.13381065,-122.93894274
Los Pepe's,Mexican Restaurant,4bf58dd8d48988d1c1941735,4b859173f964a520f46531e3,46.146621712741926,-122.93222678062729
Don Pedro,Mexican Restaurant,4bf58dd8d48988d1c1941735,52966a6311d2c01eb71fa4a0,46.14336395263672,-122.91158294677734
Las Rocas,Mexican Restaurant,4bf58dd8d48988d1c1941735,4cd0b7be7b6854819652c3f8,46.13681,-122.934543
Mil Amores Taqueria,Mexican Restaurant,4bf58dd8d48988d1c1941735,599746b6a795bd460e1601bd,46.151865,-122.909289
Silver Star,Bar,4bf58dd8d48988d116941735,4b80ca00f964a520278c30e3,46.142700850452194,-122.92910365442421
Juniors Tacos,Taco Place,4bf58dd8d48988d151941735,57f3d221cd10b1825cc0d02d,46.140153,-122.935074
Vernie's Pizza,Pizza Place,4bf58dd8d48988d1ca941735,4c6456ca263fc928b264e891,46.14435794976187,-122.929063871226
Little Caesars Pizza,Pizza Place,4bf58dd8d48988d1ca941735,4c991a53b8e9224bad67423d,46.145954699330964,-122.9298535770558
Luigi's Pizza,Pizza Place,4bf58dd8d48988d1ca941735,4f32653919836c91c7d39ea1,46.089224,-122.935648
Castle Rock Bakery,Bakery,4bf58dd8d48988d16a941735,4c62ae2069a1c9b6d02939a4,46.276227088191106,-122.90721030019101
El Compadre,Mexican Restaurant,4bf58dd8d48988d1c1941735,4bbfee0dabf495216aa2be93,46.287426376893016,-122.89944527859625
The Tea Cup,American Restaurant,4bf58dd8d48988d14e941735,4dbb0f6493a08f92749adf18,46.27513122558594,-122.9088363647461
C&L Burgers & Espresso,Burger Joint,4bf58dd8d48988d16c941735,4acfdaebf964a52073d620e3,46.28626187816159,-122.90096229415228
Pj's Pizza,Pizza Place,4bf58dd8d48988d1ca941735,4e90f48130f81ec6ffb407e0,46.276798248291016,-122.90780639648438
Rose Tree Restaurant,Restaurant,4bf58dd8d48988d1c4941735,4b5511e5f964a52017da27e3,46.286714,-122.89873100000001
Peper's 49er,American Restaurant,4bf58dd8d48988d14e941735,4c321e08a0ced13ae998146e,46.28387889388481,-122.90037923446184
Papa Pete's Pizza,Pizza Place,4bf58dd8d48988d1ca941735,4b6e97def964a52036c32ce3,46.286366346343925,-122.90126053690447
Indy Way Diner,American Restaurant,4bf58dd8d48988d14e941735,4b9fd355f964a5201a4237e3,46.11542793354292,-122.94323566171506
Lexi'z Pizza Pub,Pizza Place,4bf58dd8d48988d1ca941735,4f323ca219836c91c7c3abca,46.187265999999994,-122.906384
Taco Time,Taco Place,4bf58dd8d48988d151941735,4b9693e9f964a5200cd634e3,46.14357129727793,-122.89548813984021
Shari's Cafe and Pies,American Restaurant,4bf58dd8d48988d14e941735,4b7caa8af964a52020a02fe3,46.14384,-122.896048
Willie Dick's First Street Tap House,Gastropub,4bf58dd8d48988d155941735,5af1e4d7b1538e002cf8716c,46.00798392878479,-122.84473299980164
Panda Express,Chinese Restaurant,4bf58dd8d48988d145941735,4b8f192bf964a520ed4833e3,46.14534904810181,-122.93358594221407
El Ranchero,Mexican Restaurant,4bf58dd8d48988d1c1941735,4d8be31896b9b60ce9a40f78,46.123311,-122.943656
Five Guys,Burger Joint,4bf58dd8d48988d16c941735,4c0819aebbc676b0da0146d5,46.145772630282615,-122.92989632405697
"The Old Woodshed Restaurant, Bar and Music Venue",American Restaurant,4bf58dd8d48988d14e941735,4d1ed3236e8c3704ce84eb9f,46.131215000000005,-122.975275
Red Kitchen,American Restaurant,4bf58dd8d48988d14e941735,5a4a861c25ecca3a3469d358,46.130049,-122.939626
Omelettes & More,Breakfast Spot,4bf58dd8d48988d143941735,4b59fe2cf964a52053a628e3,46.132632,-122.96550801666666
Corner Cafe,Café,4bf58dd8d48988d16d941735,530fa202498e45205edfca09,46.127845,-122.937081
Columbia Inn Restaurant,Restaurant,4bf58dd8d48988d1c4941735,4b7714b5f964a520627b2ee3,46.01333468655771,-122.84741389619317
Fiesta Bonita Mexican Grill & Cantina,Mexican Restaurant,4bf58dd8d48988d1c1941735,4bb5065beb6dd13abeab96e4,46.13741443323638,-122.89981215559246
Holt's Quik Chek Market,Deli / Bodega,4bf58dd8d48988d146941735,4c41ed80520fa593d05ccaac,46.12272554253468,-122.94422207570973
Poker Petes Pizza,Pizza Place,4bf58dd8d48988d1ca941735,4cd604ba122ba143945930a1,46.008246,-122.844254
Izzy’s Pizza & Buffet - Kelso,Buffet,52e81612bcbc57f1066b79f4,4c0d8f0c98102d7f7469e206,46.13938203580344,-122.90317048485102
Antique Deli & Pastry Shop,Deli / Bodega,4bf58dd8d48988d146941735,4b818424f964a520c5ab30e3,46.010675,-122.84616299999999
Kalama Burger Bar,Burger Joint,4bf58dd8d48988d16c941735,4b84561df964a5207b2f31e3,46.011663150667154,-122.84673850028285
Pizza Hut,Pizza Place,4bf58dd8d48988d1ca941735,4b609ae8f964a520ceef29e3,46.1403954,-122.9354897
Playa Azul,Mexican Restaurant,4bf58dd8d48988d1c1941735,4cacd3f697c8a1cdcc39a4a5,46.009259,-122.84539
My Thai Kitchen,Diner,4bf58dd8d48988d147941735,4bb10828f964a52055743ce3,46.124356,-122.95247
SORA Sushi Restaurant,Sushi Restaurant,4bf58dd8d48988d1d2941735,51817a2c498e686b1cf3b33e,46.144566,-122.907784
El Tapatio Mexican Family Restaurant,Mexican Restaurant,4bf58dd8d48988d1c1941735,51562003d86c463b1c640492,46.09040373704246,-122.93593819838398
Cap'n Yoby's Drive-In,Fish & Chips Shop,4edd64a0c7ddd24ca188df1a,4bca2f0a937ca5935157a792,46.144847859798176,-122.90967979179102
Cornerstone Cafe,Café,4bf58dd8d48988d16d941735,4b8af43df964a520048b32e3,46.08982361097306,-122.93538343925343
Fultano's Pizza,Pizza Place,4bf58dd8d48988d1ca941735,4bd374f341b9ef3b8a4000e6,46.102232039103086,-123.1967115715837
Colvins Pub,American Restaurant,4bf58dd8d48988d14e941735,4c5b6b6c9b28d13a68485470,46.10448041975158,-123.20320634257467
Ixtapa,Mexican Restaurant,4bf58dd8d48988d1c1941735,4c634f28edd320a1c243af29,46.102233,-123.197776246931
Mary's Burger & A Shake,Burger Joint,4bf58dd8d48988d16c941735,5282bdcb11d2084b09f33b8c,46.16241956012133,-122.99890843595605
Guadalajara Grill and Cantina,Mexican Restaurant,4bf58dd8d48988d1c1941735,4f32568e19836c91c7cde673,46.16424776435027,-123.00045110090814
Don Pedro's Mexican Restaurant,Mexican Restaurant,4bf58dd8d48988d1c1941735,4c8c5de8509e37048e2b3355,46.12201890374721,-122.94592986890396
Papa Pete's Pizza,Pizza Place,4bf58dd8d48988d1ca941735,4b6e992cf964a5206ac32ce3,46.172181,-123.016071
Burgerville,Burger Joint,4bf58dd8d48988d16c941735,4b660d2ef964a520d9102be3,46.14623552753985,-122.92150923546706
Applebee's Grill + Bar,Restaurant,4bf58dd8d48988d1c4941735,4b3ebffbf964a520b0a125e3,46.14494264,-122.9319698
The Lone Fir,American Restaurant,4bf58dd8d48988d14e941735,4c2fcb7766e40f478199c28b,46.203613,-122.898963
Pancake House,Breakfast Spot,4bf58dd8d48988d143941735,4b13e4d8f964a5203a9a23e3,46.12575419226598,-122.94110516626421
Muchas Gracias Mexican Food,Mexican Restaurant,4bf58dd8d48988d1c1941735,4bac07fff964a5206adf3ae3,46.143764,-122.929257
KFC,Restaurant,4bf58dd8d48988d1c4941735,4d7582c4b5d43704b7a26232,46.14455137357072,-122.92767503253722
Bruno's Pizza,Pizza Place,4bf58dd8d48988d1ca941735,4b36777cf964a520213625e3,46.142983,-122.931474
Taco Time,Taco Place,4bf58dd8d48988d151941735,4b71d6c3f964a520615f2de3,46.14603657629806,-122.92773103344716
Minami Teryaki,Asian Restaurant,4bf58dd8d48988d142941735,4c49e18020ab1b8d0adb6017,46.13615362482969,-122.93714736386316
Gyros Gyros,Greek Restaurant,4bf58dd8d48988d10e941735,515c79a8e4b07d3b3a4e2613,46.137921,-122.93366100000001
Golden Palace Restaurant,Chinese Restaurant,4bf58dd8d48988d145941735,4de2fb10d4c07044057a4d44,46.13678814308034,-122.93624217941026
Phở Ever,Noodle House,4bf58dd8d48988d1d1941735,4d1b86b2c68aa1cdf0299be2,46.143232748306986,-122.93197450337148
Papa Murphy's,Pizza Place,4bf58dd8d48988d1ca941735,4b9d7f1af964a5204fb036e3,46.14340409641091,-122.9283758412939
Los Pepe's,Mexican Restaurant,4bf58dd8d48988d1c1941735,539b90cf498e2365d29fd516,46.13151,-122.93994599999999
Yan's Chinese,Chinese Restaurant,4bf58dd8d48988d145941735,4c06b37c0ed3c9288b71787d,46.148018,-122.91884099999999
Papa Murphy's,Pizza Place,4bf58dd8d48988d1ca941735,4bcf7cd641b9ef3bbe89f8e5,46.14680862426758,-122.96246337890625
Hart-C's Steak And Thai,Thai Restaurant,4bf58dd8d48988d149941735,4b730ed2f964a520a1982de3,46.14775296148955,-122.9658058039677
Domino's Pizza,Pizza Place,4bf58dd8d48988d1ca941735,4cb9ffad90c9a1432f868bd6,46.14336734357065,-122.93020614980833
New Moon Chinese,Chinese Restaurant,4bf58dd8d48988d145941735,4b4e1f6af964a52003e226e3,46.145745,-122.93314175
My Teriyaki and Sushi,Asian Restaurant,4bf58dd8d48988d142941735,4b5ba9d7f964a520810e29e3,46.130561,-122.93807
Pie@trio's,Pizza Place,4bf58dd8d48988d1ca941735,4c37eb4493db0f4714cc2092,46.12479464282123,-122.93900884306213
SUBWAY,Sandwich Place,4bf58dd8d48988d1c5941735,4d87b146d85f3704ca54c2db,46.11926799483367,-122.92995479093702
SUBWAY,Sandwich Place,4bf58dd8d48988d1c5941735,520d940811d2d6dcf9ba75ad,46.18626480448384,-122.90624560935687
Stuffy's II,Breakfast Spot,4bf58dd8d48988d143941735,4b6eef14f964a520d2d12ce3,46.14674911279421,-122.92543882960345
SUBWAY,Sandwich Place,4bf58dd8d48988d1c5941735,4d421f2f33268cfaebaa5501,46.154405658509134,-122.9817612987357
SUBWAY,Sandwich Place,4bf58dd8d48988d1c5941735,4b71bbcaf964a52036592de3,46.14135775674276,-122.93504002441612
Jimmy John's,Sandwich Place,4bf58dd8d48988d1c5941735,531a3ad8498e442406339aaa,46.142140000000005,-122.93348
SUBWAY,Sandwich Place,4bf58dd8d48988d1c5941735,4c64477cd6a320a110accf2a,46.14287248683371,-122.89427154285175
Panera Bread,Sandwich Place,4bf58dd8d48988d1c5941735,5a20541c340a585aa7bd5f1c,46.143122,-122.900148
Subway,Sandwich Place,4bf58dd8d48988d1c5941735,5b73827a1f744000391e7c56,46.09077454365017,-122.94136151409612
Flowers And Fluff,Café,4bf58dd8d48988d16d941735,4c0aee32bbc676b080ca4ad5,46.103429,-123.20305545
SUBWAY,Sandwich Place,4bf58dd8d48988d1c5941735,4bc0d825b492d13adbfda460,46.28668655128376,-122.90156864059003
SUBWAY,Sandwich Place,4bf58dd8d48988d1c5941735,4c1bbe8063750f47c964b567,46.10517982786203,-123.20778719741139
SUBWAY,Sandwich Place,4bf58dd8d48988d1c5941735,4c5c6b4f7735c9b6e03b8c72,46.116754163259344,-122.94969030128323
SUBWAY,Sandwich Place,4bf58dd8d48988d1c5941735,4e4dddd8bd4101d0d79d181d,46.115297,-122.94590600000001
SUBWAY,Sandwich Place,4bf58dd8d48988d1c5941735,4f321cd919836c91c7b72ab9,46.14704895019531,-122.94781494140625
SUBWAY,Sandwich Place,4bf58dd8d48988d1c5941735,4c0ad824ffb8c9b6f9566c61,46.0081854281388,-122.84494090317571
Subway,Sandwich Place,4bf58dd8d48988d1c5941735,5e1350cfadc598000882ca46,46.14284399118106,-122.89415768220903
SUBWAY,Sandwich Place,4bf58dd8d48988d1c5941735,4e4dddd8bd4101d0d79d1828,46.162504,-122.998682
Subway,Sandwich Place,4bf58dd8d48988d1c5941735,5e13982522d7dd000887cb8d,46.18626202814473,-122.90617908279717
Adena's Delights,Bakery,4bf58dd8d48988d16a941735,576d1453cd100106ced4b09c,46.13842010498047,-122.9329833984375
Blimpie Subs & Sandwiches,Sandwich Place,4bf58dd8d48988d1c5941735,4e4de32bbd41b76bef94ddea,46.125153999999995,-122.93115800000001
Skippers,Seafood Restaurant,4bf58dd8d48988d1ce941735,526f024f11d2ddbd60827557,46.120705,-122.932739
Lucky Dragon Restaurant,Chinese Restaurant,4bf58dd8d48988d145941735,4b870491f964a520a9ab31e3,46.00927820722587,-122.84546263934976
Freddy's Just For The Halibut,Seafood Restaurant,4bf58dd8d48988d1ce941735,4e7fcbc661af256e9e75a04c,46.133883000000004,-122.93521299999999
Masthead Castaways,Seafood Restaurant,4bf58dd8d48988d1ce941735,5a3ec1fc911fc41c772d842b,46.142719,-122.93177800000001
Red Lobster,Seafood Restaurant,4bf58dd8d48988d1ce941735,4b89d7fdf964a520c25032e3,46.143342,-122.899878
Boondox Market,Snack Place,4bf58dd8d48988d1c7941735,4ddc3fa345ddaa53eda54b15,46.164369,-123.00010800000001
Fred Meyer Fuel Center,Snack Place,4bf58dd8d48988d1c7941735,591c5cfd82a75061ee48a1bc,46.14791205233981,-122.9633797548924
Teresa's Candy Factory,Snack Place,4bf58dd8d48988d1c7941735,4ed3cf444690a03b6154b2c4,46.145235226159706,-122.95884340419025
Country Folks Deli,Deli / Bodega,4bf58dd8d48988d146941735,4b97f5edf964a520602235e3,46.1378411354406,-122.93419740640972
Monticello Pizzeria,Soup Place,4bf58dd8d48988d1dd931735,5b7b6d93b37e2b002c46ede1,46.13961203834364,-122.94004797935486
Cassava,Café,4bf58dd8d48988d16d941735,4bc4c33babf495219287c593,46.13841564520649,-122.93499923951671
Kim Bowl,Chinese Restaurant,4bf58dd8d48988d145941735,4b58b8b3f964a5206b6728e3,46.140972,-122.93325
Olde Creekside Cafe,Café,4bf58dd8d48988d16d941735,4b6b2017f964a5207df42be3,46.13768332765776,-122.93429794079442
Grounds For Opportunity,Sandwich Place,4bf58dd8d48988d1c5941735,51156447e4b0435c042e22c1,46.14234733205551,-122.9125079116641
Lacey Rha's Cafe,Café,4bf58dd8d48988d16d941735,4c7c0321a86837049b16184d,46.275319,-122.9083023071289
KFC,Southern / Soul Food Restaurant,4bf58dd8d48988d14f941735,4b7cab01f964a5203ca02fe3,46.144465905379704,-122.92768381065429
Longview Country Club,Steakhouse,4bf58dd8d48988d1cc941735,4ca528b57334236ac7fd1358,46.160778095274615,-122.95223534814586
Kyoto Japanese Steakhouse,Steakhouse,4bf58dd8d48988d1cc941735,59f130b4c9a517023f1f3f51,46.147352,-122.924239
Urban Saloon,Steakhouse,4bf58dd8d48988d1cc941735,5553fe36498e6b743f01efa7,46.135607,-122.934754
Parker's Steakhouse,Steakhouse,4bf58dd8d48988d1cc941735,50382d17e4b021b33c2bdf6f,46.2868531312487,-122.89868529070179
Sizzler,Steakhouse,4bf58dd8d48988d1cc941735,4bfd7042b68d0f473bcae857,46.147104356502616,-122.92935842162208
Dutch Bros Coffee,Tea Room,4bf58dd8d48988d1dc931735,5627a406498e3219e9dc675f,46.14607540148305,-122.92837243431768
Simply Healthy,Vegetarian / Vegan Restaurant,4bf58dd8d48988d1d3941735,4f4add5fe4b0b7483fab909c,46.14606149706267,-122.92837202117467
