name,category,category_id,venue_id,lat,long
Conway Muse,American Restaurant,4bf58dd8d48988d14e941735,4cca3cc80a9ab1f77f981af4,48.340072523891244,-122.34717386022564
chuckwagon,American Restaurant,4bf58dd8d48988d14e941735,4fd4f95de4b065401b3a50ae,48.427852630615234,-122.3350601196289
Rockaway Bar & Grill,New American Restaurant,4bf58dd8d48988d157941735,5394b021498eb409d6982793,48.22275992014347,-122.47516826845748
Bhanchang Thai Cuisine,Asian Restaurant,4bf58dd8d48988d142941735,4d7683b030f5a35ddf9a2b97,48.50512683391571,-122.2388446
Phoenix Pavilion,Chinese Restaurant,4bf58dd8d48988d145941735,52a91ec2498e1307095fa18f,48.241912841796875,-122.35120391845703
Chen Can Cook,Chinese Restaurant,4bf58dd8d48988d145941735,4e4345651f6e0a1ba5d004ec,48.241946999999996,-122.351178
Happy At The Bay Teriyaki,Chinese Restaurant,4bf58dd8d48988d145941735,4c702d7cb5a5236aca754f52,48.241784,-122.35931299999999
Cristy's Lumpia And More Inc,Filipino Restaurant,4eb1bd1c3b7b55596b4a748f,5a878725054e2912296e574b,48.2568157,-122.4380152
Teriyaki Time,Japanese Restaurant,4bf58dd8d48988d111941735,51a5123e498e456055d491d9,48.435814,-122.292293
Arigato Japanese Restaurant,Japanese Restaurant,4bf58dd8d48988d111941735,4f4488d519836ed00194bb6f,48.505096435546875,-122.23932647705078
Asia Grill & More,Vietnamese Restaurant,4bf58dd8d48988d14a941735,562eca4b498ed60d7c13289b,48.436947861073875,-122.32222478773349
Teriyaki Bowl,Vietnamese Restaurant,4bf58dd8d48988d14a941735,4be73bbc2468c928d9450243,48.45547866821289,-122.33521270751953
Swamp Daddy's Bbq,BBQ Joint,4bf58dd8d48988d1df931735,59a5fd6f1108ba4532659d4d,48.51077,-122.24003
Krispy Kreme,Bagel Shop,4bf58dd8d48988d179941735,4da0f463b521224beb32eaed,48.47040294928856,-122.33682511100356
Pierre Fauvet Pastry Café,Bakery,4bf58dd8d48988d16a941735,576dcc7f498ea3908a0b9366,48.241317,-122.455388
Liberty Bistro,Bistro,52e81612bcbc57f1066b79f1,56fdbca0498ef7d07bc05673,48.507615,-122.238479
Duck Inn Cafe,Breakfast Spot,4bf58dd8d48988d143941735,4ca36003a73cb60cda291878,48.24068623566118,-122.35261658338602
Camano Lodge (formerly Diamond Knot),American Restaurant,4bf58dd8d48988d14e941735,4f32896e19836c91c7e17540,48.231462488323515,-122.4739122390747
Magdalena's Creperie,Creperie,52e81612bcbc57f1066b79f2,4da9f1c34df01c19b17eaba7,48.288977,-122.421952
Lopez Island Ice Cream Trailer,Ice Cream Shop,4bf58dd8d48988d1c9941735,5b70a960088158002cfe183f,48.514033,-122.611263
Dockside Ice Cream & Sweets,Ice Cream Shop,4bf58dd8d48988d1c9941735,51d9f76e498ebe8845e27efd,48.390584,-122.49758
Specialty Ice Cream,Ice Cream Shop,4bf58dd8d48988d1c9941735,595980032be425119f8ca0ec,48.241465,-122.455816
Black Bird Bakery Café,Bakery,4bf58dd8d48988d16a941735,4e8b6ae48231cd8254570b91,48.24137760792087,-122.366082072258
Jack in the Box,Fried Chicken Joint,4d4ae6fc7a7b7dea34424761,4baaa835f964a5206d7d3ae3,48.435561042652964,-122.33707129955292
Double Barrel BBQ,Gastropub,4bf58dd8d48988d155941735,5d9d24a25f00890007e9773e,48.51089068,-122.24001405
Cafe Langley,Greek Restaurant,4bf58dd8d48988d10e941735,4ccddb34b571b60cc555db65,48.284448,-122.381484
Molto Bene,Greek Restaurant,4bf58dd8d48988d10e941735,4bf843ac5317a5934c80ff7e,48.51348,-122.611984
Neapolis,Greek Restaurant,4bf58dd8d48988d10e941735,4c40fb523735be9afac317a4,48.52513226666667,-122.11672715
Polly's,Hot Dog Joint,4bf58dd8d48988d16f941735,4f09fcf1e4b026656fd1577e,48.50188284048311,-122.35630423748583
Papa Murphy's | Take 'N' Bake Pizza,Italian Restaurant,4bf58dd8d48988d110941735,4f3251a619836c91c7cc0147,48.51135709684859,-122.22644215772567
Taqueria Mi Cocina,Mexican Restaurant,4bf58dd8d48988d1c1941735,57390bbf498e2689985c5d9a,48.240692,-122.36691
Pizza Shack,Pizza Place,4bf58dd8d48988d1ca941735,4bf9bf705ec320a1dfcb8ad3,48.565292,-122.42180400000001
First Church of Pizza,Pizza Place,4bf58dd8d48988d1ca941735,5a81fbf7a9fe12062ca2f7a6,48.40044,-122.54295
Little Caesars Pizza,Pizza Place,4bf58dd8d48988d1ca941735,55c6954e498e63aa7b45a09a,48.512116,-122.21913
McDonald's,Restaurant,4bf58dd8d48988d1c4941735,4d94fb28ceb141bd32ea039c,48.501640877131244,-122.2578401863575
Tequila Azteca Mexican Restaurant,Mexican Restaurant,4bf58dd8d48988d1c1941735,58b3947e5a586955421bbd29,48.510236,-122.230507
The Woolley Market,Café,4bf58dd8d48988d16d941735,53b9ae2b498e13dbda8115dc,48.50348960344265,-122.23833848460313
Cascade Pasta & Pizza Co.,Italian Restaurant,4bf58dd8d48988d110941735,4c2a49acb34ad13ae10ae8ce,48.50256,-122.254619
Hals Drive In,American Restaurant,4bf58dd8d48988d14e941735,4c4f4ee71d76c92825f3a091,48.50320542492612,-122.23631881676278
Lorenzo's Mexican Restaurant,Mexican Restaurant,4bf58dd8d48988d1c1941735,4d9fb1d4affda35d85d2aa48,48.510073,-122.230264
BigRock Cafe & Grocery,American Restaurant,4bf58dd8d48988d14e941735,4be6187ad4f7c9b6c96b2620,48.43015878285759,-122.26416867851358
Papa Murphy's,Pizza Place,4bf58dd8d48988d1ca941735,4d1e771b0901721e085182a5,48.51130431666667,-122.22619758333333
Teriyaki Wok #9,Japanese Restaurant,4bf58dd8d48988d111941735,4c117aa0416620a18734d9e4,48.5115272486273,-122.22637011757047
Hometown Cafe,American Restaurant,4bf58dd8d48988d14e941735,4c66f5d5e75ac928c620f9da,48.50390602725406,-122.23888472015763
Lucky Teriyaki,Chinese Restaurant,4bf58dd8d48988d145941735,4cf07126cc61a35ddeea0e9e,48.50987526,-122.22900983333334
Joy's Bakery & Cafe,American Restaurant,4bf58dd8d48988d14e941735,4c5ee22b85a1e21ed3495d11,48.50364281616153,-122.23839353377178
Domino's Pizza,Restaurant,4bf58dd8d48988d1c4941735,4d41f113aed776ebf8de6997,48.505598431515054,-122.23920513691155
Little Thailand,Thai Restaurant,4bf58dd8d48988d149941735,51b242a1498ef0350fce053e,48.505204,-122.238859
Alfy's Pizza,Pizza Place,4bf58dd8d48988d1ca941735,4bd2658477b29c746fcb8e82,48.510223031044006,-122.23040531666666
Tulip City Brewing,Gastropub,4bf58dd8d48988d155941735,594f33e93d47911dac7b3a01,48.39215,-122.322924
Jasmin Thai Cuisine & Sushi,Sushi Restaurant,4bf58dd8d48988d1d2941735,4b3ff11ef964a520a1b225e3,48.24237719049176,-122.35131960729213
Mammoth Burger,Burger Joint,4bf58dd8d48988d16c941735,5c6876d947f876002c88346a,48.242355,-122.351234
Polska Kuchnia,Polish Restaurant,52e81612bcbc57f1066b7a04,56e37ac9498e82b227fce812,48.24199477132859,-122.3501536426303
Ixtapa,Mexican Restaurant,4bf58dd8d48988d1c1941735,4dd98877d1647fcf3e7e1121,48.241785,-122.357823
Johnny's Burger Stop,Burger Joint,4bf58dd8d48988d16c941735,4c868f3d51ada1cde34e4110,48.239657139307035,-122.24345584512139
Farmers Cafe,Café,4bf58dd8d48988d16d941735,5b79e2c535811b002c5fbdda,48.239178,-122.33091100000001
Camano Island Coffee Roasters,Café,4bf58dd8d48988d16d941735,4c374f180a71c9b6f1903ec9,48.24176778920961,-122.45518653046585
Big Lake Bar & Grill,American Restaurant,4bf58dd8d48988d14e941735,4cba1c89f50e224b0ed6f1fb,48.38137654696843,-122.22192378627898
MOD Pizza,Restaurant,4bf58dd8d48988d1c4941735,5c90b651da5e56003948efa3,48.24047205,-122.35695017
Taco Time,Taco Place,4bf58dd8d48988d151941735,4c61bab1edd320a1ef41ab29,48.23680822555509,-122.3298280073056
Miyakos Teriyaki,Noodle House,4bf58dd8d48988d1d1941735,4c1001976b7e2d7f96ef2635,48.23852469975165,-122.33093177316232
Little Caesars Pizza,Pizza Place,4bf58dd8d48988d1ca941735,4d9baab14fdab60cdccd50f2,48.236160179821624,-122.32965142581969
Dos Reales,Mexican Restaurant,4bf58dd8d48988d1c1941735,4c3d064ba97bbe9a915efbdd,48.23987794,-122.36562203333334
Dragon Palace,Asian Restaurant,4bf58dd8d48988d142941735,4c4641329be820a123507993,48.23664527392708,-122.32636986765311
Stanwood Cafe,American Restaurant,4bf58dd8d48988d14e941735,4f6f573be4b0861078596a15,48.241769,-122.36934
Papa Murphy's,Pizza Place,4bf58dd8d48988d1ca941735,4d194813c8f859412918a340,48.240915971656484,-122.35950368921158
Cookie Mill & Bakery,Bakery,4bf58dd8d48988d16a941735,54df884e498ef629429383de,48.240201,-122.366668
Spartan Drive-In,Burger Joint,4bf58dd8d48988d16c941735,519c3396498ec3558bac6370,48.240938,-122.367154
Farmers Cafe,American Restaurant,4bf58dd8d48988d14e941735,54486aea498eb836d0870562,48.24190204910984,-122.35429665440338
Sahara Pizza - Stanwood,Pizza Place,4bf58dd8d48988d1ca941735,4d02b20c2f96f04d574a1354,48.24181298594677,-122.37073141224059
Fireweed Terrace at Eaglemont,Restaurant,4bf58dd8d48988d1c4941735,53a75867498ec347d325895b,48.405939000000004,-122.280441
Super Pho & Teriyaki II,Asian Restaurant,4bf58dd8d48988d142941735,4dcae883d22d7ffe9d226802,48.418704986572266,-122.33738708496094
Islander's Restaurant at the Stanwood Pavilion,Italian Restaurant,4bf58dd8d48988d110941735,50f9f52ee4b0687cd148c09f,48.2365,-122.3262
Conway Skagit Barn,Restaurant,4bf58dd8d48988d1c4941735,4daa244b4df01c19b183e284,48.341223,-122.340893
Jimmy's Pizza & Pasta,Italian Restaurant,4bf58dd8d48988d110941735,4b64d802f964a5206ed42ae3,48.240804520210204,-122.36624871560521
Iron Skillet,American Restaurant,4bf58dd8d48988d14e941735,4c07fc68bbc676b07fd245d5,48.50346791879694,-122.24181479492144
Wayne's Corner Cafe,Diner,4bf58dd8d48988d147941735,4e86193a61af076853a6250e,48.241964,-122.35001000000001
The Baked Cafe,Café,4bf58dd8d48988d16d941735,5d2aa5dd447b6d0023e1ac68,48.241458892822266,-122.45536041259766
SUBWAY,Sandwich Place,4bf58dd8d48988d1c5941735,4bce0394ef10952164558386,48.237802304021734,-122.32624023312911
Coconut Kenny's,Pizza Place,4bf58dd8d48988d1ca941735,4c2fa349213c2d7f593d315d,48.504799441879214,-122.23887052525996
SUBWAY,Sandwich Place,4bf58dd8d48988d1c5941735,4c128f95a9c220a16e36549d,48.5111891945226,-122.2264479865255
Subway,Sandwich Place,4bf58dd8d48988d1c5941735,5e136df037b12d0008fc5bb3,48.22362027031958,-122.47440740841256
Amigo Family Mexican Restaurant,Mexican Restaurant,4bf58dd8d48988d1c1941735,4b47a1eaf964a5203d3826e3,48.23659972242831,-122.32642343004797
Mestizo Mexican Restaurant,Mexican Restaurant,4bf58dd8d48988d1c1941735,4c0ff3afce57c928781881d2,48.50562239028646,-122.23849679299849
Big Lake Grocery,Snack Place,4bf58dd8d48988d1c7941735,4e21e64c1495f18f035374d1,48.401523,-122.24098400000001
Conway,Snack Place,4bf58dd8d48988d1c7941735,4c312af716adc9281547c09c,48.340884777440685,-122.3412299841953
QFC Fuel Center,Snack Place,4bf58dd8d48988d1c7941735,59831b2e64c8e127505c5635,48.24078824594528,-122.35784635704925
Shima Japanese Restaurant and Sushi,Restaurant,4bf58dd8d48988d1c4941735,56da37a1cd103f495d5b0cee,48.241575,-122.36855
Tea With Your Dragon,Tea Room,4bf58dd8d48988d1dc931735,5b3941a1065ef5002c89fc2b,48.242413,-122.368875
Royal Fork Buffet,American Restaurant,4bf58dd8d48988d14e941735,4bb11a3df964a520a27a3ce3,48.44106674194336,-122.34281921386719
Riverside Cafe,American Restaurant,4bf58dd8d48988d14e941735,4be61e8d2468c92866160143,48.43830475392399,-122.33482985415158
Bow Edison,American Restaurant,4bf58dd8d48988d14e941735,57f081efcd10d8d75f164edf,48.565369,-122.42193
Flyers,American Restaurant,4bf58dd8d48988d14e941735,56a03aa0498eedc0c875d389,48.47230984082399,-122.41415705282509
Treehouse,American Restaurant,4bf58dd8d48988d14e941735,54dfbd61498e2bf4db91bf5c,48.390911,-122.496683
Skagit Valley Farmhouse Restaurant,American Restaurant,4bf58dd8d48988d14e941735,4e13751462e1d997a6b19ba6,48.44679260253906,-122.4719467163086
Bakerview Restaurant,American Restaurant,4bf58dd8d48988d14e941735,4c62f1d44b5176b020110c17,48.325992584228516,-122.67273712158203
Keglers,American Restaurant,4bf58dd8d48988d14e941735,4e93520a7ee629d9b4aa315f,48.45840585301056,-122.58199909743308
courtyard at majestic inn and spa,American Restaurant,4bf58dd8d48988d14e941735,51fd9c73498ebaa7fd7632b0,48.518674,-122.612181
Bite Teriyaki and Pho,Asian Restaurant,4bf58dd8d48988d142941735,56318fb3498eea1da5da0de1,48.436269,-122.33656699999999
Sunny Teriyaki,Asian Restaurant,4bf58dd8d48988d142941735,4b9e914df964a520e8ef36e3,48.474144,-122.335302
Aisa One,Asian Restaurant,4bf58dd8d48988d142941735,4f7c8983e4b0b7ee6882c74c,48.46028137207031,-122.33416748046875
Apple Teriyaki,Asian Restaurant,4bf58dd8d48988d142941735,4becac07d5510f47e8e0cc6c,48.45280212332824,-122.33685233478667
Tokyo Stop,Asian Restaurant,4bf58dd8d48988d142941735,4bb3aa8b715eef3b76ab86bb,48.30590632376983,-122.64307622834154
Four Season Buffet,Chinese Restaurant,4bf58dd8d48988d145941735,4f9df8f2e4b0e868c3e24613,48.462656002904865,-122.33501280305961
Dragon Inn,Chinese Restaurant,4bf58dd8d48988d145941735,4bf849085ec320a1808188d3,48.43928214663165,-122.33705780356227
Nex Rice King,Chinese Restaurant,4bf58dd8d48988d145941735,4d5d61e31ef2f04d7d13ffcd,48.34335207939148,-122.67271220684052
Kyoto Kitchen Japanese Restaurant,Japanese Restaurant,4bf58dd8d48988d111941735,4bd3a8eea8b3a5938b996a5f,48.435955111341954,-122.31576460166542
Cherry St. Teriyaki,Japanese Restaurant,4bf58dd8d48988d111941735,4ca68a47b7106dcbfa425fa5,48.474546000000004,-122.327601
Best Teriyaki,Japanese Restaurant,4bf58dd8d48988d111941735,4c61cecdedd320a18478ab29,48.43655249738244,-122.33489790455435
The Upcountry,Japanese Restaurant,4bf58dd8d48988d111941735,5af4f4414940bc002cd01a5e,48.418054,-122.337829
Fujisan Sushi,Japanese Restaurant,4bf58dd8d48988d111941735,5c8e95d58fb09e002cd0307f,48.720073,-122.501902
Umi Teriyaki,Japanese Restaurant,4bf58dd8d48988d111941735,4c8ed512ad70a1439e148d0f,48.414195,-122.312551
Tokyo Stop - Cascade Mall,Japanese Restaurant,4bf58dd8d48988d111941735,4e21f985b0fbdf9ba7afc7a4,48.463436126708984,-122.33917999267578
Teriyaki House Japanese Restaurant,Japanese Restaurant,4bf58dd8d48988d111941735,4f32b24b19836c91c7f0c880,48.44114685058594,-122.333740234375
Tokyo Stop and Teriyaki,Japanese Restaurant,4bf58dd8d48988d111941735,4f32474319836c91c7c7ede0,48.418857,-122.337776
Harbor Sushi,Korean Restaurant,4bf58dd8d48988d113941735,5c81da12c03635002c264690,48.306579,-122.643602
Pyung Chang Korean Bbq,Korean Restaurant,4bf58dd8d48988d113941735,5c317dee41868600394a105f,48.418709,-122.337366
Orange Teriyaki Wok & Pho,Korean Restaurant,4bf58dd8d48988d113941735,5b8cae06e55d8b002c72d41e,48.441272,-122.334808
DH Mongolian Grill,Asian Restaurant,4bf58dd8d48988d142941735,4db3a2c7fa8c350240d3d20d,48.30250979100328,-122.64398489149485
On Rice Thai Bistro,Thai Restaurant,4bf58dd8d48988d149941735,4b186adff964a52072d223e3,48.71990354221446,-122.50156768312722
Taste Of Thai By Wipa,Thai Restaurant,4bf58dd8d48988d149941735,5b9473360a08ab002ce61b56,48.46494,-122.335365
Jeda's Kitchen,Thai Restaurant,4bf58dd8d48988d149941735,4e82914b46901a9971b8d331,48.29603835,-122.65387819
Bangkok Bistro,Thai Restaurant,4bf58dd8d48988d149941735,4f77b79fe4b0e0abc4b056d9,48.467473,-122.33686100000001
Maikham,Thai Restaurant,4bf58dd8d48988d149941735,5cd74abf16fa04002cd00a87,48.72149658203125,-122.50236511230469
Tharika Thai Restaurant,Thai Restaurant,4bf58dd8d48988d149941735,5578e7e9498e07732a9c1283,48.475691,-122.326526
Thai Food & PHo,Thai Restaurant,4bf58dd8d48988d149941735,5b9ffe6bdb2aeb002c46c5e4,48.4945984,-122.6125294
Pho & More,Vietnamese Restaurant,4bf58dd8d48988d14a941735,4daf7cee43a1e3d9e648176b,48.436195373535156,-122.33653259277344
Kelley's BBQ,BBQ Joint,4bf58dd8d48988d1df931735,4c6470073f69c9b62e9388d9,48.42193141,-122.345044
Whitey's Bbq,BBQ Joint,4bf58dd8d48988d1df931735,591764412bf9a936def3ca5c,48.392845,-122.495802
Xtra Special Cakes,Bakery,4bf58dd8d48988d16a941735,528be3a2498efe528837b2ad,48.42184123530747,-122.34699243859639
ECOPRO2,Bakery,4bf58dd8d48988d16a941735,5dae042b1ce419000899bc41,48.40814467,-122.33556483
La Victoria Bakery,Bakery,4bf58dd8d48988d16a941735,4f323e3c19836c91c7c4508c,48.434934000000005,-122.31309099999999
Walmart Bakery,Bakery,4bf58dd8d48988d16a941735,5992e8a7e4c4591adf65e790,48.44174,-122.34313
Rockfish Grille / Anacortes Brewery,Brewery,50327c8591d4c4b30a586d5d,4a9893cef964a520c42c20e3,48.51925022774097,-122.61271622435977
Craft Ale Syndicate,Bar,4bf58dd8d48988d116941735,51b3d55c498efbbd115ab307,48.3902396880847,-122.49761805203536
Bamboo Bistro,Asian Restaurant,4bf58dd8d48988d142941735,5ac93565dd12f80c0b471e88,48.49466,-122.612647
IHOP,Breakfast Spot,4bf58dd8d48988d143941735,510430bce4b00aedb9bdc854,48.438611229520376,-122.34365676334603
Mom's Cafe,Breakfast Spot,4bf58dd8d48988d143941735,4c7d42a05af8b60c1c0c8f10,48.488487243652344,-122.29210662841797
Sakura Japanese Steak,Japanese Restaurant,4bf58dd8d48988d111941735,4b2c41b6f964a520b9c424e3,48.45087663805666,-122.33436535676748
Oak Harbor Elks Lodge,Event Space,4bf58dd8d48988d171941735,4c1a4cb1624b9c7471661204,48.299652583333334,-122.65258545
NASWI Galley,Restaurant,4bf58dd8d48988d1c4941735,4c60afa4924b76b0be3ef4b9,48.342719078063965,-122.67158031463623
NEX Barber Shop,Salon / Barbershop,4bf58dd8d48988d110951735,4d0f61b8e23654815f7971ea,48.343459346000195,-122.67261062783767
Galley Restaurant & Lounge,Bar,4bf58dd8d48988d116941735,4de08f83d4c040523ea87115,48.50683531021898,-122.915590795612
The Skagit Casino Resort,Casino,4bf58dd8d48988d17c941735,4b4e4b0bf964a5205ae826e3,48.55946365209428,-122.3467259473275
DH buffet,Asian Restaurant,4bf58dd8d48988d142941735,4c830608dc018cfa1387d56c,48.30272225538336,-122.64371449161848
The Alger Bar & Grille,Bar,4bf58dd8d48988d116941735,4d52156c3062a1cd43de6da3,48.61991469915346,-122.34078749532823
Super Duper Burger & Teriyaki,Burger Joint,4bf58dd8d48988d16c941735,4ca23e5b7f84224b1bbeba58,48.720355,-122.490624
Shari's Cafe and Pies,American Restaurant,4bf58dd8d48988d14e941735,4c507849991c20a1c9ae3f86,48.456941,-122.335372
The Filling Station,Burger Joint,4bf58dd8d48988d16c941735,563d5d67cd1028d37cfd5771,48.721188,-122.50291599999998
Zane Burgers,Burger Joint,4bf58dd8d48988d16c941735,57f6ad48498e4abf0a6f5617,48.719619,-122.501969
Dari Delite,Burger Joint,4bf58dd8d48988d16c941735,5010549ce4b049b9636e9945,48.409692,-122.33766000000001
Whiskey's Burger Bistro,Burger Joint,4bf58dd8d48988d16c941735,571c1a11498e4f08274fdc51,48.719771,-122.502292
H2O,Bar,4bf58dd8d48988d116941735,4f21bdd2e4b0617641882d87,48.51935283822347,-122.61278821502289
Doe Bay Resort & Retreat,Resort,4bf58dd8d48988d12f951735,4bdb7acc6547d13a0d1e7c26,48.641181691338915,-122.78094947934099
Third Street Cafe,Café,4bf58dd8d48988d16d941735,57f56cad498e6b993bee4fb0,48.420146,-122.33587299999999
Ristretto Coffee Lounge & Wine Bar,Café,4bf58dd8d48988d16d941735,4bf1b3d370779521c6983e7c,48.4196426018813,-122.33749495517849
Firehouse Cafe,Café,4bf58dd8d48988d16d941735,538269e4498ef71aaaed686c,48.719978,-122.500059
Rachawadee Thai Cafe,Thai Restaurant,4bf58dd8d48988d149941735,4c19339ffe5a76b07e3a0315,48.41952346585731,-122.33851358417674
Evolve Chocolate + Cafe,Café,4bf58dd8d48988d16d941735,5b84c8a8872f7d002ca7fad4,48.72073,-122.50362
StrEAT Food,Café,4bf58dd8d48988d16d941735,52a5177b11d278ee574b5348,48.72182656972182,-122.51260460728135
Cafe Burlington,Café,4bf58dd8d48988d16d941735,4aff0b24f964a520683322e3,48.475761999999996,-122.33126499999999
Jitterbug,Café,4bf58dd8d48988d16d941735,4b929ea0f964a520770a34e3,48.509309,-122.3377618
Rock Island Coffee,Café,4bf58dd8d48988d16d941735,5b92d22fb6b04b002c18e5a2,48.29907,-122.64368
Drag'N'Fly Espresso,Café,4bf58dd8d48988d16d941735,4c6dbb51c5243704111329eb,48.29773695120835,-122.65626685308968
Apple A Day Cafe,Café,4bf58dd8d48988d16d941735,51af7cc450197c26f7804e72,48.29734420776367,-122.6533203125
San Jaun Provisions,Café,4bf58dd8d48988d16d941735,581cf75fda4059503f6ed027,48.506706,-122.67834
Catkin Cafe,Café,4bf58dd8d48988d16d941735,5d41c0f405ce8a0008fd1754,48.62339,-122.83513
Camp Team Redeem,Czech Restaurant,52f2ae52bcbc57f1066b8b81,5b2f0e01ea1e440039e06dec,48.64152,-122.7809
Haggen,Deli / Bodega,4bf58dd8d48988d146941735,4bb2604a2397b71359ee36b3,48.469242,-122.3389
Coffee Junction,Deli / Bodega,4bf58dd8d48988d146941735,4e3c773dfa76455375ab2e15,48.72059631347656,-122.5102310180664
La Conner Fruit & Produce Market,Deli / Bodega,4bf58dd8d48988d146941735,4b9d5fa6f964a520c6a736e3,48.391627,-122.49580700000001
Swinomish Market at the Village,Convenience Store,4d954b0ea243a5684a65b473,5d716b653df6610007709ddd,48.390471,-122.501398
Bonnie's Deli And Bakery,Deli / Bodega,4bf58dd8d48988d146941735,5957ef8208815849314cbe85,48.526512,-122.912704
Swinomish Market at the Links,Convenience Store,4d954b0ea243a5684a65b473,5d716b63fb02b20008729a5f,48.462147,-122.570513
olive shoppe,Gourmet Shop,4bf58dd8d48988d1f5941735,512a8f06e4b096ae5376a737,48.390475,-122.49751200000001
Ginger Grater,Gourmet Shop,4bf58dd8d48988d1f5941735,4dae2f281e7207bbeb0c1489,48.390256,-122.4974137544632
Forté Artisan Chocolates,Dessert Shop,4bf58dd8d48988d1d0941735,53617283498e8f62c6e793c7,48.426906,-122.33676000000001
Papa's Sweets,Dessert Shop,4bf58dd8d48988d1d0941735,4de435c052b1d38d2998cdef,48.719881,-122.502848
Seaport Landing,Bakery,4bf58dd8d48988d16a941735,51f2b0cd498ecb347c4b49df,48.391873279983514,-122.49646047573236
Shambala Bakery,Bakery,4bf58dd8d48988d16a941735,57a270d5498e6a2fd825e57a,48.4182049,-122.3381258
Mad Batter Cupcakes and Confections,Cupcake Shop,4bf58dd8d48988d1bc941735,53ecc64f498ee4a59d711a79,48.720308,-122.504141
Toppins Frozen Yogurt,Frozen Yogurt Shop,512e7cae91d4cbb4e5efe0af,4febb037e4b0d7135b311c3f,48.30303365155626,-122.64710692914517
Just Peachy Frozen Yogurt,Frozen Yogurt Shop,512e7cae91d4cbb4e5efe0af,4ff897b4e4b0d27dd8418734,48.452842,-122.336381
The Chuck Wagon,Burger Joint,4bf58dd8d48988d16c941735,4d9a8229422ea1cd384ee84c,48.427875,-122.335086
Mad Hatter's Ice Cream,Ice Cream Shop,4bf58dd8d48988d1c9941735,4e1635d718a8ecee9e7c20ae,48.5170718504487,-122.60951837267947
Baskin-Robbins,Ice Cream Shop,4bf58dd8d48988d1c9941735,4bf73cf35ec320a127be86d3,48.304156443392166,-122.64571859977166
Big Scoop,Ice Cream Shop,4bf58dd8d48988d1c9941735,4bc524b36c26b7138202ebf3,48.436063158247876,-122.3362343467367
Fudge Factory,Dessert Shop,4bf58dd8d48988d1d0941735,4ff6172ee4b0cdc6b7cc1dc6,48.52382515028389,-122.91545266584782
Sirena Gelato,Ice Cream Shop,4bf58dd8d48988d1c9941735,4b6f94eaf964a520caf62ce3,48.720103000025865,-122.50495949041436
Rocky Mountain Chocolate Factory,Ice Cream Shop,4bf58dd8d48988d1c9941735,4f25ce2de4b012e03089ecc0,48.45623016357422,-122.33940887451172
Acme Ice Cream,Ice Cream Shop,4bf58dd8d48988d1c9941735,51d9e49c498ea2ccfa489dbf,48.720186,-122.50345
La Conner Ice Cream Tower,Ice Cream Shop,4bf58dd8d48988d1c9941735,4bcb9de8cc8cd13a78d1bfcf,48.39239958981471,-122.49579890323396
The Sugar Shack,Dessert Shop,4bf58dd8d48988d1d0941735,595ae43ad1a40251f518f866,48.6556,-122.854627
Sakuma Bros. Farm & Market,Ice Cream Shop,4bf58dd8d48988d1c9941735,4dc43261d4c0ad9c0f6857b8,48.50704574584961,-122.36133575439453
LaConner Lunch Box & Sweet Shoppe,Café,4bf58dd8d48988d16d941735,4fa6e655e4b0ddd4973ebc66,48.38984350408421,-122.49778014239986
Orange Rainbow,Ice Cream Shop,4bf58dd8d48988d1c9941735,5934a19f66fc654618c4634c,48.39035,-122.49722
Mount Bakery Fairhaven,Bakery,4bf58dd8d48988d16a941735,4e91defc29c2117fa45ac01b,48.720515,-122.50129299999999
Denny's,Diner,4bf58dd8d48988d147941735,4dafa54281548efb15b06815,48.43541867896183,-122.33932301402092
Mr. T's Cafe,American Restaurant,4bf58dd8d48988d14e941735,4b3bb3cff964a520327925e3,48.42823142784024,-122.33935814305073
Truck City Truck Stop,Diner,4bf58dd8d48988d147941735,4b1858dbf964a5203ad123e3,48.394690731292364,-122.33411845845204
The Lunchbox Diner,Diner,4bf58dd8d48988d147941735,5ab6c46c0d8a0f795cfa1bec,48.417722,-122.337524
Darren's Donuts,Donut Shop,4bf58dd8d48988d148941735,4c7959a7df08a1cd5462da5d,48.436709,-122.334851
Lafeen's Donut & Ice Cream,Donut Shop,4bf58dd8d48988d148941735,505a9357e4b0b434df76b81d,48.47769590934966,-122.33532732067683
Sarkall’s,Donut Shop,4bf58dd8d48988d148941735,5ba4fcd99deb7d002c682ff5,48.471838,-122.334464
Rocket Donuts,Donut Shop,4bf58dd8d48988d148941735,51d49754498e8c3b3b9bff2b,48.720218464330706,-122.50351469474933
Pita J's,Falafel Restaurant,4bf58dd8d48988d10b941735,5568b8af498e644500b6cbbd,48.51883152509875,-122.61203529121372
Brown Lantern,Bar,4bf58dd8d48988d116941735,4bc13ec6b492d13a59dda560,48.518771727916004,-122.6127361695825
Waterfront Cafe,American Restaurant,4bf58dd8d48988d14e941735,4bc0e16374a9a593d4e0d0f6,48.39142320718645,-122.49693437633843
Cascade Bay Grill at Rosario Resort,Burger Joint,4bf58dd8d48988d16c941735,4c1584cda9c220a14b5a599d,48.646171366666664,-122.872294
Bob’s Chowder Bar And BBQ,Fish & Chips Shop,4edd64a0c7ddd24ca188df1a,5ad3b121628c8305f84ef116,48.390678,-122.49723
Cascade Mall,Shopping Mall,4bf58dd8d48988d1fd941735,4ae38870f964a520509621e3,48.46221735348656,-122.33864394777768
Auntie Anne's,Food Stand,56aa371be4b08b9a8d57350b,5b8f26674a1cc0002c69fa5e,48.4412703,-122.3462487
Schuh Farms,Food Truck,4bf58dd8d48988d1cb941735,4c3f77e3ff711b8df0f50e05,48.44327322254541,-122.41571671865117
Tacos Tecalitlan,Food Truck,4bf58dd8d48988d1cb941735,521ea69711d227dca6b6cb8b,48.431397402080385,-122.33597820943784
mi taco truck,Food Truck,4bf58dd8d48988d1cb941735,53a214de498e1cd4b91f54bf,48.32572803142718,-122.66765460770503
Sugar On Top,Food Truck,4bf58dd8d48988d1cb941735,5d1fdce952b6b10023675774,48.677387,-122.83155
judy'lunch box,Food Truck,4bf58dd8d48988d1cb941735,509ac4b3e4b0d11ca7aa04ff,48.417789628125966,-122.33764438761901
Agave Taco Truck,Food Truck,4bf58dd8d48988d1cb941735,519a86dd498e5fc3770a0a1e,48.71825533464887,-122.5031393946483
Sushi by Chin,Food Truck,4bf58dd8d48988d1cb941735,58bb70a7e9233e59f57848c3,48.44258758320484,-122.33914268408422
Corn Dogs Of The World,Food Truck,4bf58dd8d48988d1cb941735,517431a5e4b0ecc0b1010ac3,48.44542546129807,-122.34113482707173
Camarena Tequila Truck,Food Truck,4bf58dd8d48988d1cb941735,4de56905185067eb63f044a5,48.434725,-122.344158
The Porterhouse,American Restaurant,4bf58dd8d48988d14e941735,4b636d24f964a520ed782ae3,48.41957813604004,-122.33855101770433
The Black Cat,French Restaurant,4bf58dd8d48988d10c941735,4b4d2099f964a520eecb26e3,48.71996195707414,-122.50213153104748
Mount Vernon Cafe And Lounge,American Restaurant,4bf58dd8d48988d14e941735,4c27b135a852c9285ab4e86c,48.420694628724895,-122.33745900954001
Magdalenas,French Restaurant,4bf58dd8d48988d10c941735,4bdc6b3bfed22d7fc11158c9,48.720658,-122.50453
Jack in the Box,Fried Chicken Joint,4d4ae6fc7a7b7dea34424761,4b2d26ddf964a52095cf24e3,48.49903326124008,-122.6131846010685
Jack in the Box,Fried Chicken Joint,4d4ae6fc7a7b7dea34424761,4aacd071f964a520735e20e3,48.471489773378025,-122.33531981706619
Jack in the Box,Fried Chicken Joint,4d4ae6fc7a7b7dea34424761,4cbc5bec7a5d9eb0d56531e9,48.50934066543191,-122.33870208263397
NYP Bar and Grill,Gastropub,4bf58dd8d48988d155941735,5d9b528488d7280007a41ae0,48.47102836,-122.33987195
Bavarian Autohaus,Automotive Shop,4bf58dd8d48988d124951735,4d5c46dbf57ca0908d4a7ee0,48.470968,-122.331275
Skylark's Hidden Café,American Restaurant,4bf58dd8d48988d14e941735,4af37a22f964a52003ee21e3,48.71987832189201,-122.5037028691516
Trumpeter Public House,American Restaurant,4bf58dd8d48988d14e941735,4a90b8caf964a520441920e3,48.41880197296845,-122.33902780536671
The BBQ Joint,BBQ Joint,4bf58dd8d48988d1df931735,4b501418f964a520591c27e3,48.30323694329476,-122.64395422213263
AB’s Hillbilly Gyros,Greek Restaurant,4bf58dd8d48988d10e941735,5ce836eed552c7002d3dcf52,48.30417513547676,-122.64566481113432
A.B.'s Hilly Billy Gyros,Greek Restaurant,4bf58dd8d48988d10e941735,570abce8498e8c11cb416ca2,48.44269862580265,-122.34238807854562
Gentlemen Gene's Pub,Burger Joint,4bf58dd8d48988d16c941735,4d79311ac1d56ea8ae3fdc2b,48.43316,-122.321099
Kau Kau Corner Taste The Aloha,Hawaiian Restaurant,52e81612bcbc57f1066b79fe,5e6400b35bed8100080efe3b,48.3048,-122.64292
Holoholo Food Truck and Catering,Hawaiian Restaurant,52e81612bcbc57f1066b79fe,575c6996498e64452a257102,48.382264,-122.408216
Ohana BBQ,BBQ Joint,4bf58dd8d48988d1df931735,50ee161d011cd25d12d61e37,48.637876,-122.36535400000001
Fairhaven Poke,Poke Place,5bae9231bedf3950379f89d4,57b8e4de498ed2ce1412aafc,48.720053,-122.503171
Dockside Dogs,Hot Dog Joint,4bf58dd8d48988d16f941735,5d0000b9f5e9d7002c5eab37,48.513498,-122.610886
Taste of India,Indian Restaurant,4bf58dd8d48988d10f941735,54ac4870498ea4e6cfeb30ea,48.418921,-122.33764
Cuisine Of India,Indian Restaurant,4bf58dd8d48988d10f941735,4f78f391e4b0b009efbea7dd,48.50468826293945,-122.61286926269531
Pami's Restaurant,Indian Restaurant,4bf58dd8d48988d10f941735,514cf9ede4b0fff0279d63f5,48.449413,-122.3459
Archer Alehouse,Pub,4bf58dd8d48988d11b941735,4b49135ff964a520db6426e3,48.720273592986196,-122.50468626372574
Ciao Bella Ristorante,Italian Restaurant,4bf58dd8d48988d110941735,52994db611d2c423a1b608a2,48.509915,-122.612777
Pacioni's Italian Restaurant,Italian Restaurant,4bf58dd8d48988d110941735,4b9c4fcaf964a520725e36e3,48.418484726550176,-122.33826962209179
Il Granaio,Italian Restaurant,4bf58dd8d48988d110941735,4b9b0728f964a520edec35e3,48.419329836348815,-122.33477147878752
Carino's,Italian Restaurant,4bf58dd8d48988d110941735,4b8f113df964a520744733e3,48.46172225048014,-122.33634727094689
Zorba's Restaurant,Italian Restaurant,4bf58dd8d48988d110941735,4e209b2fe4cdf685917ca68a,48.30660530031833,-122.64399667890935
Big Love Juice Fairhaven,Juice Bar,4bf58dd8d48988d112941735,5cc0ef37826444002cec2448,48.721131,-122.504884
Jamba Juice,Juice Bar,4bf58dd8d48988d112941735,4bba667b53649c74a0fe48fb,48.451767,-122.336806
Jamba Juice,Juice Bar,4bf58dd8d48988d112941735,4b8dbc9cf964a520430b33e3,48.436212,-122.33730600000001
Island Smoothie,Juice Bar,4bf58dd8d48988d112941735,55bfd130498e3b3679b60c61,48.51803970336914,-122.6118392944336
Empire Ale House,American Restaurant,4bf58dd8d48988d14e941735,4b329dc2f964a520171025e3,48.419323755897416,-122.33767696415144
Taqueria Mi Cocina,Mexican Restaurant,4bf58dd8d48988d1c1941735,5802b6e638fa51246852b1d6,48.4208,-122.40057
Taco Bell,Mexican Restaurant,4bf58dd8d48988d1c1941735,4b0b46b7f964a520d12f23e3,48.508222,-122.613169
Moreno’s Family Mexican Restaurant,Mexican Restaurant,4bf58dd8d48988d1c1941735,542d5c77498ef7a841994185,48.43900968118735,-122.33518838882446
El Agave Mexican Restaurant,Mexican Restaurant,4bf58dd8d48988d1c1941735,5c47a644ad910e0039523ccd,48.720303,-122.50259299999999
Los Guerreros,Mexican Restaurant,4bf58dd8d48988d1c1941735,50c2cfdbe4b0de89cfb3e264,48.43693886944849,-122.33305420136358
El Mundo,Mexican Restaurant,4bf58dd8d48988d1c1941735,52056ec911d20402519e9fc6,48.41517976794378,-122.33764004764329
Cocina 18,Mexican Restaurant,4bf58dd8d48988d1c1941735,53c5edfa498e30173eb4275b,48.43605720701748,-122.3365475736726
Rancho Alegre,Mexican Restaurant,4bf58dd8d48988d1c1941735,5a270408f79faa4f24b92171,48.47573471069336,-122.32661437988281
Lorenzo's Mexican Restaurant Mount Vernon,Mexican Restaurant,4bf58dd8d48988d1c1941735,5ea07b1e070e5200084adb77,48.436034,-122.314474
Si Senor,Mexican Restaurant,4bf58dd8d48988d1c1941735,581d48960d63b178d212cdd2,48.51101,-122.6128
El Gitano,Mexican Restaurant,4bf58dd8d48988d1c1941735,4c3e75c30596c928596a8478,48.475268,-122.32706200000001
Agave Taqueria,Mexican Restaurant,4bf58dd8d48988d1c1941735,4e1de9bc6284d5831b3f4712,48.3032972904876,-122.64389297958772
Taco Del Mar,Mexican Restaurant,4bf58dd8d48988d1c1941735,4ba46f8cf964a520369d38e3,48.452783207232855,-122.33660582337154
Taco Time,Taco Place,4bf58dd8d48988d151941735,4c268bcf136d20a12494e561,48.435467245709155,-122.33220241191623
Lorenzo's,Mexican Restaurant,4bf58dd8d48988d1c1941735,4c51d665d797e21eb5fcba7c,48.43588506598095,-122.3141900271349
Catrina,Mexican Restaurant,4bf58dd8d48988d1c1941735,5b4e550a10b3030024be494e,48.418968,-122.338194
Tacos Tecalitlan,Taco Place,4bf58dd8d48988d151941735,4b902fa0f964a520f07a33e3,48.48082399610366,-122.33494818181771
Jorge's Kitchen at Little Mountain Grocery,Taco Place,4bf58dd8d48988d151941735,4f2eeff4e4b094acc6465fc3,48.406770065616826,-122.31942801702505
Jalapenos,Mexican Restaurant,4bf58dd8d48988d1c1941735,4e5e835952b1425a377296e8,48.720239468041314,-122.50401224479316
Paws For A Beer,Pet Café,56aa371be4b08b9a8d573508,5897d1e603cf25555c95ab28,48.720137,-122.51024
Railroad Pub and Pizza,Pizza Place,4bf58dd8d48988d1ca941735,58965cde7a8f04484a229f5f,48.475008,-122.330502
Pizzazza,Pizza Place,4bf58dd8d48988d1ca941735,4bb38fddeb3e95216c50cb0a,48.718231,-122.50173600000001
Ovn Wood Fired Pizza,Pizza Place,4bf58dd8d48988d1ca941735,55dd1c19498e47f5e6a0e883,48.721131,-122.504884
Fat Pie Pizza,Pizza Place,4bf58dd8d48988d1ca941735,52e8659d498efac00875c7a3,48.720272322285695,-122.50379241713057
Chuck E. Cheese,Pizza Place,4bf58dd8d48988d1ca941735,4b7c7ec2f964a520da962fe3,48.461250553900086,-122.33902990800743
Papa Murphy's,Pizza Place,4bf58dd8d48988d1ca941735,4bcd0d310687ef3b0977e0cc,48.43549,-122.324467
Pizza Hut,Pizza Place,4bf58dd8d48988d1ca941735,4bb41af487aa9521bceeacd1,48.43632884815981,-122.33475788502801
Little Caesars Pizza,Pizza Place,4bf58dd8d48988d1ca941735,4be47228bcef2d7f419102e5,48.435005,-122.31926499999999
Domino's Pizza,Pizza Place,4bf58dd8d48988d1ca941735,4bce6fef937ca59352a8ae92,48.43537063112604,-122.32077151536942
Sahara Pizza,Pizza Place,4bf58dd8d48988d1ca941735,4cf9cf66ee9cb60c48b686ad,48.47541332244873,-122.33098268508911
River Rock Pizza,Pizza Place,4bf58dd8d48988d1ca941735,4e7d404d6da1135c887dfe76,48.46481616023856,-122.33453822805771
Papa Murphy's,Pizza Place,4bf58dd8d48988d1ca941735,4c534f72fd2ea593b25b3928,48.464964009534455,-122.33530175415933
Sausburger Stand,Hot Dog Joint,4bf58dd8d48988d16f941735,520fd44d11d25c858c35985e,48.71818542480469,-122.68330383300781
Vagabond Station,Restaurant,4bf58dd8d48988d1c4941735,5a70e198bed4834bc85f7dd6,48.504602,-122.613082
Rhodedendron Cafe,American Restaurant,4bf58dd8d48988d14e941735,4c4752a996abd13a7a5f7001,48.565586805208206,-122.42191876974125
Breadfarm,Bakery,4bf58dd8d48988d16a941735,4b48d90df964a520ce5926e3,48.56231120812567,-122.44371671650191
Slough foods,Deli / Bodega,4bf58dd8d48988d146941735,4c718dad4bc4236a300cc97a,48.562205991396844,-122.44379457092988
Farm To Market Bakery,Bakery,4bf58dd8d48988d16a941735,4bc0b7292a89ef3baafaf088,48.561274,-122.44412700000001
Edison Cafe,Café,4bf58dd8d48988d16d941735,4b37ab3ff964a520fb4325e3,48.562017,-122.440371
Mariposa,Taco Place,4bf58dd8d48988d151941735,5365669b498e4c1228171495,48.561308,-122.443373
Bread Farm,Bakery,4bf58dd8d48988d16a941735,4bc8d393fb84c9b6e4d0193e,48.561576907189064,-122.44266460561758
BowEdison Fine Food and Drink,Restaurant,4bf58dd8d48988d1c4941735,57f32433498e9cc2d420f246,48.56514902934569,-122.4217915534973
Panda Express,Chinese Restaurant,4bf58dd8d48988d145941735,4e01572e62e12fb0893a4e5b,48.43965202822681,-122.3437774949336
Teriyaki time,Asian Restaurant,4bf58dd8d48988d142941735,4c390a07ae2da593eddf01c6,48.513621292451575,-122.61137394414037
Whidbey Coffee,Café,4bf58dd8d48988d16d941735,4c79bb7bbd346dcbd09df6ef,48.46929258228237,-122.33527988486507
KFC,Restaurant,4bf58dd8d48988d1c4941735,4c5485701b46c9b6587ab9ce,48.438286772550505,-122.33567941712101
Chipotle Mexican Grill,Mexican Restaurant,4bf58dd8d48988d1c1941735,542b2e06498e0802859f708d,48.45333193401946,-122.33583993926948
El Gitano,Mexican Restaurant,4bf58dd8d48988d1c1941735,4b9d5f09f964a52095a736e3,48.437030478410236,-122.3347990934149
Taqueria la Bamba,Taco Place,4bf58dd8d48988d151941735,4ea1e1fe2c5b5cb4f3c0fcf3,48.441111,-122.334376
Five Guys,Burger Joint,4bf58dd8d48988d16c941735,4e74075cd22d80eb32933d8e,48.45118,-122.337483
MOD Pizza,Pizza Place,4bf58dd8d48988d1ca941735,5949844f1bc7046369a45f75,48.47110178,-122.33649874
Taqueria Los Jarritos,Mexican Restaurant,4bf58dd8d48988d1c1941735,4c1eb1e4fcf8c9b651b4ad0b,48.47194459896295,-122.33529372208069
Asian 1,Asian Restaurant,4bf58dd8d48988d142941735,4bb3e779737d76b0dcde3a7c,48.46027587886554,-122.33413608252624
Mi Mexico,Mexican Restaurant,4bf58dd8d48988d1c1941735,4f9c856be4b01da4003f8568,48.47241045633077,-122.33604172564836
Billy's Cafe,American Restaurant,4bf58dd8d48988d14e941735,54667b1f498eb1069c658576,48.4753,-122.331226
El Rico Taco Truck,Food Truck,4bf58dd8d48988d1cb941735,4e150e6eb61c42e7c5483755,48.46023740868405,-122.55960587345965
Santo Coyote,Mexican Restaurant,4bf58dd8d48988d1c1941735,588812b6e9233e0975c77d09,48.39243,-122.494598
Deception Cafe and Grill,American Restaurant,4bf58dd8d48988d14e941735,4bae6ddaf964a52040b13be3,48.42010679,-122.620461
McDonald's,Restaurant,4bf58dd8d48988d1c4941735,4b5def3ef964a520a67429e3,48.30525,-122.644056
The Farmhouse Restaurant,American Restaurant,4bf58dd8d48988d14e941735,4b4134c7f964a5203dc325e3,48.4471104,-122.4725165
El Cazador,Mexican Restaurant,4bf58dd8d48988d1c1941735,4f32443e19836c91c7c6b04e,48.29775934501947,-122.6543601738942
Fatburger,Burger Joint,4bf58dd8d48988d16c941735,5b147ded31ac6c002cf1b05e,48.458179557502675,-122.51992444047545
COA Mexican Eatery,Mexican Restaurant,4bf58dd8d48988d1c1941735,58462829debdf65c595f54a9,48.39093,-122.490417
Kegler's,American Restaurant,4bf58dd8d48988d14e941735,4fcf9f17e4b046dae237fe33,48.33787708073568,-122.6755945025519
Island Cafe,Breakfast Spot,4bf58dd8d48988d143941735,4b60ab3bf964a5202af329e3,48.29618377495109,-122.6543431603492
stompin grounds,Café,4bf58dd8d48988d16d941735,5c8e8dbf178a2a002c8790b5,48.391892,-122.490186
Nell Thorn Restaurant and Pub,Gastropub,4bf58dd8d48988d155941735,4b91cf71f964a520fad833e3,48.39125145614293,-122.49518117200257
Domino's Pizza,Pizza Place,4bf58dd8d48988d1ca941735,4d2114020901721eba0798a5,48.296111965879895,-122.65399307012552
Calico Cupboard Old Town Cafe and Bakery,Café,4bf58dd8d48988d16d941735,52f78845498ef9f7261a2a22,48.389195219019925,-122.49839440451302
The Oyster and Thistle,French Restaurant,4bf58dd8d48988d10c941735,53c974ee498ea26c6efa549e,48.391370653470844,-122.49515310806694
Corner Bar & Grill,American Restaurant,4bf58dd8d48988d14e941735,4cf5c4039d11b1f7fffdbced,48.461899966666664,-122.58262396666667
shrimp shack,Burger Joint,4bf58dd8d48988d16c941735,534eceab11d2d11c601c3358,48.428964268995074,-122.60776562160322
Seabolt's At Deception Pass. Market/Deli,Deli / Bodega,4bf58dd8d48988d146941735,4daa202443a1128196f0f227,48.392629443549616,-122.64640250911282
Lucky Chopsticks,Chinese Restaurant,4bf58dd8d48988d145941735,4c505858dcb5d13a9a74d908,48.51056218959667,-122.61232651472322
Southend Market And Restaurant,American Restaurant,4bf58dd8d48988d14e941735,520076ee498e329f3ccd8cb0,48.445044,-122.8603
Ursa Minor,Restaurant,4bf58dd8d48988d1c4941735,5910af098c35dc6736aae2ff,48.523594838342916,-122.91359710699906
Satsunai,Noodle House,4bf58dd8d48988d1d1941735,593da44b8134885e461dee44,48.52424,-122.913349
Holly B's Bakery,Bakery,4bf58dd8d48988d16a941735,4c0a623f7e3fc928ca71f382,48.52344851403485,-122.91438099167765
Lopez Coffee Shop,Café,4bf58dd8d48988d16d941735,4bef394ed1b7d13a8684cdec,48.52347510159519,-122.91436304877051
haven,American Restaurant,4bf58dd8d48988d14e941735,55678466498e8b809bd78595,48.523796999999995,-122.91533500000001
South Island bistro,Café,4bf58dd8d48988d16d941735,4e06356445ddb2875c42e8b2,48.44505325693531,-122.860301735566
McDonald's,Restaurant,4bf58dd8d48988d1c4941735,4b5b64def964a5207ffa28e3,48.51136810612679,-122.61222234810703
Fidalgo Drive In,American Restaurant,4bf58dd8d48988d14e941735,4bc76ba292b376b083af4f3a,48.49851779943811,-122.613051987453
Agave Taqueria,Mexican Restaurant,4bf58dd8d48988d1c1941735,4be60a9ecf200f479c24143c,48.50147937068766,-122.61300324800179
Wheelhouse,Pizza Place,4bf58dd8d48988d1ca941735,4b465a39f964a520791e26e3,48.51549477976471,-122.61238673802264
Donut House,Donut Shop,4bf58dd8d48988d148941735,4b0a1566f964a520a32123e3,48.49977756803264,-122.61251507396577
Naung Mai Thai Kitchen,Thai Restaurant,4bf58dd8d48988d149941735,4c706f4634443704e444245f,48.497547999999995,-122.612544
Island Cafe,American Restaurant,4bf58dd8d48988d14e941735,4ae9cc83f964a52089b621e3,48.51655879144969,-122.61237168880575
Mary Ann's Kitchen,American Restaurant,4bf58dd8d48988d14e941735,4c0be17e340720a154c28893,48.51653686355769,-122.61162759515628
Little Caesars Pizza,Pizza Place,4bf58dd8d48988d1ca941735,52f543da11d242eeca9a3b94,48.510389,-122.612239
Greek Islands Restaurant,Greek Restaurant,4bf58dd8d48988d10e941735,4c3397f13ffc9521bca190f5,48.505984999999995,-122.612427
Hong Kong Garden Restaurant,Chinese Restaurant,4bf58dd8d48988d145941735,4c3cc4d1b36ac928a8900486,48.501857,-122.61243799999998
El Jinete,Mexican Restaurant,4bf58dd8d48988d1c1941735,4b746030f964a5207fd82de3,48.517962,-122.61218799999999
Pizza Factory,Pizza Place,4bf58dd8d48988d1ca941735,4b1b090af964a520d2f623e3,48.495864000000005,-122.61248300000001
KFC,Restaurant,4bf58dd8d48988d1c4941735,4e4e05fdbd4101d0d7a06fe0,48.5083516690224,-122.61333527116392
Doe Bay Cafe,Café,4bf58dd8d48988d16d941735,4d228283bdd7a0934a42fece,48.641198731579905,-122.7808410998227
Happy Wok Teriyaki Sushi & Roll,Asian Restaurant,4bf58dd8d48988d142941735,50aadf9ce4b0c3da5980c91b,48.50809860229492,-122.61319732666016
Best Thai Kitchen,Thai Restaurant,4bf58dd8d48988d149941735,4d9b5f3473df8cfaa989f5ec,48.497547999999995,-122.612544
Dockside Cafe,Food Truck,4bf58dd8d48988d1cb941735,5af75464f870fd002cdcf9a2,48.5051605786926,-122.62115408493153
Tokyo Japanese Restaurant,Sushi Restaurant,4bf58dd8d48988d1d2941735,4d83fab27e8ef04ddd3c02be,48.51525942402691,-122.61273623663867
Frida's Gourmet Mexican Cuisine,Mexican Restaurant,4bf58dd8d48988d1c1941735,4e3deeb9d4c058f9dc0ced42,48.5186439,-122.6127194
Stork's Restaurant,American Restaurant,4bf58dd8d48988d14e941735,4bc0b5372a89ef3b31f6f088,48.498971,-122.612411
Skagit River Bakery,Bakery,4bf58dd8d48988d16a941735,51aa5ae0498e943d4589a5c2,48.515547,-122.612791
Teriyaki Sushi & Roll,Sushi Restaurant,4bf58dd8d48988d1d2941735,5284468d11d278b4693b0961,48.508062,-122.613243
Esteban's,Mexican Restaurant,4bf58dd8d48988d1c1941735,4bfd739f4cf820a1ca7decf4,48.503513,-122.61303799999999
The Market,Restaurant,4bf58dd8d48988d1c4941735,4bd202bfa8b3a59340ed665f,48.50944749493391,-122.61207278199026
Papa Murphy's,Pizza Place,4bf58dd8d48988d1ca941735,4b8adeb7f964a520638632e3,48.508033306695616,-122.61327827830522
Pear Thai Cuisine,Thai Restaurant,4bf58dd8d48988d149941735,59ac6c08491be7159659f1c1,48.516345,-122.612813
Dad's Diner,Diner,4bf58dd8d48988d147941735,51379d72e4b02edf40c40c4b,48.51481192749892,-122.61276979007367
Burgermaster,American Restaurant,4bf58dd8d48988d14e941735,56441401498ec229b14ef6e6,48.43979829449611,-122.34226651855828
The La Conner pub,Burger Joint,4bf58dd8d48988d16c941735,4bb90b2f98c7ef3b0dba3102,48.38975359899072,-122.49795838256081
A Town Bistro,American Restaurant,4bf58dd8d48988d14e941735,4f4a9b34e4b0cccedd8d0ce3,48.51845957848624,-122.61276502019112
Red Robin Gourmet Burgers and Brews,Burger Joint,4bf58dd8d48988d16c941735,4b67a7b5f964a520b1592be3,48.46499795,-122.3361692
Village Pizza,Pizza Place,4bf58dd8d48988d1ca941735,4b46596ff964a520581e26e3,48.515507972841135,-122.61240466504765
Olive Garden,Italian Restaurant,4bf58dd8d48988d110941735,4bb7f1cacf2fc9b6cd0f9f02,48.45143541208826,-122.33827437516304
Johnny Carino's,Pizza Place,4bf58dd8d48988d1ca941735,4bf300b194af2d7fc1fe3872,48.468351062059895,-122.33511050381637
Bob's Burgers & Brew,Burger Joint,4bf58dd8d48988d16c941735,4b4657cdf964a520161e26e3,48.50989156792026,-122.33788665388617
Seeds,Restaurant,4bf58dd8d48988d1c4941735,4bae8898f964a520b6bd3be3,48.39227694174716,-122.48900632470051
Harris Avenue Cafe,Café,4bf58dd8d48988d16d941735,4a64b88ef964a5208bc61fe3,48.72015725015106,-122.50303836195938
Mount Vernon Farmers Market,Salad Place,4bf58dd8d48988d1bd941735,4c42077fd691c9b610b18d0a,48.418481,-122.324175
Tweets,Café,4bf58dd8d48988d16d941735,4b787f7cf964a52055d22ee3,48.5616377493289,-122.4438653208288
Alfy's Pizza,Pizza Place,4bf58dd8d48988d1ca941735,4b61f03df964a520512c2ae3,48.46478271484375,-122.33447265625
The Store Grocery,Bakery,4bf58dd8d48988d16a941735,4db2378b5da3908a46925564,48.49238025058517,-122.6126628755756
Rexville Grocery,Deli / Bodega,4bf58dd8d48988d146941735,4bb517e946d4a593488bc4c0,48.365465090643575,-122.42911180819894
SUBWAY,Sandwich Place,4bf58dd8d48988d1c5941735,4bbcf42f593fef3bc9dc0256,48.50964133831668,-122.61304003191185
SUBWAY,Sandwich Place,4bf58dd8d48988d1c5941735,4d30b8ddf986a093424dff66,48.343363522745015,-122.6731619895425
Calico Cupboard,Sandwich Place,4bf58dd8d48988d1c5941735,4b09761df964a520a11723e3,48.51487696283403,-122.61242116586865
Jimmy John's,Sandwich Place,4bf58dd8d48988d1c5941735,5cdc29d4c62b49002cee7b12,48.5051479,-122.612339
SUBWAY,Sandwich Place,4bf58dd8d48988d1c5941735,4dc8463b2271c93b2ec4fb3a,48.50539347940469,-122.3370863892489
Pita Pit,Sandwich Place,4bf58dd8d48988d1c5941735,4c8ec8ffdaa93704ddb14fb1,48.303490681507306,-122.64606875195196
SUBWAY,Sandwich Place,4bf58dd8d48988d1c5941735,4bce0e07937ca5937fd7ad92,48.41418661361931,-122.3127219676644
Firehouse Subs,Sandwich Place,4bf58dd8d48988d1c5941735,59ee6e3d0531e846e3883406,48.435814035752,-122.336389051513
Jersey Mike's Subs,Sandwich Place,4bf58dd8d48988d1c5941735,54cb064b498e57df0b81c76f,48.436076,-122.33956
SUBWAY,Sandwich Place,4bf58dd8d48988d1c5941735,4c24fe88136d20a134cae261,48.43626792393354,-122.33652901486431
Coconut Kenny's,Sandwich Place,4bf58dd8d48988d1c5941735,53225c9e498eeebd83aef128,48.464776,-122.334445
Avenue Bread & Café,Sandwich Place,4bf58dd8d48988d1c5941735,4b143931f964a520889f23e3,48.7213107280129,-122.50337851879635
SUBWAY,Sandwich Place,4bf58dd8d48988d1c5941735,4c7ea59b171b224bbb7e0eb1,48.29806029658062,-122.65441739428405
Jimmy John's,Sandwich Place,4bf58dd8d48988d1c5941735,566109ad498ef74a6abf80b2,48.45085906982422,-122.33509063720703
SUBWAY,Sandwich Place,4bf58dd8d48988d1c5941735,4fff89dee4b05edf0cc1c369,48.441387,-122.345771
SUBWAY,Sandwich Place,4bf58dd8d48988d1c5941735,4be9d97c6295c9b64fbd8508,48.453025,-122.336301
Subway,Sandwich Place,4bf58dd8d48988d1c5941735,5e137ea9697f0a00086dcb09,48.7152727392302,-122.47666329921651
SUBWAY,Sandwich Place,4bf58dd8d48988d1c5941735,4c902713590ab1f7ef3ae57d,48.416721,-122.33453
Vita's,Restaurant,4bf58dd8d48988d1c4941735,4dc5bd15d164eb9c9ff7bab6,48.524118,-122.91276
Subway,Sandwich Place,4bf58dd8d48988d1c5941735,4f321fc519836c91c7b862cf,48.4416741604341,-122.34628930214217
SUBWAY,Sandwich Place,4bf58dd8d48988d1c5941735,4f326b6219836c91c7d5ffdd,48.47174835205078,-122.37506866455078
Paninos,Sandwich Place,4bf58dd8d48988d1c5941735,4d7e5b99dd4a6ea8d7f66725,48.505378,-122.337057
Chainsaw's Quesadillas,Sandwich Place,4bf58dd8d48988d1c5941735,575a556a498efc5edf7e8e45,48.641706,-122.782111
Subway,Sandwich Place,4bf58dd8d48988d1c5941735,5e136310b0b88c0008ac3789,48.4621534,-122.3389442
Georgio's Subs - Burlington,Sandwich Place,4bf58dd8d48988d1c5941735,4c72d1e24bc4236ab34ccc7a,48.505428314208984,-122.337158203125
Swinomish Casino & Lodge,Casino,4bf58dd8d48988d17c941735,4bd34016caff95214c69d4f0,48.458093084983304,-122.51964520608215
Skagit's Own Fish Market,Fish Market,4bf58dd8d48988d10e951735,4c436a89dd1f2d7fdb787ef9,48.4655707,-122.3554538
Shrimp Shack,Seafood Restaurant,4bf58dd8d48988d1ce941735,5779eb81498e0a21a6666157,48.429012,-122.607792
Anthony's Restaurant,Seafood Restaurant,4bf58dd8d48988d1ce941735,4d17bf8acc216ea8cf6271d3,48.51252702122194,-122.60952706574285
Bob's Chowder Bar,Seafood Restaurant,4bf58dd8d48988d1ce941735,4c168a2e74fb20a1ee435012,48.495008661554394,-122.6130805908698
Chuckanut Manor Seafood & Grill,Seafood Restaurant,4bf58dd8d48988d1ce941735,4bc1454aabf49521ffe9c093,48.60202225131172,-122.42727022804962
Flounder Bob's,Seafood Restaurant,4bf58dd8d48988d1ce941735,4dd8345452b1a5c64460ed73,48.49503707885742,-122.61306762695312
Mambo Italiano Cafe,Italian Restaurant,4bf58dd8d48988d110941735,4b3059f6f964a5201cf924e3,48.71988338066933,-122.50213413926679
Taylor Shellfish Farms,Farm,4bf58dd8d48988d15b941735,4b9ab1f6f964a520ddcd35e3,48.6104628830583,-122.43722494872776
La Conner Seafood & Prime Rib House,American Restaurant,4bf58dd8d48988d14e941735,4be5f5e1cf200f473b03143c,48.39020741313069,-122.49797452099709
Royal Star Buffet,Asian Restaurant,4bf58dd8d48988d142941735,4e2f3524aeb7e1b8afa317e3,48.44085484698599,-122.34208272345371
Arirang,Sushi Restaurant,4bf58dd8d48988d1d2941735,4bfb32f7f214a593f3f7ae0e,48.32430648803711,-122.64871215820312
Beach Store Cafe,Seafood Restaurant,4bf58dd8d48988d1ce941735,4ba59928f964a520621539e3,48.72160668254761,-122.68324368501722
Fairhaven Fish and Chips,Seafood Restaurant,4bf58dd8d48988d1ce941735,4a6389ccf964a52043c51fe3,48.7199914254728,-122.50358273354809
Kiwanis Salmon Barbeque,American Restaurant,4bf58dd8d48988d14e941735,4d97953e647d8cfa4a76d93d,48.40893769248003,-122.32700368011176
Blau Oyster,Seafood Restaurant,4bf58dd8d48988d1ce941735,4e18ca2ed22d512258874454,48.57626,-122.504608
Skagit Valley Food Co-op,Miscellaneous Shop,4bf58dd8d48988d1ff941735,4bad102ff964a520d8293be3,48.42084813302184,-122.33699040940901
Fred Meyer Gas Station,Snack Place,4bf58dd8d48988d1c7941735,4e6947f7d164c813d9df2d66,48.466746866044986,-122.33331620693207
Orange Julius,Snack Place,4bf58dd8d48988d1c7941735,4c30f4703896e21e9754e690,48.4605712890625,-122.34027862548828
Adrift,Seafood Restaurant,4bf58dd8d48988d1ce941735,4b3e7f4df964a520fe9d25e3,48.51809694851547,-122.61274542647006
Hong Kong Restaurant,Chinese Restaurant,4bf58dd8d48988d145941735,4be731902457a59367acad15,48.432179340382994,-122.33502287103921
Gere-a-Deli,Deli / Bodega,4bf58dd8d48988d146941735,4b92bcf5f964a520eb1634e3,48.51823539047656,-122.61271883512818
Panera Bread,Bakery,4bf58dd8d48988d16a941735,51364791e4b06f7163fd2658,48.4532119,-122.3368976
China City,Chinese Restaurant,4bf58dd8d48988d145941735,4c61c09679d1e21e337dd415,48.30916933568909,-122.64137410802373
Calico Cupboard Old Town Cafe and Bakery,Café,4bf58dd8d48988d16d941735,4b91733af964a5206cbd33e3,48.42204606651151,-122.33653266812583
Colophon Café,American Restaurant,4bf58dd8d48988d14e941735,4a8857dcf964a520f30520e3,48.720506915137605,-122.50399592220384
Fortune Mandarin Restaurant,Chinese Restaurant,4bf58dd8d48988d145941735,4bc3f1cdabf495217386c493,48.435165999999995,-122.343492
Frank's Place,American Restaurant,4bf58dd8d48988d14e941735,4ca343071ee76dcb6e85f7dd,48.306313272430344,-122.64429149690208
Magdalena Creperie,Breakfast Spot,4bf58dd8d48988d143941735,4b4118cff964a52010c125e3,48.72063766708793,-122.50468511342507
Thai House Restaurant,Thai Restaurant,4bf58dd8d48988d149941735,4ae76a31f964a52018ab21e3,48.41831203548894,-122.33833127770357
The Oyster Bar,Seafood Restaurant,4bf58dd8d48988d1ce941735,4b6c571cf964a520f9312ce3,48.61041522105177,-122.43509185971746
Catkin Café,Café,4bf58dd8d48988d16d941735,5686db5b498e3bf4ecf4a26a,48.623098,-122.83528600000001
Popeyes Louisiana Kitchen,Southern / Soul Food Restaurant,4bf58dd8d48988d14f941735,4bc29f09b492d13aded4a760,48.46381304305885,-122.3364591687346
ShoNuff Foods,Southern / Soul Food Restaurant,4bf58dd8d48988d14f941735,5c0b20245a2c91002c773bf4,48.318268,-122.64831
Flats,Tapas Restaurant,4bf58dd8d48988d1db931735,4ccb20cc7c2ff04d158a907e,48.719883,-122.503107
13moons Restaurant,Steakhouse,4bf58dd8d48988d1cc941735,4f80b2f5e4b05766b1ec44c7,48.4582901,-122.5189666
Flyers Restaurant and Brewery,Steakhouse,4bf58dd8d48988d1cc941735,4bd5c58c6798ef3b34eb638d,48.29913457333498,-122.65282639186867
Max Dale's Steak & Chop House,Steakhouse,4bf58dd8d48988d1cc941735,4c1bf305b4e62d7f8d42da93,48.43918891860672,-122.33316463959439
Outback Steakhouse,Steakhouse,4bf58dd8d48988d1cc941735,4baad796f964a520d1893ae3,48.466072081475666,-122.34039581410353
Dirty Dan Harris' Restaurant,Steakhouse,4bf58dd8d48988d1cc941735,4b7a1ffef964a520d1232fe3,48.7203037366544,-122.50311417042333
Old Edison Inn,Steakhouse,4bf58dd8d48988d1cc941735,4b7cae4ef964a520efa02fe3,48.56133390175637,-122.44337239621322
Secret Cove,American Restaurant,4bf58dd8d48988d14e941735,53012de2498ea28ff98fd6ac,48.520818,-122.605869
CreativiTea,Arts & Crafts Store,4bf58dd8d48988d127951735,4b8c2e07f964a5208ec232e3,48.71957793677006,-122.50371473285529
Abbey Garden Tea Room,Tea Room,4bf58dd8d48988d1dc931735,4b538c3df964a520a6a127e3,48.719813,-122.50370500000001
Ruby Sue's Tea Shop,Tea Room,4bf58dd8d48988d1dc931735,4ecfefb37ee5be844a9e7a5c,48.39225219721654,-122.49602255144768
Olde Towne Grainery Tea Room & Galleria,Tea Room,4bf58dd8d48988d1dc931735,5724f470498e3c0f99d7f209,48.419923,-122.334854
Drink Your Veggies,Vegetarian / Vegan Restaurant,4bf58dd8d48988d1d3941735,5dc1d928e38c6f0008136c3b,48.516415,-122.612416
Vortex Juice Bar & Cafe,Vegetarian / Vegan Restaurant,4bf58dd8d48988d1d3941735,4c7d604f9221236a740e7f3d,48.522776,-122.913035
Fairhaven Farmers Market,Vegetarian / Vegan Restaurant,4bf58dd8d48988d1d3941735,4c63009dfa7bc92898810f27,48.719881,-122.502848
Train Wreck Bar & Grill,Bar,4bf58dd8d48988d116941735,4e2b1fe214955dbf7ad7347a,48.475728286311345,-122.32948029161766
Applebee's Grill + Bar,American Restaurant,4bf58dd8d48988d14e941735,4b8ace69f964a5204f8232e3,48.46036625,-122.3362707
Draft Pic's Sports Bar & Grill,Bar,4bf58dd8d48988d116941735,4c11f47417002d7fc015e709,48.41894250113255,-122.33803193874824
Convergence zone,Bowling Alley,4bf58dd8d48988d1e4931735,4c2a646dae6820a1803c1643,48.337790146134395,-122.67558761968615
Round Table Pizza,Wings Joint,4bf58dd8d48988d14c941735,4bba3fd41261d13a2069ea98,48.436336883613016,-122.33950584050072
Longhorn Saloon & Grill,Bar,4bf58dd8d48988d116941735,4ba02720f964a520055e37e3,48.56236562384592,-122.4437542241611
Pizza Hut,Pizza Place,4bf58dd8d48988d1ca941735,4c226a629a67a5930c75dc87,48.29741636224504,-122.65667796134949
