name,category,category_id,venue_id,lat,long
Pauls Burger And Terriyaki,Asian Restaurant,4bf58dd8d48988d142941735,4dc46ea11f6ef43b89fc1af5,47.047354999999996,-122.836053
Happy Garden,Chinese Restaurant,4bf58dd8d48988d145941735,4c1bccd2b4e62d7ffaffd993,47.213414,-123.09976999999999
Koibito Sushi & Teriyaki,Sushi Restaurant,4bf58dd8d48988d1d2941735,510b1cf9e4b0af956899a83f,47.08876150641597,-122.593053407784
Koibito Sushi & Teriyaki,Sushi Restaurant,4bf58dd8d48988d1d2941735,4ca0ea118afca093feed1616,47.12491298768076,-122.60052608710745
Koibito Sushi and Teriyaki,Sushi Restaurant,4bf58dd8d48988d1d2941735,4dc05d590cb6f21c12868dc3,47.092126000667925,-122.58868961972277
Smoking Mo's,BBQ Joint,4bf58dd8d48988d1df931735,5231120104938fcb89df6f24,47.21285711217959,-123.10155527734199
Jack in the Box,Burger Joint,4bf58dd8d48988d16c941735,4c1502c477cea593fe6cd160,47.09351511087399,-122.64465093612671
Cafe N Smoke,Smoke Shop,4bf58dd8d48988d123951735,533642db11d2c6fa6997ce95,47.059465,-122.755857
DuPont Cafe J,Café,4bf58dd8d48988d16d941735,5c5652ecacb00b002cd3ac89,47.09158706665039,-122.64376831054688
Coffee and More,Café,4bf58dd8d48988d16d941735,528e5b5a11d2eb86cd174984,47.0881615755011,-122.59486844596604
AFC Arena,Café,4bf58dd8d48988d16d941735,52583d4611d2905a3f4b6f66,47.08709716796875,-122.59210968017578
Rockin' Chocolate,Deli / Bodega,4bf58dd8d48988d146941735,523238a811d2ca05ed91c2a8,47.212399,-123.100312
Oak Room,Deli / Bodega,4bf58dd8d48988d146941735,4c93bfb603413704e38e6bef,47.089049227669676,-122.60175938304015
Rivertooth Beer and Wine Shop,Gourmet Shop,4bf58dd8d48988d1f5941735,4e61374be4cdf1e2bec47d93,47.210614,-123.10072
Cinnabon,Bakery,4bf58dd8d48988d16a941735,4e135d362fb6cb6e9a42b894,47.09224004326136,-122.58837183850429
Sisters Restaurant,Diner,4bf58dd8d48988d147941735,529aa68a498e26ef60af3347,47.21299072409551,-123.10028635281431
Fort Lewis Lodging,Hotel,4bf58dd8d48988d1fa931735,4d40c9e189616dcb215708b5,47.09102444175665,-122.59785955758996
Island Comfort Food,Food Truck,4bf58dd8d48988d1cb941735,4e42cb1cd4c0f73c52e2d9b0,47.0926486200677,-122.58780098133344
Filipino Kitchen,Food Truck,4bf58dd8d48988d1cb941735,578aa1be498edb973f585208,47.08859226481093,-122.59098797023469
Popeyes Louisiana Kitchen,Fried Chicken Joint,4d4ae6fc7a7b7dea34424761,56b417f3498e39e70491edd2,47.129148411318,-122.60961455018976
Popeyes Louisiana Kitchen,Fried Chicken Joint,4d4ae6fc7a7b7dea34424761,4b7da047f964a520b1ca2fe3,47.08911533333333,-122.59055900163106
Greek Cafe Express,Greek Restaurant,4bf58dd8d48988d10e941735,57056298498ebe0d54eaa62c,47.08941444532769,-122.59155462990208
Tommy Chicago Hotdogs,Hot Dog Joint,4bf58dd8d48988d16f941735,4d6ff17b35993704fdf6159d,47.08861965,-122.591908
Battle Bean At Willson Gym,Brazilian Restaurant,4bf58dd8d48988d16b941735,4e849fabf5b99ae34c0b1950,47.127900733333334,-122.60481978333334
QDOBA Mexican Eats,Mexican Restaurant,4bf58dd8d48988d1c1941735,5cc04d90625a66002c927454,47.096880348114865,-122.5859644576721
Viva Mexico,Mexican Restaurant,4bf58dd8d48988d1c1941735,4bbe6fd74e7bd13a7a029b7f,47.09035554993683,-122.64256174391859
Taco John's,Mexican Restaurant,4bf58dd8d48988d1c1941735,4d93a3489b3841bd69ba445f,47.0924103,-122.5892955
Taqueria Las Palmas,Mexican Restaurant,4bf58dd8d48988d1c1941735,4b638b61f964a52057822ae3,47.2121197752502,-123.0996394628548
Ocaks Turkish Kebabs,Middle Eastern Restaurant,4bf58dd8d48988d115941735,4ecc12def5b90c1c34095ea1,47.092168,-122.588574
Anthony's Pizza,Pizza Place,4bf58dd8d48988d1ca941735,4da89e7d6e81162ae7a9f845,47.09219557332558,-122.58783150477409
Skyline Drive-In,Pizza Place,4bf58dd8d48988d1ca941735,4bca993468f976b02fd35f83,47.14575674975059,-123.09329922719584
Anderson Island Cafe,Café,4bf58dd8d48988d16d941735,5544e75a498eac1182dc7408,47.165485,-122.699908
Qdoba Mexican Grill,Mexican Restaurant,4bf58dd8d48988d1c1941735,56098a55498eec77ad744a12,47.09693032720543,-122.58618380617264
12743 Old Highway 99,Restaurant,4bf58dd8d48988d1c4941735,5b42840cfd9d73002bbd8626,46.902923583984375,-122.8593521118164
Our Table Oly,Restaurant,4bf58dd8d48988d1c4941735,54faaf1e498e7716c7d8bc0f,47.04529998006631,-122.8975832462311
Einstein Bros Bagels,Bagel Shop,4bf58dd8d48988d179941735,4bb502e8310276b0c7accf90,47.0902172279797,-122.59506890160942
Jimmy John's,Sandwich Place,4bf58dd8d48988d1c5941735,56c65f69498ea370e0dc7c9d,47.097036168163285,-122.58620562165859
Subway,Sandwich Place,4bf58dd8d48988d1c5941735,5e14034b2810f50008b95717,47.076574492630634,-122.59141108465576
Quiznos,Sandwich Place,4bf58dd8d48988d1c5941735,4b4538d6f964a5206b0826e3,47.091657064421405,-122.64404341578484
SUBWAY,Sandwich Place,4bf58dd8d48988d1c5941735,4b9ff5f4f964a520de4d37e3,47.09460797834668,-122.62183676043452
Subway,Sandwich Place,4bf58dd8d48988d1c5941735,5e13a03378e1230008ef16e5,47.092111,-122.589581
SUBWAY,Sandwich Place,4bf58dd8d48988d1c5941735,4bd769275cf276b00d399b00,47.09286623912052,-122.64585977253643
Charleys Philly Steaks,Sandwich Place,4bf58dd8d48988d1c5941735,4c46422ecd5ca593c2570087,47.091981,-122.588829
SUBWAY,Sandwich Place,4bf58dd8d48988d1c5941735,4beb3e916295c9b6ba848708,47.08911774204965,-122.597162109787
Happy Teriyaki,Japanese Restaurant,4bf58dd8d48988d111941735,4bd87df20b779c74334c07a0,47.09487620649926,-122.62275377182374
Wing Zone,Wings Joint,4bf58dd8d48988d14c941735,502563acd86ce2c532b9bb57,47.07599668180845,-122.59038448333739
Wing Zone,Wings Joint,4bf58dd8d48988d14c941735,4ea078d9b80362c662c4ffbc,47.124891230109675,-122.60033231493394
Food Stamp Place,Ethiopian Restaurant,4bf58dd8d48988d10a941735,4eef7f8b0aaf1d45b43a2089,46.98655598162448,-122.90701841553084
Arby's,American Restaurant,4bf58dd8d48988d14e941735,4c532b01479fc92804530a91,47.0435988747637,-122.833399008995
Emma's Grill House,American Restaurant,4bf58dd8d48988d14e941735,5702b34f498e109c48d6326f,46.941483,-122.612219
Roadrunner Express Espresso & Cafe,American Restaurant,4bf58dd8d48988d14e941735,4db08f22cda14b702a33dad1,46.94244770880729,-122.6080896176075
Copper Creek Cafe,American Restaurant,4bf58dd8d48988d14e941735,4bc3b729b492d13a8632a960,46.95253372192383,-122.62548065185547
Quarter Mile Bar and Grill,American Restaurant,4bf58dd8d48988d14e941735,5db3b5cde5550800084a7de9,46.93987274169922,-122.60929107666016
Ruby Tuesdays,American Restaurant,4bf58dd8d48988d14e941735,4e4dbaa2bd41b76bef923a2a,47.060776000000004,-122.76820900000001
Arby's,American Restaurant,4bf58dd8d48988d14e941735,5c9088f50802d4002c75262f,46.8034495,-123.0122608
Arby's,American Restaurant,4bf58dd8d48988d14e941735,4be4b98fbcef2d7f830303e5,47.0463726893049,-122.933190550926
Curbside Spot,American Restaurant,4bf58dd8d48988d14e941735,50cb96bde4b044fa4a51b5c0,47.04497528076172,-122.8984146118164
702 Grill,American Restaurant,4bf58dd8d48988d14e941735,5e9a7a2391cf4b0008b86cf5,47.045567,-122.894081
Uptown Lounge,New American Restaurant,4bf58dd8d48988d157941735,56b569f4498e098008793c2e,46.940144,-122.599522
Miso,Asian Restaurant,4bf58dd8d48988d142941735,5c44f2de95d986002ce6b8b8,47.069607,-122.772369
Kizuki Ramen & Izakaya,Asian Restaurant,4bf58dd8d48988d142941735,577c06f0498edc55775f4b80,47.044119,-122.9026465
Bamboo Restaurant,Asian Restaurant,4bf58dd8d48988d142941735,4bf2e3df706e20a1f59aa798,47.045382000000004,-122.901095
Panda Express,Chinese Restaurant,4bf58dd8d48988d145941735,4babce43f964a5201fcb3ae3,47.04212323773423,-122.93402243540726
Panda Express,Chinese Restaurant,4bf58dd8d48988d145941735,4b479b1df964a520253726e3,47.058758836806746,-122.76410880726229
Super Buffet,Chinese Restaurant,4bf58dd8d48988d145941735,4bca77380687ef3be135dccc,47.09225,-122.64253
Oriental Market,Chinese Restaurant,4bf58dd8d48988d145941735,4be5e5a3bcef2d7f1e8004e5,47.05666732788086,-122.77043151855469
Golden Dragon,Asian Restaurant,4bf58dd8d48988d142941735,4bb3fb36f187a59372c013f8,46.947505,-122.61736299999998
Land and sea Buffet,Chinese Restaurant,4bf58dd8d48988d145941735,4efd27610aaffcf6f1e61846,47.042410768913655,-122.93553123487465
Lin Imperial Foot Massage,Massage Studio,52f2ab2ebcbc57f1066b8b3c,4c5a1f94d3aee21eba1f6a55,47.05415751679528,-122.77226818861601
CEBU Restaurant,Filipino Restaurant,4eb1bd1c3b7b55596b4a748f,4c786d0f794e224b52516228,47.06250891386743,-122.74101271354516
Kantin Pak Leo,Indonesian Restaurant,4deefc054765f83613cdba6f,51678c46e4b03fbc90ab4fb4,46.9608016,-123.1347283
Kobo Teriyaki,Japanese Restaurant,4bf58dd8d48988d111941735,4cacc81ca6e08cfad55aae94,47.060403,-122.74171899999999
Fuji Japanese Steakhouse,Japanese Restaurant,4bf58dd8d48988d111941735,4d3cda82a2e4b1f7b52eed25,47.05578366736002,-122.77191696006972
Bonsai  Wok,Japanese Restaurant,4bf58dd8d48988d111941735,4b904cf9f964a520a58233e3,47.017913650169945,-122.89769208294851
Yukio's Teriyaki,Japanese Restaurant,4bf58dd8d48988d111941735,4c2ba5c2d1a10f47db46f864,47.042776,-122.84628000000001
Toto's Teriyaki,Japanese Restaurant,4bf58dd8d48988d111941735,535b072411d2edf10bae67de,47.038385,-122.80288200000001
Teriyaki Japan,Japanese Restaurant,4bf58dd8d48988d111941735,4e14ae0d1f6e33e7180cfdc4,47.042079,-122.933971
Ichiban Teriyaki & Philly Cheese Steak,Japanese Restaurant,4bf58dd8d48988d111941735,4e1ca2ced1649b0f79299998,46.94519875105346,-122.61195443131868
Koibito Japanese Restaurant,Japanese Restaurant,4bf58dd8d48988d111941735,4e4cce35bd413c4cc66c4d49,46.98276901245117,-122.90522003173828
Koibito Sea World Japanese Restaurant,Japanese Restaurant,4bf58dd8d48988d111941735,4e4cd34fbd413c4cc66c76a7,47.04033660888672,-122.90027618408203
Fuji Japanese Restaurant,Japanese Restaurant,4bf58dd8d48988d111941735,4e4cd390bd413c4cc66c78b7,47.01380920410156,-122.90875244140625
Samurai Japan,Japanese Restaurant,4bf58dd8d48988d111941735,4c6f0fee9375a0933adb0237,47.04225233,-122.934087
Sushi,Sushi Restaurant,4bf58dd8d48988d1d2941735,4f3206fc19833175d60b12bc,47.055659000000006,-122.76629199999999
Tokyo Teriyaki,Japanese Restaurant,4bf58dd8d48988d111941735,4c45f4a7f9652d7f56ad132b,47.037065000000005,-122.824852
Niko Teriyaki,Japanese Restaurant,4bf58dd8d48988d111941735,4c9bae9046978cfa273a877f,47.03419876098633,-122.93575286865234
SOBA,Asian Restaurant,4bf58dd8d48988d142941735,4fe4c916e4b033733892ea54,47.050582789985526,-122.9025018215511
Trapper's Sushi,Sushi Restaurant,4bf58dd8d48988d1d2941735,56cb9755498e60f71c820b80,47.05930472903813,-122.76796891502211
I Sushi & Teriyaki,Sushi Restaurant,4bf58dd8d48988d1d2941735,4bbfb808f8219c74e87fb010,47.09278419410545,-122.64618633928036
Season's Teriyaki Wok,Sushi Restaurant,4bf58dd8d48988d1d2941735,4b7da121f964a520e9ca2fe3,47.059743964014274,-122.76625087936306
Sushi Train,Sushi Restaurant,4bf58dd8d48988d1d2941735,4ac6a6c4f964a520a4b520e3,47.05916283789428,-122.75439180957144
Fuji Teriyaki,Sushi Restaurant,4bf58dd8d48988d1d2941735,4b763027f964a52065422ee3,47.04611833634312,-122.8931097786093
Kabuki Sushi Boat,Sushi Restaurant,4bf58dd8d48988d1d2941735,4e4ccfadbd413c4cc66c5918,47.05540466308594,-122.76640319824219
Happy Teriyaki #3,Japanese Restaurant,4bf58dd8d48988d111941735,4b3a778bf964a520076825e3,47.03777622911698,-122.82375690386817
Seoul BBQ,Korean Restaurant,4bf58dd8d48988d113941735,4beb6f9b415e20a14569e6bb,47.05369581719886,-122.77913137331734
New Gangnam BBQ II,Korean Restaurant,4bf58dd8d48988d113941735,5c688d0286f4cc002c2276c2,47.052108,-122.784802
K-Town,Korean Restaurant,4bf58dd8d48988d113941735,5acfa397d7627e5dec73ce4a,47.047378,-122.835812
MiSo,Korean Restaurant,4bf58dd8d48988d113941735,5670c321498e5ebce8508f53,47.036681,-122.825796
Hotstone,Korean Restaurant,4bf58dd8d48988d113941735,56d751bd498ecdce6418441b,47.043835,-122.902486
Arrange Oriental Market,Korean Restaurant,4bf58dd8d48988d113941735,4d2a327e467d6ea8181cd695,47.055965559236164,-122.77021793828476
Koko's Teriyaki,Asian Restaurant,4bf58dd8d48988d142941735,4bc4f263702076b0494404c9,47.09152938441614,-122.64388043732708
Sushi Haru,Restaurant,4bf58dd8d48988d1c4941735,5674f1c3498ea34897394513,47.04858975776473,-122.94160366058348
Main Chinese Buffet,Chinese Restaurant,4bf58dd8d48988d145941735,4b730f02f964a520ac982de3,47.050004898431844,-122.81040068368863
Chopsticks Noodle House,Asian Restaurant,4bf58dd8d48988d142941735,4b60da47f964a520b9fd29e3,47.0438807982897,-122.90250647729285
Pattaya Thai Restaurant,Thai Restaurant,4bf58dd8d48988d149941735,5d1ad02ee324520023929b6d,47.058834999999995,-122.75594099999999
Narai Asian Cuisine,Thai Restaurant,4bf58dd8d48988d149941735,4b1c27bdf964a520360324e3,47.045191735216854,-122.89833112209071
Thai House,Thai Restaurant,4bf58dd8d48988d149941735,4ee6b21b6da14e7d9bdad61f,47.03973709827726,-122.8347064284313
Fortune Cookie,Thai Restaurant,4bf58dd8d48988d149941735,4b770f56f964a52018792ee3,47.09152255635822,-122.64517161955736
Thai Pavilion,Thai Restaurant,4bf58dd8d48988d149941735,4b82f68df964a520baef30e3,47.044862,-122.89858100000001
Basil Leaf,Thai Restaurant,4bf58dd8d48988d149941735,4dfbfd4fb0fb84d7acded244,47.046957,-122.926231
Olympia Thai Cuisine,Thai Restaurant,4bf58dd8d48988d149941735,4bc7bd99af07a5934edb7f2d,47.04656219482422,-122.9262924194336
Pattaya Thai Cuisine,Thai Restaurant,4bf58dd8d48988d149941735,515c914be4b02a98659706a9,47.04527282714844,-122.898193359375
Jade Harbor,Thai Restaurant,4bf58dd8d48988d149941735,54f23dd7498e2cd9fd4d01d9,47.045213,-122.898385
Thai Way,Thai Restaurant,4bf58dd8d48988d149941735,4c3cf64b980320a1446b8be4,47.0420610490842,-122.93383767496502
Capitol Pho Market,Vietnamese Restaurant,4bf58dd8d48988d14a941735,4b6c7bf4f964a520d93d2ce3,47.0460499216301,-122.93238542113505
Far East,Thai Restaurant,4bf58dd8d48988d149941735,4b899802f964a520a54432e3,47.04484328436654,-122.9038229799933
Pho Saigon,Vietnamese Restaurant,4bf58dd8d48988d14a941735,4c608aba832fa59346faefd3,47.04763560940695,-122.83447905690743
Pho Yelm,Vietnamese Restaurant,4bf58dd8d48988d14a941735,514a8299e4b0808522bfd064,46.941169,-122.60561499999999
Hot Ginger Pho & Bar,Noodle House,4bf58dd8d48988d1d1941735,569dbf6c498ec7c7539905b1,47.05965042114258,-122.76519012451172
The Nom Nom Deli,Vietnamese Restaurant,4bf58dd8d48988d14a941735,552873a6498e1e866280d367,47.043605,-122.901645
Da Nang,Vietnamese Restaurant,4bf58dd8d48988d14a941735,58642f18ca1070180d7349ef,47.045209,-122.900861
Little Da Nang,Vietnamese Restaurant,4bf58dd8d48988d14a941735,4b3e9793f964a5206e9f25e3,47.04455942436658,-122.90437192701931
Basil,Vietnamese Restaurant,4bf58dd8d48988d14a941735,4cd5dc4494848cfacf67e9b1,47.042995166666664,-122.8286014
Thuan Thien,Vietnamese Restaurant,4bf58dd8d48988d14a941735,4b819bd6f964a5206ab230e3,47.039260999999996,-122.83534399999999
Pho Lynn Vietnamese Restaurant,Vietnamese Restaurant,4bf58dd8d48988d14a941735,5eafcbd07b2a5100070c08c9,47.0338021,-122.9358323
pho111,Vietnamese Restaurant,4bf58dd8d48988d14a941735,5442d0e1498e32a2f172c88c,47.059204,-122.754221
Outback Steakhouse,Australian Restaurant,4bf58dd8d48988d169941735,52f65bfb38b182419b7f0264,47.1043,-123.0552
Northwest Sausage & Deli,Butcher,4bf58dd8d48988d11d951735,4e5c1e2f483be26274b20cf8,46.771542,-123.007383
Flaming Pig BBQ Food Truck,BBQ Joint,4bf58dd8d48988d1df931735,578a6808498e335f8fad70fe,47.042341,-122.893254
Flaming Pig BBQ Food Truck,BBQ Joint,4bf58dd8d48988d1df931735,578a6ac6498e097eb046d21c,47.05341720581055,-122.7831802368164
WinCo Foods,Supermarket,52f2ab2ebcbc57f1066b8b46,4cd77470aeb1224b68f72dff,47.05498693804885,-122.77970615976298
Fred Meyer,Supermarket,52f2ab2ebcbc57f1066b8b46,4b6d0a1ef964a52042642ce3,47.0409951,-122.8314785
Haggen Northwest Fresh,Supermarket,52f2ab2ebcbc57f1066b8b46,4b286f24f964a520599324e3,47.033982135349085,-122.94117990200903
mountain bakery,Bakery,4bf58dd8d48988d16a941735,53c00c8b498e4815fa581cd0,47.035469,-122.806982
Wagner's Market Place Bakery,Bakery,4bf58dd8d48988d16a941735,503001a1e4b0beacbe7da352,47.050671,-122.902565
Olympia Honey Baker,Bakery,4bf58dd8d48988d16a941735,51855b52498e1d5b53e6354f,47.046625,-122.878395
The Sweet Niche,Bakery,4bf58dd8d48988d16a941735,554517af498e731178df6728,47.04473114013672,-122.89894104003906
Bimbo Bakeries USA,Bakery,4bf58dd8d48988d16a941735,4bad3bcbf964a520423c3be3,47.052490234375,-122.79222106933594
Cinn-A-Girls,Bakery,4bf58dd8d48988d16a941735,5c8b59055b9711002515ed27,47.039359999999995,-122.831101
Cake Time Unique Sweets,Bakery,4bf58dd8d48988d16a941735,54ec0b20498ec0c9d04cf5fb,47.09678268432617,-122.6397476196289
Mom's Baked Goods,Bakery,4bf58dd8d48988d16a941735,53712d94498ef02d353b946c,47.045796,-122.89054499999999
Miss Moffett's Mystical Cupcakes,Bakery,4bf58dd8d48988d16a941735,5797e9c6498e5bbf8863d83c,47.03976821899414,-122.83161163330078
Andy’s Bistro,Asian Restaurant,4bf58dd8d48988d142941735,5d5b2a734feb4e0008d989f4,47.043949127197266,-122.82717895507812
Seventeen51 Restaurant & Bistro,American Restaurant,4bf58dd8d48988d14e941735,575a4d8b498e948232326661,47.0310291,-122.8319171
Americana Bistro and Lounge,Hotel Bar,4bf58dd8d48988d1d5941735,4c5e0f8e7735c9b691119172,47.026847875839465,-122.91171174698417
"Speakeasy Salon, Spa, & Bistro",Salon / Barbershop,4bf58dd8d48988d110951735,5b380c79fd16bb002cabab4e,47.044862,-122.89858100000001
McDonald's,Breakfast Spot,4bf58dd8d48988d143941735,4b2806ccf964a520dd8d24e3,47.044245380604885,-122.83313244581223
Jim Bob's Chuck Wagon,American Restaurant,4bf58dd8d48988d14e941735,556a157c498e64450427ba4d,47.03927524646253,-122.83509072633056
McDonald's,Breakfast Spot,4bf58dd8d48988d143941735,4bf3ca32e5eba593e8d91e90,46.995993977614226,-122.82687442925862
Chambers House Restaurant,Restaurant,4bf58dd8d48988d1c4941735,4c21171099282d7f8a0e65b0,47.030879974365234,-122.83180236816406
McDonald's,Breakfast Spot,4bf58dd8d48988d143941735,4b57bb79f964a5205b3e28e3,46.997684,-122.908435
Western Institutional Review Board,Office,4bf58dd8d48988d124941735,4c9b87ed292a6dcb7f6fd876,47.041118014219414,-122.95722484588623
Blue Heron Bakery,Bakery,4bf58dd8d48988d16a941735,57dc0bddcd10fabfa4772927,47.046438,-122.95804
Nickelbys,Karaoke Bar,4bf58dd8d48988d120941735,4bec4b5bc43f2d7f9eaedbd9,47.00058073048646,-122.91445078024161
Greenery,College Cafeteria,4bf58dd8d48988d1a1941735,4d55f1f8143ca093ad71b5fc,47.07353173449179,-122.97608639585613
Kamilche Cafe,Internet Cafe,4bf58dd8d48988d1f0941735,4ebb0cd1d3e31a8e6151e123,47.12981558220202,-123.09783873717497
Mekong,Thai Restaurant,4bf58dd8d48988d149941735,4b89e5cef964a520be5432e3,47.04554860866028,-122.9030759047168
Squaxin Island Grille,American Restaurant,4bf58dd8d48988d14e941735,4c2630e6136d20a1c6d5e461,47.128174572730934,-123.10134668610273
Happy Teriyaki,Asian Restaurant,4bf58dd8d48988d142941735,4b575bb4f964a520663328e3,47.0430785163196,-122.90114152402988
Soho Teriyaki #3,Japanese Restaurant,4bf58dd8d48988d111941735,4e4cdfeebd413c4cc66cde11,47.038897999999996,-122.940247
Blue Camas Buffet,Buffet,52e81612bcbc57f1066b79f4,53a389b8498ef6698c225c04,47.00024051873505,-122.66755663493409
Wendy’s,Burger Joint,4bf58dd8d48988d16c941735,4eeeb302a69d8afe6c730443,47.054325365415814,-122.77804523706436
Jack in the Box,Burger Joint,4bf58dd8d48988d16c941735,4ba6dd2ef964a520267439e3,47.0483083,-122.8343223
Wendy’s,Burger Joint,4bf58dd8d48988d16c941735,4bfebf4468c7a593059e3f44,47.04395929463062,-122.83339160378091
Carl's Jr.,Burger Joint,4bf58dd8d48988d16c941735,4b85fd31f964a520b87c31e3,47.04030654393608,-122.83779388636998
Jack in the Box,Burger Joint,4bf58dd8d48988d16c941735,4b8dc2e8f964a520810c33e3,47.0560988289675,-122.76580899953842
Han's Burgers,Burger Joint,4bf58dd8d48988d16c941735,4b996298f964a5207a7735e3,47.038955848655014,-122.8237957619869
Norma's Burgers,Burger Joint,4bf58dd8d48988d16c941735,4bb7cfe153649c74c55146fb,47.066596335623075,-122.72090669922359
Cascade Grill,Burger Joint,4bf58dd8d48988d16c941735,4ed2b50b29c223f92ba531da,47.06219705604893,-122.78477861634966
Firecreek Ale House,Bar,4bf58dd8d48988d116941735,4bf70d3592d1952181f5591f,46.990083610305405,-122.8065825676015
Van's Burgers,Burger Joint,4bf58dd8d48988d16c941735,4b6af449f964a520b1e82be3,46.99007741337074,-122.80656010965174
Boss Burgers USA,Burger Joint,4bf58dd8d48988d16c941735,59c0549c6adbf54979303583,46.995495,-122.825915
Jack in the Box,Burger Joint,4bf58dd8d48988d16c941735,543d19b5498e0624203cd52e,46.80159072938561,-123.01304429769516
Buckets Incredible Craveables,Burger Joint,4bf58dd8d48988d16c941735,57f2c3eb498ea185b473b68d,46.790348,-123.00995
Buzz's Tavern,Bar,4bf58dd8d48988d116941735,4b8b74e9f964a520f69f32e3,47.046715679569886,-122.98816753756827
Wendy’s,Burger Joint,4bf58dd8d48988d16c941735,4b36a797f964a520083a25e3,47.04576513039523,-122.93306846918313
Eagan's Drive-In,Burger Joint,4bf58dd8d48988d16c941735,4b941bc5f964a520a86834e3,47.04603398685328,-122.91988544704539
Steamboat Grill & Greens,Burger Joint,4bf58dd8d48988d16c941735,5cd712d62d2fd900390a5af0,47.084219,-123.016075
Johnny's Burgers,Burger Joint,4bf58dd8d48988d16c941735,5c491ca75bc27d002595307d,47.043148,-122.86137
Oly Burgers,Burger Joint,4bf58dd8d48988d16c941735,4c185670834e2d7f72ce2880,47.02961856329743,-122.92608232918691
College Activities Building (CAB),Student Center,4bf58dd8d48988d1ab941735,4d52d7dc7ee1a35dab779e34,47.07353110534388,-122.97616896216118
China Clipper Club Cafe,Dive Bar,4bf58dd8d48988d118941735,4b0f8014f964a520c16223e3,47.045420596626116,-122.89780597842443
Lacey Creek Catering & Cafe,Café,4bf58dd8d48988d16d941735,4df624456284fefe8fcafaa2,47.084432,-122.66868
The Monk's Bean: Saint Martin's University,Café,4bf58dd8d48988d16d941735,4f1df016e4b0c0fec6452fe2,47.04020722950213,-122.81677132192067
Cafe N Roll,Café,4bf58dd8d48988d16d941735,4e692f48b99303873565793f,47.059465,-122.755857
7-Eleven,Convenience Store,4d954b0ea243a5684a65b473,4bbeac694e7bd13a84699b7f,47.0239578,-122.9224436
Dancing Goats Espresso Bar,Café,4bf58dd8d48988d16d941735,4b7c6b94f964a5203c922fe3,47.05003634694587,-122.9021185738993
Heyday Cafe,Café,4bf58dd8d48988d16d941735,4e5167bd62e14b77e3b7c026,47.05055236816406,-122.90241241455078
Bobbyjayz Café,Café,4bf58dd8d48988d16d941735,511019dae4b01a7ad68df779,47.03697967529297,-122.89725494384766
Cafe Love,Café,4bf58dd8d48988d16d941735,502aabc8e4b085356ac0c2d6,47.044763,-122.90014099999999
Play Day Cafe,Café,4bf58dd8d48988d16d941735,5ab586885c68381e147d2a23,47.047985,-122.896706
The Cornerstone,Café,4bf58dd8d48988d16d941735,4e62aee0483bd9a974725305,47.044864654541016,-122.89886474609375
The Blend Café (New Caledonia Building),Café,4bf58dd8d48988d16d941735,51ddc2ed498e3ea0d905aab1,47.044368743896484,-122.90081024169922
BeanTown,Café,4bf58dd8d48988d16d941735,4eb802c3cc2143e8290f4a09,47.0535774230957,-122.84315490722656
A2 Cajun Cafe,Cajun / Creole Restaurant,4bf58dd8d48988d17a941735,4b107770f964a520177123e3,47.045419,-122.897632
Cajun And BBQ,Cajun / Creole Restaurant,4bf58dd8d48988d17a941735,58fac342dd70c5619bcf6d2a,47.060337,-122.741615
Pat's Café,Café,4bf58dd8d48988d16d941735,4c701c019375a09388f10537,47.037226000000004,-122.801323
Fusion Coffeehouse,Café,4bf58dd8d48988d16d941735,4a9ac20af964a520863220e3,47.047569274902344,-122.82547760009766
Royce Marie Bean Bar,Café,4bf58dd8d48988d16d941735,5d9515329a42c30008148ff0,47.041784,-122.825834
Esan Zap Cafe,Café,4bf58dd8d48988d16d941735,5d10750e8132b90023f1fad5,47.06018829345703,-122.74174499511719
Ronda's Coffee,Café,4bf58dd8d48988d16d941735,4d724c90d145a1cd0c6ab2f3,46.946564060545455,-122.61455849400149
simply organic cafe,Café,4bf58dd8d48988d16d941735,533f0a13498e0f0057257db6,46.941463470458984,-122.6063461303711
Gold's Cafe,Café,4bf58dd8d48988d16d941735,52ae6b9311d2b2a01ba2cb0e,47.044386,-122.82747
Oly Bean,Café,4bf58dd8d48988d16d941735,4ccdb77154f0b1f7a04a1eca,47.03933117629669,-122.93346607554403
Bits,Café,4bf58dd8d48988d16d941735,5ce95b740e3239002b62f2ca,47.052696,-122.918657
Schwartz’s,Café,4bf58dd8d48988d16d941735,5d2b9b76bbb9f2002f6e04c0,47.045382000000004,-122.901095
Java Flow,Café,4bf58dd8d48988d16d941735,4bae21b1f964a5200f883be3,47.046037,-122.90092299999999
Twisters Cafe & Espresso,Café,4bf58dd8d48988d16d941735,4bce40a7b6c49c74ece69691,47.043487548828125,-122.89360809326172
Capital Daily Grind,Café,4bf58dd8d48988d16d941735,52a771f8498ea8d70d1fd8ed,47.043271538339006,-122.95066149052438
Olympic mountain ice cream,Café,4bf58dd8d48988d16d941735,51fece09498e3e2d76d39731,47.04916763305664,-122.90289306640625
"The Magnet - Breakfast, Brunch & Lunch",Comfort Food Restaurant,52e81612bcbc57f1066b7a00,593d91c40457b735c955b292,47.04316,-122.898463
Le Creperie,Creperie,52e81612bcbc57f1066b79f2,4f3252d919836c91c7cc791a,47.041292,-122.887377
Crazy Horse Crepes,Creperie,52e81612bcbc57f1066b79f2,4c642e4a86b6be9a1b5f9034,46.965370178222656,-122.88488006591797
The Eastside Club Tavern,Beer Garden,4bf58dd8d48988d117941735,4aa345f6f964a520cd4320e3,47.04545588492133,-122.89752052739648
South Bay Market & Deli,Deli / Bodega,4bf58dd8d48988d146941735,4cb264da75ebb60c83c8d4ad,47.081144,-122.846006
Taylor Ray’s Cafe,Deli / Bodega,4bf58dd8d48988d146941735,5af34d45947c05002c1088c9,47.035752,-122.905032
Megabites,Deli / Bodega,4bf58dd8d48988d146941735,4fc6644de4b0bb90d6a32a8c,47.03438444614916,-122.89525510928435
The short stop,Deli / Bodega,4bf58dd8d48988d146941735,4ccc3b5fc0378cfa1ac18448,47.016366,-122.88960900000001
Las Palmas Jarochas Tienda Y Carniceria,Deli / Bodega,4bf58dd8d48988d146941735,4db30b975da3a76f442010ef,47.040283203125,-122.83454895019531
Walmart Bakery,Deli / Bodega,4bf58dd8d48988d146941735,5a9f08d90ff4f979ce9c237f,46.997056,-122.818677
fresh taste cafe,Deli / Bodega,4bf58dd8d48988d146941735,558854a7498e1ca1ec630faa,46.980995178222656,-122.92131805419922
Walmart Bakery,Deli / Bodega,4bf58dd8d48988d146941735,59933182d3cce84d15f4f9a4,46.99414,-122.92189
Walmart Bakery,Deli / Bodega,4bf58dd8d48988d146941735,599322c80e5da832ea157327,47.06003,-122.76897
Oskar's German Deli LLC,Deli / Bodega,4bf58dd8d48988d146941735,57cd78db498ece34836de9d2,47.039952,-122.82961200000001
Cost Plus World Market,Furniture / Home Store,4bf58dd8d48988d1f8941735,4b6b8633f964a520eb0d2ce3,47.04413672249821,-122.93193716931154
The Back Door Bakery,Bakery,4bf58dd8d48988d16a941735,52b7eb2b498ee1d00fcbf75b,47.036999,-122.82660700000001
Main Street Cookie Company,Dessert Shop,4bf58dd8d48988d1d0941735,4d51cd3e3626a0936c0028bd,46.888139384361885,-122.6896548213837
Blue Heron Bakery,Bakery,4bf58dd8d48988d16a941735,4b94036bf964a5204a6134e3,47.046061,-122.986705
Little Creek Casino Resort  - Espresso,Café,4bf58dd8d48988d16d941735,537f6b9c498e77bc15e908c9,47.127910092426674,-123.10196389745333
Bubble Island,Dessert Shop,4bf58dd8d48988d1d0941735,4b84322ef964a520dc2631e3,47.04151041281433,-122.8322121038544
Masonry Cafe Catering,Bakery,4bf58dd8d48988d16a941735,5b35002d2a7ab6002c3418c0,46.941463470458984,-122.6063461303711
Desserts By Tasha Nicole,Bakery,4bf58dd8d48988d16a941735,4d03d697dc45a093029be6c6,47.02345657348633,-122.89600372314453
Gotti Sweets,Bakery,4bf58dd8d48988d16a941735,572e6525498e524149486d7f,47.043594,-122.89564
Mystical Cupcakes,Bakery,4bf58dd8d48988d16a941735,52dc2035498eda9393d7478d,47.050051,-122.901742
Abby's Cookies and Cupcakes,Bakery,4bf58dd8d48988d16a941735,50ca5172e4b0212e76335db6,47.045698,-122.893454
LimeBerry,Dessert Shop,4bf58dd8d48988d1d0941735,5042a5afe4b0b17448a37ca4,47.037802947644224,-122.8227702872905
Menchie's,Frozen Yogurt Shop,512e7cae91d4cbb4e5efe0af,50c0003ae4b0b9f40414b545,47.0415322362911,-122.93415130887266
Menchie's,Frozen Yogurt Shop,512e7cae91d4cbb4e5efe0af,55f4e953498e01edf2375842,47.08066561804417,-122.7847616174884
Menchie's,Frozen Yogurt Shop,512e7cae91d4cbb4e5efe0af,5b4287b986f4cc002c7ea667,47.05656,-122.768726
LimeBerry Frozen Yogurt,Frozen Yogurt Shop,512e7cae91d4cbb4e5efe0af,536ae100498e7ede556ecc60,46.9343147277832,-122.59307861328125
Dairy Queen,Ice Cream Shop,4bf58dd8d48988d1c9941735,4bc37e6a461576b039b87e32,46.80102155269352,-123.01138401031494
Dairy Queen,Ice Cream Shop,4bf58dd8d48988d1c9941735,4b7eeeb2f964a520630a30e3,47.043492343621196,-122.84464180469507
Dairy Queen Grill & Chill,Ice Cream Shop,4bf58dd8d48988d1c9941735,5aeb5a3bfd16bb0039fce37c,46.995917,-122.828172
Dairy Queen,Ice Cream Shop,4bf58dd8d48988d1c9941735,4b830434f964a520b5f230e3,46.98921830023463,-122.9072405397892
Baskin-Robbins,Ice Cream Shop,4bf58dd8d48988d1c9941735,4f960ee3e4b0dc75e5105eba,47.06075730101316,-122.74113074508915
Baskin-Robbins,Ice Cream Shop,4bf58dd8d48988d1c9941735,4c118f6fa9420f47000c7d51,46.99774504287001,-122.82027475508892
Cold Stone Creamery,Ice Cream Shop,4bf58dd8d48988d1c9941735,4bdba649c79cc928c8fb83e9,47.059225599210095,-122.76409882327526
Baskin-Robbins,Ice Cream Shop,4bf58dd8d48988d1c9941735,4bd8db58cc5b9521043af24f,47.01687240754862,-122.90053042881726
The Painted Plate,Ice Cream Shop,4bf58dd8d48988d1c9941735,4bad00cff964a5205b233be3,47.04453477382173,-122.90036969942382
Baskin-Robbins,Ice Cream Shop,4bf58dd8d48988d1c9941735,4b889b35f964a520fc0332e3,47.0474253,-122.9396537
Sofie's Scoops,Ice Cream Shop,4bf58dd8d48988d1c9941735,586426cf9526bc19716a3fb0,47.046444,-122.901735
Hawley's Coffee & Gelato,Ice Cream Shop,4bf58dd8d48988d1c9941735,584cca9323188e1e7aaf56c4,47.0437,-122.90033
Limeberry,Ice Cream Shop,4bf58dd8d48988d1c9941735,4f8e1e66e4b0fe4dc0cdbe06,46.982792219515304,-122.9042072373865
Grandpa's Ice Cream Parlor,Ice Cream Shop,4bf58dd8d48988d1c9941735,4ff740eee4b0cfb36fa59d6d,47.04482424402783,-122.90335536522912
Limeberry,Ice Cream Shop,4bf58dd8d48988d1c9941735,50a7ec7fe4b05dd8c2ff68d8,47.034581169044046,-122.93648615843672
Franz Bakery Outlet,Bakery,4bf58dd8d48988d16a941735,4e56b344b993a7398228d8c3,47.053245544433594,-122.78691864013672
Left Bank Pastry,Bakery,4bf58dd8d48988d16a941735,59ac324ffd9d73363039dbcf,47.04545974731445,-122.88968658447266
Phoebe's Pastry Cafe,Bakery,4bf58dd8d48988d16a941735,5173010be4b0205102b3c77f,47.031936,-122.93458400000002
highway diner,Diner,4bf58dd8d48988d147941735,4fcb9864e4b088c92e3bb04a,46.82179541547175,-123.09453310466016
Denny's,Diner,4bf58dd8d48988d147941735,4b247cc4f964a5200c6824e3,47.0483683,-122.8219574
New Moon Cafe,Diner,4bf58dd8d48988d147941735,4b23e27cf964a520115c24e3,47.044741104309566,-122.90242514391849
onionville,Diner,4bf58dd8d48988d147941735,507f76dae4b03cfb60f4f272,47.060475717463085,-122.77290824821331
nickleby's,Diner,4bf58dd8d48988d147941735,50eb41a3e4b0b51d4c424f2e,47.0067138671875,-122.90975189208984
America's Diner,Diner,4bf58dd8d48988d147941735,4b4709d5f964a520c02a26e3,47.032876,-122.939773
Heavenly Donuts,Donut Shop,4bf58dd8d48988d148941735,4be6e7442457a593d040ad15,47.04020356257122,-122.8341096517474
Simple And Delicious,Donut Shop,4bf58dd8d48988d148941735,5b44cbea471d6e002c6a23c8,47.055870056152344,-122.77185821533203
Twister Donuts,Donut Shop,4bf58dd8d48988d148941735,4b959b26f964a520c1ab34e3,47.04627489611314,-122.86907956361054
Doos Donuts,Donut Shop,4bf58dd8d48988d148941735,557b0aff498e7fdd3be86866,47.045744,-122.922145
Winchell's Doughnut House,Donut Shop,4bf58dd8d48988d148941735,4e4e4076bd4101d0d7a5fe9e,47.0404612651168,-122.83409414074272
Hash,Breakfast Spot,4bf58dd8d48988d143941735,5aecadd18cdedf00251bdd0d,47.045735,-122.924481
The Gyros Spot,Falafel Restaurant,4bf58dd8d48988d10b941735,4c3cbd034bc9a5934516d371,47.045733,-122.93069399999999
The Office Tavern,Bar,4bf58dd8d48988d116941735,4b4a389ff964a520627f26e3,47.02572643827998,-122.92814508521938
Ben Moore's,Pub,4bf58dd8d48988d11b941735,4b6e6910f964a52052bc2ce3,47.045152,-122.90225
Long John Silver's,Fish & Chips Shop,4edd64a0c7ddd24ca188df1a,51feaa02498e900f43c4a0d7,47.05618,-122.769887
Swing Wine Bar,Wine Bar,4bf58dd8d48988d123941735,4b529528f964a5200d8327e3,47.04064423701478,-122.90257189039
Uncork and Unwind,Wine Bar,4bf58dd8d48988d123941735,4c50f9ae9d642d7ff67dc6dc,47.01685615858702,-122.90167807665755
Olympia Farmers Market,Farmers Market,4bf58dd8d48988d1fa941735,4b1c131ef964a520b90124e3,47.05049044407332,-122.90256630263357
California Tacos,Food Truck,4bf58dd8d48988d1cb941735,59b49d93a6ec9849b3fcf1ec,47.05369913366685,-122.77860100288113
Gringo Maniac,Food Truck,4bf58dd8d48988d1cb941735,580ab64c38fa4d664e2ee572,46.949134850595925,-122.93865529081093
Nineveh Assyrian,Food Truck,4bf58dd8d48988d1cb941735,4e7e53ca7ee6d5864118d421,47.045563433065404,-122.89310795929057
California tacos,Food Truck,4bf58dd8d48988d1cb941735,4c605fa613791b8dfe604faf,47.087778876748104,-122.68022506777098
Egg Rollin',Food Truck,4bf58dd8d48988d1cb941735,51843fd2498ea9a76ad56546,47.14586201826792,-123.09381956628269
Akashic,Food Truck,4bf58dd8d48988d1cb941735,58227cd2ccba3422ffa2c3f9,47.04572195527218,-122.8933412565157
Joe's Smoke Shack,Food Truck,4bf58dd8d48988d1cb941735,5cbf8141aa6c9500397fbf64,46.95138168334961,-122.93340301513672
Boka Island Fusion,Food Truck,4bf58dd8d48988d1cb941735,55a80116498e4648bd3416f7,47.0454607744962,-122.86605550054568
Kiwani International Roast Beef,Food Truck,4bf58dd8d48988d1cb941735,5787f028498ee50b0332141d,47.04683164181659,-122.90320883934834
Tamale Fusion,Food Truck,4bf58dd8d48988d1cb941735,51e586db498e7d226adaac4d,47.04186709700757,-122.8939600872565
Barb's BBQ,Food Truck,4bf58dd8d48988d1cb941735,4e010f4fd22db37fb0271189,47.046587,-122.897613
Boom Boom Tacos,Food Truck,4bf58dd8d48988d1cb941735,5595d2d3498e977a1cc85496,47.036922454833984,-122.93495178222656
La Petite Maison,French Restaurant,4bf58dd8d48988d10c941735,4e310a7552b1833d96e898c2,47.04484908860632,-122.92624961035172
Sonic Drive-in,Fried Chicken Joint,4d4ae6fc7a7b7dea34424761,57186193498eb942c57dd9a1,47.0547335891961,-122.776185312828
Nisqually Bar & Grill,Bar,4bf58dd8d48988d116941735,4c437f3536d6a593653c69a8,47.06662584409202,-122.72022071622011
Jack in the Box,Fried Chicken Joint,4d4ae6fc7a7b7dea34424761,4b460e0af964a520161526e3,47.04416861518535,-122.89219871163368
Sonic Drive-In,Fried Chicken Joint,4d4ae6fc7a7b7dea34424761,5865db726cea3f1bba853acb,47.0359205,-122.9408889
Popeyes Louisiana Kitchen,Fried Chicken Joint,4d4ae6fc7a7b7dea34424761,50c3d046e4b009e3bc55c63e,47.059486346323155,-122.7686889913802
Jack in the Box,Fried Chicken Joint,4d4ae6fc7a7b7dea34424761,4b936c2ef964a520794334e3,47.0002748,-122.9093357
KFC,Fried Chicken Joint,4d4ae6fc7a7b7dea34424761,4b146f7df964a52019a323e3,47.0361625796518,-122.82536842518329
Jack in the Box,Fried Chicken Joint,4d4ae6fc7a7b7dea34424761,4ba58e8cf964a520131239e3,47.0246319,-122.9209018
KFC,Fried Chicken Joint,4d4ae6fc7a7b7dea34424761,4ba3d57bf964a520936438e3,47.05618938850203,-122.76993755034925
Church's Chicken,Fried Chicken Joint,4d4ae6fc7a7b7dea34424761,5753a789498e3bf35a4d50b4,47.05451075857965,-122.77748105219418
Saigon Rendez-Vous,Asian Restaurant,4bf58dd8d48988d142941735,4b8c2eb3f964a520b4c232e3,47.043765,-122.902166
Ggmas,Gastropub,4bf58dd8d48988d155941735,4edd813b6c2547bc66623408,46.97060657468155,-122.99420174712617
The Austin Embassy,Gastropub,4bf58dd8d48988d155941735,59750c848d0a530ce9475939,47.048908000000004,-122.94916299999998
GATHER GASTRO PUB,Gastropub,4bf58dd8d48988d155941735,5bd33b1b2632ec002cba9dc8,46.95463943481445,-122.62696075439453
Fish Tale Brew Pub,Brewery,50327c8591d4c4b30a586d5d,4aa0bb84f964a520504020e3,47.04376915276174,-122.89670143294686
German Diner,German Restaurant,4bf58dd8d48988d10d941735,50dca243e4b0cc838b7b72d1,47.059955,-122.750998
Bavarian corner,German Restaurant,4bf58dd8d48988d10d941735,4cc36f6106c25481649f9047,47.059879,-122.750816
Falls Terrace,American Restaurant,4bf58dd8d48988d14e941735,4b945d60f964a520717634e3,47.01510301785179,-122.90521463913421
Tofu Hut,Asian Restaurant,4bf58dd8d48988d142941735,4b75b282f964a520cc1d2ee3,47.037499975310176,-122.8196265507926
The Gyro Spot,Greek Restaurant,4bf58dd8d48988d10e941735,4b63ef18f964a520b3972ae3,47.0451319781796,-122.89841579818308
Pithos Gyros,Greek Restaurant,4bf58dd8d48988d10e941735,51608e88e4b00fb7bf6f26fc,47.050572,-122.902966
Koibito,Japanese Restaurant,4bf58dd8d48988d111941735,4b666f38f964a5204b212be3,47.045800627271696,-122.92295470248182
Tuna Poke,Poke Place,5bae9231bedf3950379f89d4,59a0b797c8772e433aa3d7d2,47.04093,-122.831406
Vante's Inferno,Hot Dog Joint,4bf58dd8d48988d16f941735,4d76c3c20dbb6dcbd5fbef6f,47.074954986572266,-122.75749969482422
Great Cuisine of India,Indian Restaurant,4bf58dd8d48988d10f941735,4b08bd46f964a520ab1123e3,47.04498484670475,-122.90262117269872
India Garden,Indian Restaurant,4bf58dd8d48988d10f941735,5aebe14ea89b5a00249d6673,47.0602,-122.76651
Curry King,Indian Restaurant,4bf58dd8d48988d10f941735,5ba594ef89b06a002cbe69a6,47.035579681396484,-122.80657196044922
Curry In A Hurry,Indian Restaurant,4bf58dd8d48988d10f941735,4da0b2c29935a093575a8f6f,47.050540325651184,-122.90226592546483
Passage To India,Indian Restaurant,4bf58dd8d48988d10f941735,4ba7bf1df964a52099af39e3,47.03989587322025,-122.83334899301826
Farrelli's Wood Fire Pizza,Pizza Place,4bf58dd8d48988d1ca941735,4b8eb22bf964a520a43133e3,47.09212712940785,-122.64531447430716
Cafe Au'Lait Espresso,Café,4bf58dd8d48988d16d941735,4c681e271c91a593fc2cef07,47.04425388632087,-122.935967860252
Basilico Ristorante,Italian Restaurant,4bf58dd8d48988d110941735,4c3d23d07c1ee21eeb9f8d71,47.04379900004376,-122.90158159552847
Zoe Juice Bar,Juice Bar,4bf58dd8d48988d112941735,525b761d498e80d1f829e695,47.04652828720124,-122.87596155617199
Emerald City Smoothie,Juice Bar,4bf58dd8d48988d112941735,4b771051f964a5207d792ee3,46.99954667058718,-122.91938779962597
Emerald City Smoothie,Juice Bar,4bf58dd8d48988d112941735,528fbab811d2f4cc597d663e,46.999996,-122.918272
Zoe Juice Bar,Juice Bar,4bf58dd8d48988d112941735,5a751eca2a7ab621d800e603,47.034305572509766,-122.93580627441406
Emerald City Smoothie,Juice Bar,4bf58dd8d48988d112941735,528fbab7498e2d89d8d6cab8,47.04084777832031,-122.83416748046875
El Pulgarcito #2,Latin American Restaurant,4bf58dd8d48988d1be941735,4bae7b7df964a520e8b73be3,47.03650551316699,-122.82637759844009
Arepa,Latin American Restaurant,4bf58dd8d48988d1be941735,52d4567b498eec449ae5ae07,47.04569728413089,-122.89354951466413
Don Eduardo's Latin American Eatery,Latin American Restaurant,4bf58dd8d48988d1be941735,4c7864faa8683704884b0d4d,47.04282760620117,-122.86190032958984
El Guanaco,Latin American Restaurant,4bf58dd8d48988d1be941735,4b96a4e3f964a52008db34e3,47.044075,-122.904306
Chica's,Latin American Restaurant,4bf58dd8d48988d1be941735,4bf73485508c0f47c9643d31,47.0389187335968,-122.90203034877777
Don Eduardo's Latin American Eatery,Latin American Restaurant,4bf58dd8d48988d1be941735,4e4cd21ebd413c4cc66c6cf8,47.04008865356445,-122.83966827392578
Chica's Cafe,Latin American Restaurant,4bf58dd8d48988d1be941735,4e4cd9a7bd413c4cc66caa3a,47.04302978515625,-122.90185546875
MIJAS Transitional Restaurant,Latin American Restaurant,4bf58dd8d48988d1be941735,4c9553af0341370485e77aef,47.042532,-122.90173300000001
Hops On The Hill,Beer Bar,56aa371ce4b08b9a8d57356c,5c7878bc25fb7b002cc7489f,47.019155,-122.922599
South Bay Dickerson's BBQ,BBQ Joint,4bf58dd8d48988d1df931735,4a8702e9f964a5201a0220e3,47.04356181826179,-122.89450559633288
The Gyro Spot Express,Mediterranean Restaurant,4bf58dd8d48988d1c0941735,552d6893498ef128333b9552,47.040162132868566,-122.90115518811959
Cinco De Mayo Raspados Fruits and More,Mexican Restaurant,4bf58dd8d48988d1c1941735,5a42ca96464d656fed122137,47.052044,-122.784079
Julia's Bakery And Cafe,Mexican Restaurant,4bf58dd8d48988d1c1941735,4da0da8c7ccc816e5bd6457b,47.05203249,-122.78442253
Fajita Grill Mexican Restaurant,Mexican Restaurant,4bf58dd8d48988d1c1941735,5320ec9b498e81a83ae1bc3c,47.04112339315869,-122.84049138635808
Taco Time NW,Mexican Restaurant,4bf58dd8d48988d1c1941735,5808ee5a38fad613f49280cb,47.061566,-122.76653300000001
Los Amigos,Mexican Restaurant,4bf58dd8d48988d1c1941735,4fa4a984e4b0c1088dbc904a,47.03647,-122.826646
Cancun Plaza Family Mexican Restaurant & Lounge,Mexican Restaurant,4bf58dd8d48988d1c1941735,4b4a34d0f964a520a47e26e3,47.040283203125,-122.83454895019531
Taco Del Mar,Mexican Restaurant,4bf58dd8d48988d1c1941735,4b4d146bf964a5203bca26e3,47.0594011,-122.7642225
Las Palmas,Mexican Restaurant,4bf58dd8d48988d1c1941735,4d6d57d9edc26dcbc34bc8a4,47.06018829345703,-122.74174499511719
Ramirez To Go,Mexican Restaurant,4bf58dd8d48988d1c1941735,55c5ca5a498e87a05efe4e68,47.046453,-122.93070700000001
El Sarape Mexican Restaurant,Mexican Restaurant,4bf58dd8d48988d1c1941735,56a2ed46498ea4de3f14d70b,47.03546905517578,-122.93804931640625
Taqueria La Esquinita,Mexican Restaurant,4bf58dd8d48988d1c1941735,52f14fc4498e31246f813c2b,47.04377762980043,-122.89664221220035
Taco Del Mar,Mexican Restaurant,4bf58dd8d48988d1c1941735,4c4e4625d667d13a8c4523a0,46.998138,-122.91474699999999
El Sarape Mexican Restaurant,Mexican Restaurant,4bf58dd8d48988d1c1941735,4b9567a6f964a520d4a034e3,47.04747,-122.83473
California Taco,Food Truck,4bf58dd8d48988d1cb941735,4c6dec0fd5c3a1cdf320c72b,47.0457,-122.89392600000001
La Taqueria,Mexican Restaurant,4bf58dd8d48988d1c1941735,4b8443f3f964a520472b31e3,47.043446,-122.900803
Mi Pueblo Taqueria,Mexican Restaurant,4bf58dd8d48988d1c1941735,5664cfac498ef74a7299a2a8,47.054224,-122.773206
Del Taco,Taco Place,4bf58dd8d48988d151941735,5c7c7f56835c9a002c9b0af6,47.054756,-122.77667
Character's Corner,Bar,4bf58dd8d48988d116941735,4b6b5c97f964a5207d032ce3,47.07966263197959,-123.02124162661055
El Taco Amigo,Taco Place,4bf58dd8d48988d151941735,5b4aaee967e5f2002c0dbe96,47.05113,-122.7933
The Westside Tavern,Bar,4bf58dd8d48988d116941735,4bece5b991380f47f5439f18,47.045888457364896,-122.92442314698609
Taco Bell,Taco Place,4bf58dd8d48988d151941735,5976437650a6f06f11590384,46.998175,-122.824214
Pints & Quarts Pub,Bar,4bf58dd8d48988d116941735,4b0dca21f964a5202d5023e3,47.03614906844133,-122.8227471155828
Tacos Gaby,Mexican Restaurant,4bf58dd8d48988d1c1941735,4c5c94b07735c9b66fbb8c72,46.94017863846816,-122.603611864656
Dos Hermanos Mexican Kitchen,Mexican Restaurant,4bf58dd8d48988d1c1941735,51719386e4b0c527e2dcb357,47.0463981628418,-122.90149688720703
California Tacos,Food Truck,4bf58dd8d48988d1cb941735,4cf02d381d18a1430b9b4aec,47.05300739053204,-122.78126744292094
California Tacos,Food Truck,4bf58dd8d48988d1cb941735,4b92e69df964a520862534e3,47.04060099353198,-122.8335815954259
Los Compadres,Taco Place,4bf58dd8d48988d151941735,59c5a48028122f2fd4ced34c,46.85705,-122.853821
Pacos Tacos,Taco Place,4bf58dd8d48988d151941735,4d1fa9db6e8c3704546ef29f,47.036975031161994,-122.82508349056867
Tacos La Fuente,Taco Place,4bf58dd8d48988d151941735,4c16a0ef5e88c928da6d2466,47.065513525397435,-122.72056323397972
Taqueria  Uruapani,Taco Place,4bf58dd8d48988d151941735,5b8ed1eb9ba3e50039c31b0d,47.039898,-122.834236
Taqueria Rico Taco,Mexican Restaurant,4bf58dd8d48988d1c1941735,4b83582cf964a520440331e3,47.046348452568054,-122.93051540851593
Mariachi Alegre,Mexican Restaurant,4bf58dd8d48988d1c1941735,4c8c3091cf3ea143cc40f351,46.937074160095925,-122.59812073350028
Mayan Mexican Restaurants,Mexican Restaurant,4bf58dd8d48988d1c1941735,4b75e9e0f964a520552e2ee3,47.037879813030074,-122.82486000999558
Little Caesars Pizza,Pizza Place,4bf58dd8d48988d1ca941735,4bb4154a9af3b713e0fe8b28,47.03938384466986,-122.82370836572791
Papa John's Pizza,Pizza Place,4bf58dd8d48988d1ca941735,4b86c3e4f964a520ac9b31e3,47.036697866053636,-122.8258624417162
Papa Murphy's,Pizza Place,4bf58dd8d48988d1ca941735,4d59b5204d9a721e9505440e,47.05910122871308,-122.76651942832851
New York Vinny's,Pizza Place,4bf58dd8d48988d1ca941735,53d80b3f498ee5928d81403a,47.0557901350695,-122.76591987238882
Pizzeria La Gitana,Pizza Place,4bf58dd8d48988d1ca941735,4d2e5df3d9d8a143ab20f9d7,46.93988399790594,-122.6035331136601
Casa Mia Italian Restaurant and Pizzeria,Pizza Place,4bf58dd8d48988d1ca941735,4aee02b1f964a52045d121e3,46.93925064291886,-122.59957545501445
Domino's Pizza,Pizza Place,4bf58dd8d48988d1ca941735,4ba3cf37f964a520ee6138e3,47.0488034,-122.8241916
Pizza Hut,Pizza Place,4bf58dd8d48988d1ca941735,4c5fff8d3a3703bb5618e406,47.038385,-122.80288200000001
Little Caesars Pizza,Pizza Place,4bf58dd8d48988d1ca941735,52216d7611d202a824e45ba1,47.05942990828119,-122.764065599322
Figaro's Pizza,Pizza Place,4bf58dd8d48988d1ca941735,4e4d64bfbd413c4cc670ba5b,47.06256103515625,-122.7410888671875
Pizza Time,Pizza Place,4bf58dd8d48988d1ca941735,4c2ed27666e40f47b1ffc08b,47.05398941040039,-122.782470703125
Brewery City Pizza,Pizza Place,4bf58dd8d48988d1ca941735,4dbb10db43a1d8504b65b5b7,47.06054130995343,-122.75624239563426
Smitty's Authentic Chicago Style Foods,Pizza Place,4bf58dd8d48988d1ca941735,4c1bcd84b306c92896d062b7,47.040283203125,-122.83454895019531
The Rock Wood Fired Pizza,Pizza Place,4bf58dd8d48988d1ca941735,4d392b728cd16ea8b51bc0e2,47.03739547729492,-122.83618927001953
Costco Food Court,Pizza Place,4bf58dd8d48988d1ca941735,4f8a03c7e4b005979ed78ec6,46.9961885672416,-122.91672954252512
Shari's Cafe and Pies,American Restaurant,4bf58dd8d48988d14e941735,4bf613d1004ed13a16f641a0,47.041503,-122.84737
Pizza Hut,Pizza Place,4bf58dd8d48988d1ca941735,4c5ffe5d3a3703bb6116e406,47.04654920565866,-122.93472647666931
Stone Creek Wood Fire Pizza,Pizza Place,4bf58dd8d48988d1ca941735,4f08ef59e4b05dd3a3b495a2,47.04670333862305,-122.95751953125
Chuck E. Cheese,Event Space,4bf58dd8d48988d171941735,4b78d913f964a5206fe42ee3,47.04155247052938,-122.93276549778659
Domino's Pizza,Pizza Place,4bf58dd8d48988d1ca941735,4babed96f964a52033d63ae3,47.01641104371999,-122.89932319525178
Olympia Pizza Time,Pizza Place,4bf58dd8d48988d1ca941735,4dca170145dd19439a02f3f7,47.045491999999996,-122.896378
Papa Murphy's,Pizza Place,4bf58dd8d48988d1ca941735,4c1699a36470a593dc1357d2,47.04115166385679,-122.84063192753703
The Biscuit House,Café,4bf58dd8d48988d16d941735,5ac8effeacb00b15aa9bdcac,46.98712,-122.923387
Pizza Annex,Pizza Place,4bf58dd8d48988d1ca941735,4d77e3b0bc888cfa7b87f173,47.03960107682325,-122.9009328702021
Zia Betta,Italian Restaurant,4bf58dd8d48988d110941735,4cb8a93bbac9370452e3de7c,47.050575613975525,-122.902799
Wagner's Pizza Annex,Pizza Place,4bf58dd8d48988d1ca941735,5751e208498e7929087cfc04,47.039627,-122.90094
Pints & Quarts Pub,Pub,4bf58dd8d48988d11b941735,4b0757bdf964a52054fc22e3,47.042423725282994,-122.9357412569362
#1 Korean BBQ,Korean Restaurant,4bf58dd8d48988d113941735,4b9c4ecef964a5201b5e36e3,47.05222580006046,-122.7848098119743
O'Blarney's Irish Pub,Irish Pub,52e81612bcbc57f1066b7a06,4b78be5ef964a52072e02ee3,47.04738,-122.82703
Curry Corner,Indian Restaurant,4bf58dd8d48988d10f941735,4b74a61ef964a52018ea2de3,47.06250293869688,-122.74114603032285
McDonald's,Restaurant,4bf58dd8d48988d1c4941735,4c19769d838020a17ad7e561,46.94462092688827,-122.61217944324017
Chipotle Mexican Grill,Mexican Restaurant,4bf58dd8d48988d1c1941735,56510660498e8420357a5f53,47.05785190866636,-122.76505570742631
Osaka Japanese Restaurant,Japanese Restaurant,4bf58dd8d48988d111941735,4b89e7b1f964a5204f5532e3,47.05258,-122.7836
The Rock Wood Fired Pizza,Restaurant,4bf58dd8d48988d1c4941735,4b4a8178f964a5207e8926e3,47.05008524,-122.8132004
Pho Tai,Vietnamese Restaurant,4bf58dd8d48988d14a941735,5016ee5ee4b07ac9f3034107,47.03916052416155,-122.82375655322559
Pho Hoa,Vietnamese Restaurant,4bf58dd8d48988d14a941735,52991e5811d27c1926796645,47.0565418468395,-122.7681405676512
Safura's Greek Restaurant,Greek Restaurant,4bf58dd8d48988d10e941735,4b8583def964a520ca6231e3,47.04348016071026,-122.8321644909939
Puerto Vallarta Restaurant,Mexican Restaurant,4bf58dd8d48988d1c1941735,4ba2c2faf964a520071738e3,46.947363530725255,-122.61590321814701
Mayan Mexican Restaurant,Mexican Restaurant,4bf58dd8d48988d1c1941735,4b7caa9ff964a52024a02fe3,47.06557,-122.76543
Curry House,Indian Restaurant,4bf58dd8d48988d10f941735,50a31338e4b06729d0ad4765,47.05927996745432,-122.75368586300156
Panda Express,Chinese Restaurant,4bf58dd8d48988d145941735,4b6decadf964a520419c2ce3,47.048340406468206,-122.83189017380877
Norma's Burgers,Burger Joint,4bf58dd8d48988d16c941735,4b551365f964a5204ada27e3,47.0528716975409,-122.78521898500541
Jasmine Thai Cuisine,Thai Restaurant,4bf58dd8d48988d149941735,4f4ea99fe4b0244793f24f39,47.04298480507626,-122.82874893727401
Puerto Vallarta,Mexican Restaurant,4bf58dd8d48988d1c1941735,4b678d73f964a520fd542be3,47.0601686176417,-122.76846189209685
Cattleman's,American Restaurant,4bf58dd8d48988d14e941735,554ea03e498ed46250e2f92c,46.952626,-122.62557199999999
Vans Burger,American Restaurant,4bf58dd8d48988d14e941735,51562a5de4b0ac34372199ed,46.984656441852074,-122.77086550268345
Hop Jack's,Gastropub,4bf58dd8d48988d155941735,4bd354a141b9ef3beae7ffe5,46.998686913936496,-122.82377019430693
MOD Pizza,Pizza Place,4bf58dd8d48988d1ca941735,556d196b498e8c76199e013c,46.996577,-122.81736200000002
Creekside Bar and Grill,American Restaurant,4bf58dd8d48988d14e941735,51df6b2d498ec65000456e1a,46.995586,-122.812389
Mayan Family Mexican Restaurant,Mexican Restaurant,4bf58dd8d48988d1c1941735,4b7724f3f964a520e2812ee3,46.99713,-122.82005
Don Garcias Mexican Restsurant,Mexican Restaurant,4bf58dd8d48988d1c1941735,53001c26498e78c433a09e1d,46.996517973163826,-122.80660091349574
Souru Teriyaki,Japanese Restaurant,4bf58dd8d48988d111941735,4b42a00cf964a520b8d725e3,46.99718797641762,-122.82007649532751
Papa Murphy's,Pizza Place,4bf58dd8d48988d1ca941735,4b9d8e51f964a52078b336e3,46.997741772076296,-122.8212257227477
Domino's Pizza,Pizza Place,4bf58dd8d48988d1ca941735,523cd95411d2076f11665076,46.9990433,-122.824865
Daddy O's,Burger Joint,4bf58dd8d48988d16c941735,4c0065c7df6c0f47c4588b22,46.99548479331669,-122.82600755562065
Jimmy's II,Thai Restaurant,4bf58dd8d48988d149941735,4bea254d6295c9b61b2d8608,46.999089,-122.82520600000001
Sonja's Cafe,Asian Restaurant,4bf58dd8d48988d142941735,4cc37fbb80624688beba302f,46.88739013671875,-122.68995666503906
New Sushi & Teriyaki,Asian Restaurant,4bf58dd8d48988d142941735,4bbb9141e5b0d13a3f376e7c,46.99856722274536,-122.82425334289535
Don Juan's Mexican Kitchen,Mexican Restaurant,4bf58dd8d48988d1c1941735,50b2c944e4b0b13f4d087ee7,46.85985634862285,-122.84628916005553
Lady Of The Lake,Restaurant,4bf58dd8d48988d1c4941735,51fe8d3e498ea33ffe3812b9,46.912907000000004,-122.831797
Mariachis,Mexican Restaurant,4bf58dd8d48988d1c1941735,4e73e53cb993a71aa2f3d80d,46.79850313941529,-123.01280727933673
Figaro's Pizza,Pizza Place,4bf58dd8d48988d1ca941735,4bd3548777b29c740c929082,46.79966354370117,-123.0114517211914
Burger Claim,Burger Joint,4bf58dd8d48988d16c941735,4c43b18dfb6eb7131e3a4e4a,46.79268072654758,-123.01104573479041
Lodge Wood Fired Grill,BBQ Joint,4bf58dd8d48988d1df931735,57df46a7498e3037b751d273,46.790391,-123.010505
The Loose Moose Cottage at Great Wolf Lodge,American Restaurant,4bf58dd8d48988d14e941735,4bc26b43920eb713c6411c2c,46.790290331339094,-123.01031657904925
Scotty B's,Diner,4bf58dd8d48988d147941735,4c6c8f0cf2846dcbf97163e9,46.8593187086007,-122.84621870717585
Hungry As A Wolf,Pizza Place,4bf58dd8d48988d1ca941735,4c40fc4ada3dc9284443c8b9,46.79015463133226,-123.01051497459412
Grizzly Rob's Bar at Great Wolf Lodge,American Restaurant,4bf58dd8d48988d14e941735,4e2a249ee4cd3bc166875276,46.79047018971017,-123.01007149081397
The Grill,Diner,4bf58dd8d48988d147941735,4bc770b10050b713f6b3b83b,46.80325723,-123.01233365
Bear Paw Sweets & Eats at Great Wolf Lodge,American Restaurant,4bf58dd8d48988d14e941735,4dfe752662e15bcf9469d78a,46.79033016399055,-123.01045973821313
The Old 99,Café,4bf58dd8d48988d16d941735,4fb28995e4b0b9253b6c3453,46.859024,-122.847494
Pizza Hut,Pizza Place,4bf58dd8d48988d1ca941735,4ce8b6698ef78cfa5cae9c9b,46.79022925829081,-123.01027719965269
Farm Boy Restaurant,American Restaurant,4bf58dd8d48988d14e941735,4c4c749b9c8d2d7f9894736c,46.897476564586306,-122.96407928071879
Rivers Edge,American Restaurant,4bf58dd8d48988d14e941735,4c0bed8f340720a11cda8893,47.00656705602183,-122.90288290539304
El Sarape 4,Restaurant,4bf58dd8d48988d1c4941735,4d5f57501ee8721e1ba69d21,46.99874576137977,-122.9084836551714
Happy Teriyaki‎ #5,Japanese Restaurant,4bf58dd8d48988d111941735,4bbbc3953de8c9b675399aad,47.0020674598155,-122.9100452139735
KFC,Restaurant,4bf58dd8d48988d1c4941735,4d3a4db934ee37045857769b,47.00215851191991,-122.90931645472176
Pho 102,Vietnamese Restaurant,4bf58dd8d48988d14a941735,538543a9498e73b89173a1ba,46.999643,-122.909548
Pho 111,Vietnamese Restaurant,4bf58dd8d48988d14a941735,4fe23b0ee4b0f5d1cc14660f,46.982762034412794,-122.90418087585026
Red Wagon,Burger Joint,4bf58dd8d48988d16c941735,537fbbba498e7fd31bca27ac,46.9829651624949,-122.90528573170441
Koibito Sushi and Teriyaki,Sushi Restaurant,4bf58dd8d48988d1d2941735,4bca64dd937ca59329e2a792,46.98276309356008,-122.90540449194476
Wonder bread & Hostess Outlet,Bakery,4bf58dd8d48988d16a941735,4d49fee7a0ef5481ae11f8f6,46.99224090576172,-122.90804290771484
Brewery City Pizza,Pizza Place,4bf58dd8d48988d1ca941735,4b4682eff964a5200c2326e3,47.001678107032134,-122.9092848807289
Pho & Baguette,Vietnamese Restaurant,4bf58dd8d48988d14a941735,52769da6498e76b8a56c2971,46.99779510498047,-122.91567993164062
Coffee Central Cafe,Café,4bf58dd8d48988d16d941735,4d47358b1911a093fe3df3d8,46.98476028442383,-122.90448760986328
Teriyaki & Wok,Japanese Restaurant,4bf58dd8d48988d111941735,4e4cf002bd413c4cc66d5f76,46.98384,-122.903466
Tran's Dynasty,Asian Restaurant,4bf58dd8d48988d142941735,4e4cf003bd413c4cc66d5f81,46.982970979222074,-122.9043092159859
Heavenly Hog BBQ and Smokery,Food Truck,4bf58dd8d48988d1cb941735,51b7ce66498e4e1541431243,46.9524698183705,-122.93391639661944
Figaro's Pizza,Pizza Place,4bf58dd8d48988d1ca941735,4e4d1a1cbd413c4cc66eae1a,46.82413014510787,-122.98142721470607
daybreak deli,American Restaurant,4bf58dd8d48988d14e941735,52c8865a498e3a32d3025aa7,46.98301398294861,-122.90523400754964
Leo's Grill,American Restaurant,4bf58dd8d48988d14e941735,4f739698e4b05ea2818d7f99,46.952358000000004,-122.940615
McDonald's,Restaurant,4bf58dd8d48988d1c4941735,4c1a4c2055e4c9b6b87d4723,46.953482767053515,-122.93502412271664
McDonald's,Restaurant,4bf58dd8d48988d1c4941735,55762f89498e61b302773f5e,47.03328252590241,-122.94027261435986
Shipwreck Cafe,Diner,4bf58dd8d48988d147941735,4aecac20f964a5202bca21e3,47.048045694600496,-122.9935476914206
Cooper Point Public House,American Restaurant,4bf58dd8d48988d14e941735,52e13ba211d2a2e76233b4db,47.047288258717494,-122.93981314808505
Domino's Pizza,Restaurant,4bf58dd8d48988d1c4941735,51a032b0498e55760d1d707b,47.0468809938277,-122.94265698005802
IHOP,Breakfast Spot,4bf58dd8d48988d143941735,4c1a3627834e2d7fc3802b80,47.03522858930917,-122.93706557581692
Panda Express,Chinese Restaurant,4bf58dd8d48988d145941735,4b2efecdf964a520fde824e3,46.999660686374035,-122.91538450665567
Applebee's Grill + Bar,Restaurant,4bf58dd8d48988d1c4941735,4b53c410f964a520bdaa27e3,47.04013834,-122.9331446
Emperor's Palace Restaurant,Chinese Restaurant,4bf58dd8d48988d145941735,4cae5b4dc5e6a1cdd66cc4f6,47.045459066974736,-122.9409738951389
Papa Murphy's,Pizza Place,4bf58dd8d48988d1ca941735,4bef60cfc80dc928e4ea27e3,47.04468009094731,-122.94082070598974
Papa Murphy's,Pizza Place,4bf58dd8d48988d1ca941735,4b86a93df964a520d99431e3,46.998033,-122.914884
Denny's,Breakfast Spot,4bf58dd8d48988d143941735,5d49096ab2eb7b0008db9def,47.000263,-122.91445
Taqueria La Esquinita,Mexican Restaurant,4bf58dd8d48988d1c1941735,57915b6a498e68732ead64e0,46.902042,-123.01911
Teriyaki Delight,Japanese Restaurant,4bf58dd8d48988d111941735,4b7b2462f964a520ed532fe3,46.999246732449784,-122.91935792993107
Don Juan's Mexican Kitchen,Mexican Restaurant,4bf58dd8d48988d1c1941735,5868609e561ded113a7f6eee,47.046716,-122.958338
Pho Hoa,Noodle House,4bf58dd8d48988d1d1941735,4b60f872f964a5200a042ae3,47.0336744009877,-122.93603754177184
Dickey's Barbecue Pit,BBQ Joint,4bf58dd8d48988d1df931735,5036cb7de4b03e0136847178,47.03915513617488,-122.9401849912748
Pizza Hut,Restaurant,4bf58dd8d48988d1c4941735,5060dc07e4b0f6295ae62e8c,46.996494919362185,-122.92028164484503
Happy Teriyaki,Asian Restaurant,4bf58dd8d48988d142941735,4c5cbcf97f661b8d8f98491c,47.045003152403446,-122.9371377786894
Hot Iron Mongolian Grill,Mongolian Restaurant,4eb1d5724b900d56c88a45fe,4b899a8cf964a520704532e3,47.048378,-122.941577
Pad Thai Express,Thai Restaurant,4bf58dd8d48988d149941735,4c2159b711de20a1aa4283ce,47.047892249632184,-122.9419873732617
Herfy's Burgers,Burger Joint,4bf58dd8d48988d16c941735,4bfdce18e529c928348bbb8c,47.04797729234235,-122.9421824210834
Einstein Bros Bagels,Bagel Shop,4bf58dd8d48988d179941735,4cbd0b4ed78f46888dafcb73,47.07304106617812,-122.97529488801956
San Francisco Street Bakery,Bakery,4bf58dd8d48988d16a941735,4b4953a1f964a5207b6d26e3,47.05735601525213,-122.88514003558139
IHOP,Breakfast Spot,4bf58dd8d48988d143941735,4bbd1bbff57ba5937cb8adb9,47.04682830321211,-122.84568795984804
The Brick,Pizza Place,4bf58dd8d48988d1ca941735,4d117b346360a35deee18a88,46.99951679999999,-122.9177963
Chipotle Mexican Grill,Mexican Restaurant,4bf58dd8d48988d1c1941735,4db9de1e1e7251d53c6f33d7,47.04175820438967,-122.93446364146473
Ranch House BBQ,Restaurant,4bf58dd8d48988d1c4941735,4be47c8ed4f7c9b652382420,47.03227483679319,-123.11253813446886
Five Guys,Burger Joint,4bf58dd8d48988d16c941735,536c243d498e38b08bc4cc14,47.03681091400076,-122.93880782373496
Izzy's,Pizza Place,4bf58dd8d48988d1ca941735,4bd751560b779c740ae404a0,47.042126446363326,-122.84472765981567
Eastside Big Tom Drive-In,Burger Joint,4bf58dd8d48988d16c941735,4ba6905df964a520b45e39e3,47.0458026083039,-122.8719998514632
Vics Pizzeria,Pizza Place,4bf58dd8d48988d1ca941735,4b5cc33bf964a520d24229e3,47.046985,-122.9262161
Old School Pizzeria,Pizza Place,4bf58dd8d48988d1ca941735,4b6c8faff964a5203d432ce3,47.04548133037848,-122.89913410839272
King Solomon's Reef,Diner,4bf58dd8d48988d147941735,4c42c51bff711b8d880e1405,47.04524371899406,-122.89971719009242
Steamboat Annie's,Burger Joint,4bf58dd8d48988d16c941735,4b6ca28df964a52040482ce3,47.084277,-123.01588799999999
"Creekside Buffet, Little Creek Casino",American Restaurant,4bf58dd8d48988d14e941735,4c8fe71f5fdf6dcb21322c91,47.12920165845322,-123.10169997837916
Sushi House,Sushi Restaurant,4bf58dd8d48988d1d2941735,4c5cb46c94fd0f47088cc945,47.03004187534146,-122.94312335782301
Eagan's Drive-In,Burger Joint,4bf58dd8d48988d16c941735,4b400f8ff964a5200eb525e3,46.99079817263256,-122.9066055107057
Vics Pizzeria,Pizza Place,4bf58dd8d48988d1ca941735,52b26c85498e14bb44d25ec5,47.0237476,-122.8960894
Taco Time,Taco Place,4bf58dd8d48988d151941735,4b8eeefaf964a520923f33e3,47.041278221200876,-122.84661277942797
Taylor Station,American Restaurant,4bf58dd8d48988d14e941735,4c0d44587189c92828bed6b6,47.14226415114135,-123.09419336117568
Martin Way Diner,Restaurant,4bf58dd8d48988d1c4941735,4b061001f964a52024e822e3,47.04577829999999,-122.8668337
Ramirez Mexican Store,Mexican Restaurant,4bf58dd8d48988d1c1941735,4c3fc49d3735be9aa1f815a4,47.00204888001306,-122.91033081627619
The Lemon Grass Café,Thai Restaurant,4bf58dd8d48988d149941735,4c8a816da92fa0937df391bf,46.99618898181317,-122.90787627910476
Wagner's Bakery & Cafe,Bakery,4bf58dd8d48988d16a941735,4b5b3983f964a5207dec28e3,47.0394578,-122.9011491
Rush In Alaskan Dumplings,Russian Restaurant,5293a7563cf9994f4e043a44,574782ba38fa56ed28d6d1b7,47.044937,-122.900085
Red Robin Gourmet Burgers and Brews,Burger Joint,4bf58dd8d48988d16c941735,4bbb8cf8e436ef3b437b5564,47.04292079,-122.9396516
Medicine Creek Cafe,Breakfast Spot,4bf58dd8d48988d143941735,5b9580e804d1ae002ce62287,47.06659740922256,-122.72086779295563
Shari's Cafe and Pies,American Restaurant,4bf58dd8d48988d14e941735,4b080852f964a520990223e3,47.048354,-122.823632
McMenamins Spar Café,Restaurant,4bf58dd8d48988d1c4941735,4adc9ad8f964a520cd2d21e3,47.045142217691506,-122.90103564322202
Mercato Ristorante,Italian Restaurant,4bf58dd8d48988d110941735,4b7f5ce4f964a520122a30e3,47.05023627144891,-122.90161360271507
Brewery City Pizza,Pizza Place,4bf58dd8d48988d1ca941735,4b74ac7bf964a520a5eb2de3,47.04654437398159,-122.93532069178025
Casa Mia,Italian Restaurant,4bf58dd8d48988d110941735,4bf0b557f45ec928d52b943c,47.04870511179336,-122.82637663135982
I.talia,Pizza Place,4bf58dd8d48988d1ca941735,4b6a4ce4f964a5205bd12be3,47.04350063733628,-122.93364003273845
Hawks Prairie Restaurant & Sports Bar,American Restaurant,4bf58dd8d48988d14e941735,4bca90e80687ef3b5369dccc,47.06228466538881,-122.76379544639003
Brewery City Pizza,Pizza Place,4bf58dd8d48988d1ca941735,4bbfdf91461576b0fe6a7932,47.04783931952604,-122.8271210897203
Pattaya Thai Cuisine,Thai Restaurant,4bf58dd8d48988d149941735,4c658b23e1da1b8d427d98c3,47.06051624651692,-122.74176020768685
La Gitana Pizzeria,Pizza Place,4bf58dd8d48988d1ca941735,4e90c6978231d8feae27c86f,47.04364820924171,-122.9012846127239
Oly Rockfish Grill,New American Restaurant,4bf58dd8d48988d157941735,50841cf5e4b0be59d6c003c7,47.045553542339206,-122.89431693602515
Camp Critter Bar & Grille at Great Wolf Lodge,Burger Joint,4bf58dd8d48988d16c941735,4bf87963b182c9b6239a775a,46.7906800282618,-123.01066609156183
Sandstone Cafe,American Restaurant,4bf58dd8d48988d14e941735,4bdf0b78ffdec928df8aeaa1,46.856947,-122.85327
Jimmy's Thai Restaurant,Thai Restaurant,4bf58dd8d48988d149941735,4bda269463c5c9b61f012368,47.043154888993435,-122.84508428610141
Dirty Dave's Pizza Parlor,Restaurant,4bf58dd8d48988d1c4941735,4b9d6272f964a520a3a836e3,47.047712,-122.837038
SUBWAY,Sandwich Place,4bf58dd8d48988d1c5941735,50fafe27e4b0096f88c0f954,47.0607945454062,-122.74093485930706
Banh Mi Saigon 8,Sandwich Place,4bf58dd8d48988d1c5941735,5d2ba5c23fffb400257ead46,47.052711486816406,-122.78309631347656
SUBWAY,Sandwich Place,4bf58dd8d48988d1c5941735,542f1624498e6a226c7400b2,47.047608963443736,-122.83425815708426
Jimmy John's,Sandwich Place,4bf58dd8d48988d1c5941735,53178c1a498e1340b9409fe0,47.04896378787594,-122.82480517806685
Jersey Mike's Subs,Sandwich Place,4bf58dd8d48988d1c5941735,583683bb6431e579a863c688,47.047803,-122.832323
Meconi's Italian Subs,Sandwich Place,4bf58dd8d48988d1c5941735,517ec78ce4b03a15d40150df,47.069251440961644,-122.77181911100216
Firehouse Subs,Sandwich Place,4bf58dd8d48988d1c5941735,5738fb95498e4086d1130eeb,47.05649,-122.7688
SUBWAY,Sandwich Place,4bf58dd8d48988d1c5941735,4b9d9ae7f964a5200bb636e3,47.055687574761464,-122.76631544376676
SUBWAY,Sandwich Place,4bf58dd8d48988d1c5941735,4e4dddd0bd4101d0d79d1737,47.001362,-122.671471
Jersey Mike's Subs,Sandwich Place,4bf58dd8d48988d1c5941735,56b50c51498e9b6fd7a5a11c,47.059017,-122.766326
SUBWAY,Sandwich Place,4bf58dd8d48988d1c5941735,4e4dddcfbd4101d0d79d1721,47.047354999999996,-122.836053
SUBWAY,Sandwich Place,4bf58dd8d48988d1c5941735,4e4dddd0bd4101d0d79d1742,47.06046127496655,-122.7738099613943
SUBWAY,Sandwich Place,4bf58dd8d48988d1c5941735,4b900cc9f964a520777233e3,47.03927446848693,-122.82381541094003
SUBWAY,Sandwich Place,4bf58dd8d48988d1c5941735,513a9982e4b0cb85d7faabe6,47.050368,-122.813142
Ki's Subs,Sandwich Place,4bf58dd8d48988d1c5941735,4e4cdb45bd413c4cc66cb6d5,47.0435905456543,-122.83213806152344
SUBWAY,Sandwich Place,4bf58dd8d48988d1c5941735,4c37745f1e06d13a8cf8753e,46.99626776954981,-122.80707666499501
SUBWAY,Sandwich Place,4bf58dd8d48988d1c5941735,4b3fe5d2f964a5208cb125e3,46.99740537107127,-122.81998036818038
Quiznos,Sandwich Place,4bf58dd8d48988d1c5941735,4bf82f44b182c9b6630c775a,46.80032587883758,-123.01063616566465
SUBWAY,Sandwich Place,4bf58dd8d48988d1c5941735,4cec1d0a9f776ea8488a7122,46.85963688128892,-122.8452511859922
SUBWAY,Sandwich Place,4bf58dd8d48988d1c5941735,4e6e9dc51f6e11e747843b82,46.9951622,-122.9194839
State & Central,Burger Joint,4bf58dd8d48988d16c941735,59459ce2002f4c4e85db5ae3,47.046753,-122.88203999999999
SUBWAY,Sandwich Place,4bf58dd8d48988d1c5941735,4b20181ef964a5201f2d24e3,47.03890994066799,-122.94027211909565
Meconi's Italian Subs,Sandwich Place,4bf58dd8d48988d1c5941735,4b7ef707f964a520d60c30e3,46.98296279984131,-122.90445650587671
5th on 4th,Sandwich Place,4bf58dd8d48988d1c5941735,51631ac6e4b026a95ab328b8,47.04584785069038,-122.89007879140597
Meconi's Italian Subs,Sandwich Place,4bf58dd8d48988d1c5941735,4b280f33f964a520648e24e3,47.03913482085944,-122.90062076124988
Phoebe’s Pastry Cafe on Division,Bakery,4bf58dd8d48988d16a941735,5aa59915dd84420328ddfbd0,47.044626,-122.925756
The Honey Baked Ham Company,Sandwich Place,4bf58dd8d48988d1c5941735,4d825a780d5b8cfa2c9c5228,47.0452869,-122.938116
Cabrini's,Café,4bf58dd8d48988d16d941735,4ec82e8b0e6158baff6dd9fe,47.052722959593225,-122.84670750443651
SUBWAY,Sandwich Place,4bf58dd8d48988d1c5941735,4ba7d34df964a520b7b639e3,47.04231732942511,-122.84763448526746
The Bread Peddler,Bakery,4bf58dd8d48988d16a941735,4b2bf53cf964a5207bbe24e3,47.04626550209539,-122.90173202877503
SUBWAY,Sandwich Place,4bf58dd8d48988d1c5941735,4e346257fa7656ba3165a2bc,47.07907917593202,-123.02009465277865
SUBWAY,Sandwich Place,4bf58dd8d48988d1c5941735,4e4dddd4bd4101d0d79d17b3,47.142636825590586,-123.09411376537159
SUBWAY,Sandwich Place,4bf58dd8d48988d1c5941735,4bbe36c08ca376b0297ec77a,47.039087022551506,-122.90108089253096
SUBWAY,Sandwich Place,4bf58dd8d48988d1c5941735,4d77cd913915721eda230683,47.01786121297125,-122.89766618858732
Jimmy John's,Sandwich Place,4bf58dd8d48988d1c5941735,59655e732e268005676b1706,47.039411,-122.88990600000001
SUBWAY,Sandwich Place,4bf58dd8d48988d1c5941735,4b95a9a4f964a5205dae34e3,46.99814716951441,-122.90836601608771
SUBWAY,Sandwich Place,4bf58dd8d48988d1c5941735,4dee3ac6fa76b21ed995e0d9,47.039391142872326,-122.89105074541584
Jimmy John's,Sandwich Place,4bf58dd8d48988d1c5941735,540789ee498e5b3655a0229c,47.036858,-122.938776
Charleys Philly Steaks,Sandwich Place,4bf58dd8d48988d1c5941735,4bc8c9c6ab62d13ac70818d4,47.041868,-122.934832
SUBWAY,Sandwich Place,4bf58dd8d48988d1c5941735,4d4880cfea3f3704dba82b0a,47.045944112939225,-122.93107337919385
Cinnabon,Sandwich Place,4bf58dd8d48988d1c5941735,526aec8d498ea7e204dd828d,47.04108462,-122.9302412
SUBWAY,Sandwich Place,4bf58dd8d48988d1c5941735,4e4dddcdbd4101d0d79d16fd,47.04183044075983,-122.93475184125941
Wally's,Sandwich Place,4bf58dd8d48988d1c5941735,4baadbfbf964a520c98a3ae3,47.046480614370616,-122.9276740914087
Subway,Sandwich Place,4bf58dd8d48988d1c5941735,5e1361f9098c820008138c4c,47.046463,-122.874984
SUBWAY,Sandwich Place,4bf58dd8d48988d1c5941735,4c3fbb94520fa593351dc7ac,46.95345843908744,-122.93486466896229
The Lucky Lunch Box,Sandwich Place,4bf58dd8d48988d1c5941735,5334801a498e09107e4ee181,47.023677,-122.895925
SUBWAY,Sandwich Place,4bf58dd8d48988d1c5941735,4c5b14b667ac0f476653084c,46.99685836551087,-122.91891099538492
SUBWAY,Sandwich Place,4bf58dd8d48988d1c5941735,4bb656722f70c9b699428530,47.045915,-122.890327
Cinnabon,Sandwich Place,4bf58dd8d48988d1c5941735,59e9392704d1ae3faa437a20,46.95266,-122.93423
Georgio's Subs - Tumwater,Sandwich Place,4bf58dd8d48988d1c5941735,4ccb2356c9b84688f7f8b3c3,46.99663543701172,-122.91999816894531
Olive Garden,Italian Restaurant,4bf58dd8d48988d110941735,4b626c5df964a5200c472ae3,47.04019313495362,-122.93224227222836
Taylor's Shellfish Farms,Seafood Restaurant,4bf58dd8d48988d1ce941735,4b896fd1f964a5201d3632e3,47.14131546020508,-123.08845520019531
Budd Bay Cafe,Seafood Restaurant,4bf58dd8d48988d1ce941735,4af5baf5f964a52006fc21e3,47.04871724904472,-122.90397929185792
El Sarape 2,Mexican Restaurant,4bf58dd8d48988d1c1941735,4b454165f964a520310926e3,47.03868867,-122.93375217
Red Lobster,Seafood Restaurant,4bf58dd8d48988d1ce941735,4b4001d8f964a52017b425e3,47.048028,-122.82499
Anthony's Hearthfire Grill,American Restaurant,4bf58dd8d48988d14e941735,4b7e30b7f964a5209be52fe3,47.05856123123669,-122.90499207299987
The Oyster House,Seafood Restaurant,4bf58dd8d48988d1ce941735,549e0d77498ef340b34d4b2b,47.04487574101507,-122.90524879503846
Anthony's Homeport Of Olympia,Seafood Restaurant,4bf58dd8d48988d1ce941735,4b43dad4f964a52024ec25e3,47.05013957066141,-122.903957055364
Squaxin Island Seafood Bar,Seafood Restaurant,4bf58dd8d48988d1ce941735,4c7b06853badb1f798255454,47.12801323423566,-123.10125093049923
Seafood Restaurant,Seafood Restaurant,4bf58dd8d48988d1ce941735,5998b910a8eb6018cf331ad3,47.000586,-122.667582
Pellegrino's Italian Kitchen,Italian Restaurant,4bf58dd8d48988d110941735,4bbfd0fe461576b0824b7932,47.01622563854233,-122.89884736264206
Chelsea Farms Oyster Bar,Seafood Restaurant,4bf58dd8d48988d1ce941735,58a3c52c4988da3aad06b1b5,47.04642746508566,-122.90163159435511
Dockside Bistro,Restaurant,4bf58dd8d48988d1c4941735,4bc7873f6501c9b6a59a3e29,47.0483147,-122.9039729
Olympia Seafood Co.,Fish Market,4bf58dd8d48988d10e951735,4d8e3629ca75b60c9cf6f9a8,47.04786120506478,-122.90381385275623
Waterstreet Cafe & Bar,New American Restaurant,4bf58dd8d48988d157941735,4bf7284b5ec320a1548e86d3,47.042763579461344,-122.90373967791422
Happy Teriyaki #4,Japanese Restaurant,4bf58dd8d48988d111941735,4b53ceb4f964a520f6ab27e3,47.05534207913172,-122.76626110550207
Super Buffet,Chinese Restaurant,4bf58dd8d48988d145941735,4b74cf42f964a52033f32de3,47.0601582584284,-122.76796125300478
Plaza Jalisco,Mexican Restaurant,4bf58dd8d48988d1c1941735,4be3810ab02ec9b6acda4fc0,47.00049158906264,-122.90775262652014
Beau Legs Fish N Chips,Seafood Restaurant,4bf58dd8d48988d1ce941735,4bbd077ca8cf76b0474eb1fd,47.05931944457644,-122.75364839721033
Dingeys,Seafood Restaurant,4bf58dd8d48988d1ce941735,4c112b7f81e976b0215910eb,47.05052882097739,-122.90232291099804
Anthony's,Seafood Restaurant,4bf58dd8d48988d1ce941735,5436d3fc498e905e90a982fe,47.046573638916016,-122.89998626708984
7-Eleven,Convenience Store,4d954b0ea243a5684a65b473,50520449e4b005fd65a68298,47.05362,-122.7821718
Fred Meyer Fuel Center,Snack Place,4bf58dd8d48988d1c7941735,553c0ae2498e111b331deef7,46.99952002734454,-122.9134346573914
Spooner's Berry Stand,Snack Place,4bf58dd8d48988d1c7941735,4fd8c6e1e4b0dfef157a53c0,46.99847120895681,-122.84704927722308
7-Eleven,Convenience Store,4d954b0ea243a5684a65b473,4ecb5f42b8f7782ab7b4fece,46.9856552795691,-122.907916903499
Auntie Anne's,Snack Place,4bf58dd8d48988d1c7941735,51c07d43b5896d0c80c52e91,47.076127,-122.867488
Taco Time,Taco Place,4bf58dd8d48988d151941735,4b73906cf964a52021b42de3,46.99910479416481,-122.90787940980431
California Taco Truck,Food Truck,4bf58dd8d48988d1cb941735,4ae4c5dbf964a520039e21e3,47.04601182561119,-122.93173780795489
Johnson's Smokehouse and Sausage Company,Snack Place,4bf58dd8d48988d1c7941735,4c434cd4cc410f476f04ae61,46.96639328333333,-122.8321425
Jamba Juice,Snack Place,4bf58dd8d48988d1c7941735,4ba14432f964a52085a737e3,47.059497,-122.764109
Scott Lake Grocery,Snack Place,4bf58dd8d48988d1c7941735,4c6a0a718e7c0f472360e10f,46.9232177734375,-122.94313049316406
Wetzel's Pretzels,Snack Place,4bf58dd8d48988d1c7941735,4c3f9d11ff711b8d7e350f05,47.04233659421841,-122.93552736086883
SPSCC Campus Store,College Bookstore,4bf58dd8d48988d1b1941735,4d9206028e5a1456633a99c0,47.02230453491211,-122.93206787109375
LimeBerry,Snack Place,4bf58dd8d48988d1c7941735,4e7d1b81f7908518939833a2,47.05953375286004,-122.75250657846642
Spirit Island Snack Shop at Great Wolf Lodge,Snack Place,4bf58dd8d48988d1c7941735,4e23628dae6015b212b9ed8b,46.79033674652516,-123.00991823834238
Auntie Anne's Pretzels,Snack Place,4bf58dd8d48988d1c7941735,51e1ccaf498e26967b54faa5,47.060122797892056,-122.77326279709834
Fred Meyer Fuel Center,Snack Place,4bf58dd8d48988d1c7941735,59243e95f0b49078fed3f3c1,47.039515606414135,-122.83233167663735
Emperor's Palace,Chinese Restaurant,4bf58dd8d48988d145941735,4b9c9298f964a520de7036e3,47.05299729376904,-122.78101623378653
Panera Bread,Bakery,4bf58dd8d48988d16a941735,4d151d13401db60c0bd5dda4,47.039631948290406,-122.93363481760025
RAM Restaurant & Brewery,American Restaurant,4bf58dd8d48988d14e941735,4b40f051f964a520d3bd25e3,47.0621142839375,-122.7690388689869
Meconi's Italian Subs,Sandwich Place,4bf58dd8d48988d1c5941735,4b455c17f964a520540b26e3,47.03542850471213,-122.81193885272744
McNamara's Pub & Eatery,Gastropub,4bf58dd8d48988d155941735,4b9c5bbcf964a520756236e3,47.09164411444619,-122.64556699975431
Panera Bread,Bakery,4bf58dd8d48988d16a941735,4bc8c1ba12bdb71318f63c94,47.05909993157088,-122.76418403855723
Thai Garden,Thai Restaurant,4bf58dd8d48988d149941735,4b64a867f964a5202ac62ae3,47.0440319319015,-122.93595262490062
KOIBITO One Sushi&Teriyaki,Sushi Restaurant,4bf58dd8d48988d1d2941735,4b6e6b59f964a520c1bc2ce3,47.039185279057676,-122.83115743866605
Lemongrass,Thai Restaurant,4bf58dd8d48988d149941735,5109e974e4b03c0179b7701a,47.060782124130824,-122.76844042645428
Casa Mia Olympia,Italian Restaurant,4bf58dd8d48988d110941735,51e74a58ccda81c45f937535,47.04242323420797,-122.89195175128832
PhoMania,Vietnamese Restaurant,4bf58dd8d48988d14a941735,4b428e8ef964a52076d625e3,47.05409477911293,-122.77331836634008
Aya Sushi,Sushi Restaurant,4bf58dd8d48988d1d2941735,501355b8e4b0d93bf7bdc845,47.03445757879871,-122.93674369294955
Pho Vy,Vietnamese Restaurant,4bf58dd8d48988d14a941735,4b86d65bf964a520aaa031e3,47.04007545909481,-122.83421349576861
Mr. Doug's Family Restaurant,Diner,4bf58dd8d48988d147941735,4ba38e14f964a520eb4638e3,46.93768345805777,-122.59661564020216
Traditions Cafe & World Folk Art,Café,4bf58dd8d48988d16d941735,4bf0706b3a15d13a4b903e9f,47.04399661985925,-122.90429983665975
Sidewalk Cafe,Sandwich Place,4bf58dd8d48988d1c5941735,4bd737005cf276b0e0c89a00,47.049234000000006,-122.902543
Tea Leaf 2,Chinese Restaurant,4bf58dd8d48988d145941735,4bdb89dd2a3a0f47b0b2afb6,47.03752155684264,-122.82188328427598
Lemon Grass,Asian Restaurant,4bf58dd8d48988d142941735,4b708426f964a5204a1f2de3,47.044868089395706,-122.9036438346218
Enjoy Teriyaki & Wok,Asian Restaurant,4bf58dd8d48988d142941735,4bfd7a62bf6576b08756adb8,46.98387043802911,-122.90345367608158
Bangkok Thai,Thai Restaurant,4bf58dd8d48988d149941735,4bea0bb562c0c9280a79e0d4,47.04125596085041,-122.83193510877027
Bienvenue Cafe,Café,4bf58dd8d48988d16d941735,4c619ec079d1e21efd26d415,46.98264142827983,-122.92115137050098
Gardner's Restaurant,Italian Restaurant,4bf58dd8d48988d110941735,4b9b1b96f964a5205ef335e3,47.04725560026473,-122.90264146801594
Best Buffet,Chinese Restaurant,4bf58dd8d48988d145941735,4c58bb0cb8b3c9b697a387b6,46.99647,-122.920248
Pho 111 Vietnamese Restaurant,Vietnamese Restaurant,4bf58dd8d48988d14a941735,4ce822daf86537048f85aec4,47.05918530383195,-122.75419968257569
Pho 108,Soup Place,4bf58dd8d48988d1dd931735,560f4a11498edb1c6ed29a51,47.03727340698242,-122.80708312988281
Little Roni's Sandwich Shop,Sandwich Place,4bf58dd8d48988d1c5941735,4cb8f7a7c7228cfa18ad0cce,47.044864654541016,-122.89886474609375
Nammy's Vietnamese Deli & Bakery,Sandwich Place,4bf58dd8d48988d1c5941735,4c1955d7838020a1e994e561,47.043518428900555,-122.90146247026364
5th Avenue Sandwich Shop,Sandwich Place,4bf58dd8d48988d1c5941735,4b50cbfbf964a520f63227e3,47.043957511660516,-122.90062486278792
Broth Bar,Soup Place,4bf58dd8d48988d1dd931735,58f2dcdcfe374030a1af75f0,47.04640902332924,-122.90155935294024
Beau Legs @ The PlayPen,Southern / Soul Food Restaurant,4bf58dd8d48988d14f941735,509899ebe4b090d1a67173d6,47.04003190802818,-122.8385502492797
Southern Kitchen Restaurant,Southern / Soul Food Restaurant,4bf58dd8d48988d14f941735,4e4cd9a9bd413c4cc66caa4b,47.049301,-122.90232
Outback Steakhouse,Steakhouse,4bf58dd8d48988d1cc941735,4b91b4bff964a5206dd133e3,47.038996341522186,-122.93420585327823
Fujiyama Japanese Steak House,Steakhouse,4bf58dd8d48988d1cc941735,4c7b2bc297028cfab588e0fe,47.040503726428426,-122.93842840370776
Ricardo's Kitchen & Bar,Steakhouse,4bf58dd8d48988d1cc941735,581ab2ddd506b76766af0b09,47.041664,-122.82567
Diúc agus Bandiúc má steak agus feoil teach Derp ar,Steakhouse,4bf58dd8d48988d1cc941735,5816210838fada27f7dfdc86,47.034321848813995,-122.91437720571123
Ricardos,Steakhouse,4bf58dd8d48988d1cc941735,4c36c11304cbb713da23ee0d,47.03530115716399,-122.81293384120426
Keg Steakhouse and Bar,Steakhouse,4bf58dd8d48988d1cc941735,4f32b30619836c91c7f10fdd,47.04397201538086,-122.90113830566406
Red Robin Gourmet Burgers and Brews,Restaurant,4bf58dd8d48988d1c4941735,5178262ffe701b760f056578,47.05629127,-122.7687061
Tug Boat Annie's,Bar,4bf58dd8d48988d116941735,4c143d3982a3c9b63303fdf8,47.064637964611876,-122.91605773551946
Dutch Bros Coffee,Tea Room,4bf58dd8d48988d1dc931735,5c51d4f5ea1e44002c0c7725,46.80321066686961,-123.01256004106358
Braganza Tea,Tea Room,4bf58dd8d48988d1dc931735,51a16b90498e4b10721d279c,47.04159557474988,-122.93397338238356
Encore Chocolates and Teas,Tea Room,4bf58dd8d48988d1dc931735,52acf0b9498e316da33c4e63,47.044319,-122.901
Rediviva Tea & Coffee,Tea Room,4bf58dd8d48988d1dc931735,5da26a3617b1a600082230d9,47.044368743896484,-122.90081024169922
Nonna Rosa Cafe,Tea Room,4bf58dd8d48988d1dc931735,4dc5d8b1fa76d685cdec5f7c,47.044368743896484,-122.90081024169922
Shen Zen Tea,Tea Room,4bf58dd8d48988d1dc931735,55ce6c0d498e5feccef77408,47.0418918726173,-122.93503491529661
Tea Lady,Tea Room,4bf58dd8d48988d1dc931735,4ae4c9c0f964a5202a9e21e3,47.023677,-122.895925
Olympia artisian well,Tea Room,4bf58dd8d48988d1dc931735,5296e23911d24998d4f7eabe,47.04491424560547,-122.89705657958984
Tea Rations,Tea Room,4bf58dd8d48988d1dc931735,561bde41498e26fd082d5e8f,47.06256103515625,-122.7410888671875
Mediterranean Breeze Restaurant/Bar,Turkish Restaurant,4f04af1f2fb6e1c99f3db0bb,55d7bbea498e286580993487,47.046391,-122.929708
Cascadia Grill,American Restaurant,4bf58dd8d48988d14e941735,4c017d4eb0702d7f8f5d6378,47.044840435037656,-122.90310084272653
The Park Side Cafe,Vegetarian / Vegan Restaurant,4bf58dd8d48988d1d3941735,5d4746e8817bdf0007bb51ce,47.04573059082031,-122.92518615722656
Quality Burrito,Vegetarian / Vegan Restaurant,4bf58dd8d48988d1d3941735,4ab695dcf964a520fd7720e3,47.04502692570554,-122.8996909520644
The Wayside Cafe & Deli,Vegetarian / Vegan Restaurant,4bf58dd8d48988d1d3941735,5b52a900dee770002c8135a8,47.042945,-122.901876
Le Voyeur,Vegetarian / Vegan Restaurant,4bf58dd8d48988d1d3941735,4b63b2aff964a520bd8c2ae3,47.045329270597094,-122.89767646505307
Seed & Bloom,Vegetarian / Vegan Restaurant,4bf58dd8d48988d1d3941735,5da508d4e3c50d0008e27b64,47.04397201538086,-122.90113830566406
Freshii,Vegetarian / Vegan Restaurant,4bf58dd8d48988d1d3941735,5c292f700e5da80039dde208,47.03546905517578,-122.93804931640625
The Mark,Italian Restaurant,4bf58dd8d48988d110941735,4b36eae4f964a5202e3e25e3,47.04445696165354,-122.9029774970388
Olympia Hot Dog Company,Vegetarian / Vegan Restaurant,4bf58dd8d48988d1d3941735,4abb2aa2f964a5209d8320e3,47.045125412738734,-122.89865980915158
Junction Sports Bar & Grill.,Bar,4bf58dd8d48988d116941735,4dbf5d18a86e2f4250aa306f,46.78304346333544,-123.01048987955949
Buffalo Wild Wings,Wings Joint,4bf58dd8d48988d14c941735,514ca139b0b9ef48f308cfca,47.03286187329637,-122.93979853391642
Farrelli's Wood Fire Pizza,Pizza Place,4bf58dd8d48988d1ca941735,4b316e5ef964a520da0625e3,46.996685902241204,-122.81997023325141
Applebee's Grill + Bar,American Restaurant,4bf58dd8d48988d14e941735,4b650a9ff964a5200de12ae3,47.04419109,-122.8340601
Infernos Brick Oven Pizza,Pizza Place,4bf58dd8d48988d1ca941735,4c3a16e318e72d7f15531bf5,46.98316505200211,-122.90486996769188
Iron Rabbit,American Restaurant,4bf58dd8d48988d14e941735,4b47e5faf964a5203d4326e3,47.04577219331243,-122.9274447928811
Bruceski's Buffalo Wings and Pizza,Wings Joint,4bf58dd8d48988d14c941735,4b313647f964a520c00225e3,47.093488,-122.6433
Infernos Brick Oven Pizza,Pizza Place,4bf58dd8d48988d1ca941735,4de3f24b8877bcb686682691,47.059423571500396,-122.75276793738101
Little Caesars Pizza,Pizza Place,4bf58dd8d48988d1ca941735,505bda26e4b07c5bd19ff287,47.034694,-122.93633
