name,category,category_id,venue_id,lat,long
Applebee's Grill + Bar,American Restaurant,4bf58dd8d48988d14e941735,4b53c410f964a520bdaa27e3,47.04013834,-122.9331446
Rudy's Shellfish,American Restaurant,4bf58dd8d48988d14e941735,5c304fd858002c002cd3b5e2,47.2191936,-123.1212159
Curbside Spot,American Restaurant,4bf58dd8d48988d14e941735,50cb96bde4b044fa4a51b5c0,47.04497528076172,-122.8984146118164
702 Grill,American Restaurant,4bf58dd8d48988d14e941735,5e9a7a2391cf4b0008b86cf5,47.045567,-122.894081
Nita's Koffee Shop,American Restaurant,4bf58dd8d48988d14e941735,4d2cc3aaf728b60c3e1195fd,47.212847,-123.10332700000001
Bamboo Restaurant,Asian Restaurant,4bf58dd8d48988d142941735,4bf2e3df706e20a1f59aa798,47.045382000000004,-122.901095
Panda Express,Chinese Restaurant,4bf58dd8d48988d145941735,4babce43f964a5201fcb3ae3,47.04212323773423,-122.93402243540726
Emperor's Palace Restaurant,Chinese Restaurant,4bf58dd8d48988d145941735,4cae5b4dc5e6a1cdd66cc4f6,47.045459066974736,-122.9409738951389
Happy Garden,Chinese Restaurant,4bf58dd8d48988d145941735,4c1bccd2b4e62d7ffaffd993,47.213414,-123.09976999999999
Land and sea Buffet,Chinese Restaurant,4bf58dd8d48988d145941735,4efd27610aaffcf6f1e61846,47.042410768913655,-122.93553123487465
China Clipper Club Cafe,Chinese Restaurant,4bf58dd8d48988d145941735,4b0f8014f964a520c16223e3,47.045420596626116,-122.89780597842443
Royal Shanghai,Chinese Restaurant,4bf58dd8d48988d145941735,4c706014fa49a1cd6402a6e3,47.226687,-123.12631499999999
Kobe Teriyaki,Japanese Restaurant,4bf58dd8d48988d111941735,4da628861e722893cd1ab554,47.216273,-123.10004199999999
Miako Teriyaki,Japanese Restaurant,4bf58dd8d48988d111941735,4c14c9431b5cef3bc12ceec4,47.230554,-123.122439
Teriyaki Japan,Japanese Restaurant,4bf58dd8d48988d111941735,4e14ae0d1f6e33e7180cfdc4,47.042079,-122.933971
Koibito Sea World Japanese Restaurant,Japanese Restaurant,4bf58dd8d48988d111941735,4e4cd34fbd413c4cc66c76a7,47.04033660888672,-122.90027618408203
Samurai Japan,Japanese Restaurant,4bf58dd8d48988d111941735,4c6f0fee9375a0933adb0237,47.04225233,-122.934087
Miako Teriyaki 5,Japanese Restaurant,4bf58dd8d48988d111941735,4f32476919836c91c7c7fe24,47.231201171875,-123.12432098388672
Niko Teriyaki,Japanese Restaurant,4bf58dd8d48988d111941735,4c9bae9046978cfa273a877f,47.03419876098633,-122.93575286865234
Kizuki Ramen & Izakaya,Asian Restaurant,4bf58dd8d48988d142941735,577c06f0498edc55775f4b80,47.044119,-122.9026465
SOBA,Asian Restaurant,4bf58dd8d48988d142941735,4fe4c916e4b033733892ea54,47.050582789985526,-122.9025018215511
Sushi House,Sushi Restaurant,4bf58dd8d48988d1d2941735,4c5cb46c94fd0f47088cc945,47.03004187534146,-122.94312335782301
Fuji Teriyaki,Sushi Restaurant,4bf58dd8d48988d1d2941735,4b763027f964a52065422ee3,47.04611833634312,-122.8931097786093
Happy Teriyaki,Chinese Restaurant,4bf58dd8d48988d145941735,4df7ba2562847ff5f679a88b,47.230028000000004,-123.12711100000001
Aya Sushi,Sushi Restaurant,4bf58dd8d48988d1d2941735,501355b8e4b0d93bf7bdc845,47.03445757879871,-122.93674369294955
Hotstone,Korean Restaurant,4bf58dd8d48988d113941735,56d751bd498ecdce6418441b,47.043835,-122.902486
Hot Iron Mongolian Grill,Mongolian Restaurant,4eb1d5724b900d56c88a45fe,4b899a8cf964a520704532e3,47.048378,-122.941577
Sushi Haru,Restaurant,4bf58dd8d48988d1c4941735,5674f1c3498ea34897394513,47.04858975776473,-122.94160366058348
Chopsticks Noodle House,Asian Restaurant,4bf58dd8d48988d142941735,4b60da47f964a520b9fd29e3,47.0438807982897,-122.90250647729285
Thai Garden,Thai Restaurant,4bf58dd8d48988d149941735,4b64a867f964a5202ac62ae3,47.0440319319015,-122.93595262490062
Narai Asian Cuisine,Thai Restaurant,4bf58dd8d48988d149941735,4b1c27bdf964a520360324e3,47.045191735216854,-122.89833112209071
Lemon Grass,Asian Restaurant,4bf58dd8d48988d142941735,4b708426f964a5204a1f2de3,47.044868089395706,-122.9036438346218
Mekong,Thai Restaurant,4bf58dd8d48988d149941735,4b89e5cef964a520be5432e3,47.04554860866028,-122.9030759047168
Somsiri Thai,Thai Restaurant,4bf58dd8d48988d149941735,5ac4413b3abcaf5d8ee01440,47.213466,-123.10509
Thai Pavilion,Thai Restaurant,4bf58dd8d48988d149941735,4b82f68df964a520baef30e3,47.044862,-122.89858100000001
Pad Thai Express,Thai Restaurant,4bf58dd8d48988d149941735,4c2159b711de20a1aa4283ce,47.047892249632184,-122.9419873732617
Basil Leaf,Thai Restaurant,4bf58dd8d48988d149941735,4dfbfd4fb0fb84d7acded244,47.046957,-122.926231
Olympia Thai Cuisine,Thai Restaurant,4bf58dd8d48988d149941735,4bc7bd99af07a5934edb7f2d,47.04656219482422,-122.9262924194336
Pattaya Thai Cuisine,Thai Restaurant,4bf58dd8d48988d149941735,515c914be4b02a98659706a9,47.04527282714844,-122.898193359375
Jade Harbor,Thai Restaurant,4bf58dd8d48988d149941735,54f23dd7498e2cd9fd4d01d9,47.045213,-122.898385
Thai Way,Thai Restaurant,4bf58dd8d48988d149941735,4c3cf64b980320a1446b8be4,47.0420610490842,-122.93383767496502
Capitol Pho Market,Vietnamese Restaurant,4bf58dd8d48988d14a941735,4b6c7bf4f964a520d93d2ce3,47.0460499216301,-122.93238542113505
Pho Hoa,Vietnamese Restaurant,4bf58dd8d48988d14a941735,4b60f872f964a5200a042ae3,47.0336744009877,-122.93603754177184
Far East,Thai Restaurant,4bf58dd8d48988d149941735,4b899802f964a520a54432e3,47.04484328436654,-122.9038229799933
The Nom Nom Deli,Vietnamese Restaurant,4bf58dd8d48988d14a941735,552873a6498e1e866280d367,47.043605,-122.901645
Da Nang,Vietnamese Restaurant,4bf58dd8d48988d14a941735,58642f18ca1070180d7349ef,47.045209,-122.900861
Little Da Nang,Vietnamese Restaurant,4bf58dd8d48988d14a941735,4b3e9793f964a5206e9f25e3,47.04455942436658,-122.90437192701931
Pho Lynn Vietnamese Restaurant,Vietnamese Restaurant,4bf58dd8d48988d14a941735,5eafcbd07b2a5100070c08c9,47.0338021,-122.9358323
Outback Steakhouse,Australian Restaurant,4bf58dd8d48988d169941735,52f65bfb38b182419b7f0264,47.1043,-123.0552
Dickey's Barbecue Pit,BBQ Joint,4bf58dd8d48988d1df931735,5036cb7de4b03e0136847178,47.03915513617488,-122.9401849912748
Flaming Pig BBQ Food Truck,BBQ Joint,4bf58dd8d48988d1df931735,578a6808498e335f8fad70fe,47.042341,-122.893254
Haggen Northwest Fresh,Supermarket,52f2ab2ebcbc57f1066b8b46,4b286f24f964a520599324e3,47.033982135349085,-122.94117990200903
Wagner's Market Place Bakery,Bakery,4bf58dd8d48988d16a941735,503001a1e4b0beacbe7da352,47.050671,-122.902565
The Sweet Niche,Bakery,4bf58dd8d48988d16a941735,554517af498e731178df6728,47.04473114013672,-122.89894104003906
Mom's Baked Goods,Bakery,4bf58dd8d48988d16a941735,53712d94498ef02d353b946c,47.045796,-122.89054499999999
Greenery,College Cafeteria,4bf58dd8d48988d1a1941735,4d55f1f8143ca093ad71b5fc,47.07353173449179,-122.97608639585613
Rain Country Restaurant,American Restaurant,4bf58dd8d48988d14e941735,4c66dd0cb80abe9a1b3acee5,47.055855,-123.266499
"Creekside Buffet, Little Creek Casino",American Restaurant,4bf58dd8d48988d14e941735,4c8fe71f5fdf6dcb21322c91,47.12920165845322,-123.10169997837916
Taylor Station,American Restaurant,4bf58dd8d48988d14e941735,4c0d44587189c92828bed6b6,47.14226415114135,-123.09419336117568
Kamilche Cafe,Internet Cafe,4bf58dd8d48988d1f0941735,4ebb0cd1d3e31a8e6151e123,47.12981558220202,-123.09783873717497
Squaxin Island Grille,American Restaurant,4bf58dd8d48988d14e941735,4c2630e6136d20a1c6d5e461,47.128174572730934,-123.10134668610273
Lake Limerick Country Club,American Restaurant,4bf58dd8d48988d14e941735,4c2a2cc2fe6e2d7feefc553c,47.28386306762695,-123.05073547363281
Suzan's Grill,American Restaurant,4bf58dd8d48988d14e941735,4c28fe9b3492a593fb3eb828,47.221574,-123.120297
Happy Teriyaki,Asian Restaurant,4bf58dd8d48988d142941735,4c5cbcf97f661b8d8f98491c,47.045003152403446,-122.9371377786894
Happy Teriyaki,Asian Restaurant,4bf58dd8d48988d142941735,4b575bb4f964a520663328e3,47.0430785163196,-122.90114152402988
Soho Teriyaki #3,Japanese Restaurant,4bf58dd8d48988d111941735,4e4cdfeebd413c4cc66cde11,47.038897999999996,-122.940247
Buzz's Tavern,Bar,4bf58dd8d48988d116941735,4b8b74e9f964a520f69f32e3,47.046715679569886,-122.98816753756827
Cooper Point Public House,American Restaurant,4bf58dd8d48988d14e941735,52e13ba211d2a2e76233b4db,47.047288258717494,-122.93981314808505
IHOP,Breakfast Spot,4bf58dd8d48988d143941735,4c1a3627834e2d7fc3802b80,47.03522858930917,-122.93706557581692
Steamboat Annie's,Burger Joint,4bf58dd8d48988d16c941735,4b6ca28df964a52040482ce3,47.084277,-123.01588799999999
Burger Stand,Burger Joint,4bf58dd8d48988d16c941735,4f44c93719836ed001967c7a,47.40666961669922,-123.14105987548828
The Ritz Burgers,Burger Joint,4bf58dd8d48988d16c941735,4bf82a6d5317a5935f53ff7e,47.210307,-123.10084099999999
Smoking Mo's,BBQ Joint,4bf58dd8d48988d1df931735,5231120104938fcb89df6f24,47.21285711217959,-123.10155527734199
Bears Den,Burger Joint,4bf58dd8d48988d16c941735,4d39e98097e0a1cd26b4683e,47.05540025,-123.2681971
Herfy's Burgers,Burger Joint,4bf58dd8d48988d16c941735,4bfdce18e529c928348bbb8c,47.04797729234235,-122.9421824210834
Oly Burgers,Burger Joint,4bf58dd8d48988d16c941735,4c185670834e2d7f72ce2880,47.02961856329743,-122.92608232918691
College Activities Building (CAB),Student Center,4bf58dd8d48988d1ab941735,4d52d7dc7ee1a35dab779e34,47.07353110534388,-122.97616896216118
Einstein Bros Bagels,Café,4bf58dd8d48988d16d941735,4cbd0b4ed78f46888dafcb73,47.07304106617812,-122.97529488801956
Dancing Goats Espresso Bar,Café,4bf58dd8d48988d16d941735,4b7c6b94f964a5203c922fe3,47.05003634694587,-122.9021185738993
Bits,Café,4bf58dd8d48988d16d941735,5ce95b740e3239002b62f2ca,47.052696,-122.918657
Schwartz’s,Café,4bf58dd8d48988d16d941735,5d2b9b76bbb9f2002f6e04c0,47.045382000000004,-122.901095
Java Flow,Café,4bf58dd8d48988d16d941735,4bae21b1f964a5200f883be3,47.046037,-122.90092299999999
Twisters Cafe & Espresso,Café,4bf58dd8d48988d16d941735,4bce40a7b6c49c74ece69691,47.043487548828125,-122.89360809326172
Capital Daily Grind,Café,4bf58dd8d48988d16d941735,52a771f8498ea8d70d1fd8ed,47.043271538339006,-122.95066149052438
Olympic mountain ice cream,Café,4bf58dd8d48988d16d941735,51fece09498e3e2d76d39731,47.04916763305664,-122.90289306640625
Heyday Cafe,Café,4bf58dd8d48988d16d941735,4e5167bd62e14b77e3b7c026,47.05055236816406,-122.90241241455078
Cafe Love,Café,4bf58dd8d48988d16d941735,502aabc8e4b085356ac0c2d6,47.044763,-122.90014099999999
Play Day Cafe,Café,4bf58dd8d48988d16d941735,5ab586885c68381e147d2a23,47.047985,-122.896706
The Cornerstone,Café,4bf58dd8d48988d16d941735,4e62aee0483bd9a974725305,47.044864654541016,-122.89886474609375
Oly Bean,Café,4bf58dd8d48988d16d941735,4ccdb77154f0b1f7a04a1eca,47.03933117629669,-122.93346607554403
The Blend Café (New Caledonia Building),Café,4bf58dd8d48988d16d941735,51ddc2ed498e3ea0d905aab1,47.044368743896484,-122.90081024169922
Bomb Fire & Ice LLC,Café,4bf58dd8d48988d16d941735,5e73c019c7fa2b000861e427,47.244459,-123.1384041
A2 Cajun Cafe,Cajun / Creole Restaurant,4bf58dd8d48988d17a941735,4b107770f964a520177123e3,47.045419,-122.897632
Girls Cafe,Café,4bf58dd8d48988d16d941735,53396405498e0f514e932548,47.40928649902344,-123.18498992919922
bean bag,Café,4bf58dd8d48988d16d941735,5672df2f498e9267b157935b,47.055767,-123.268298
Steph's Expresso,Café,4bf58dd8d48988d16d941735,4c06dbaa0e0a2d7fdd7eec0c,47.224510192871094,-123.12201690673828
Sunny Day Espresso,Café,4bf58dd8d48988d16d941735,4ca75bfd931bb60c635e9ce2,47.24818420410156,-123.04358673095703
The Ridge Cafe,Café,4bf58dd8d48988d16d941735,57013c7f498ecec7dbcd542d,47.2537,-123.196472
"The Magnet - Breakfast, Brunch & Lunch",Comfort Food Restaurant,52e81612bcbc57f1066b7a00,593d91c40457b735c955b292,47.04316,-122.898463
The Eastside Club Tavern,Beer Garden,4bf58dd8d48988d117941735,4aa345f6f964a520cd4320e3,47.04545588492133,-122.89752052739648
IGA Market,Deli / Bodega,4bf58dd8d48988d146941735,4bd44ed241b9ef3bc9b301e6,47.404384316571054,-123.14202498751811
South Bay Market & Deli,Deli / Bodega,4bf58dd8d48988d146941735,4cb264da75ebb60c83c8d4ad,47.081144,-122.846006
matlock store,Convenience Store,4d954b0ea243a5684a65b473,4fc65b43e4b005fcba72c95b,47.23846304218305,-123.40735346661533
Taylor Ray’s Cafe,Deli / Bodega,4bf58dd8d48988d146941735,5af34d45947c05002c1088c9,47.035752,-122.905032
Rockin' Chocolate,Deli / Bodega,4bf58dd8d48988d146941735,523238a811d2ca05ed91c2a8,47.212399,-123.100312
Walmart Bakery,Deli / Bodega,4bf58dd8d48988d146941735,5992cb95aa6c95730e61c164,47.23121,-123.12795
Cost Plus World Market,Furniture / Home Store,4bf58dd8d48988d1f8941735,4b6b8633f964a520eb0d2ce3,47.04413672249821,-122.93193716931154
Blue Heron Bakery,Bakery,4bf58dd8d48988d16a941735,57dc0bddcd10fabfa4772927,47.046438,-122.95804
Blue Heron Bakery,Bakery,4bf58dd8d48988d16a941735,4b94036bf964a5204a6134e3,47.046061,-122.986705
Rivertooth Beer and Wine Shop,Gourmet Shop,4bf58dd8d48988d1f5941735,4e61374be4cdf1e2bec47d93,47.210614,-123.10072
Olympia Olive Oil Company,Gourmet Shop,4bf58dd8d48988d1f5941735,4f507135e5e8ef2c186feae3,47.044862,-122.89858100000001
Little Creek Casino Resort  - Espresso,Café,4bf58dd8d48988d16d941735,537f6b9c498e77bc15e908c9,47.127910092426674,-123.10196389745333
Gotti Sweets,Bakery,4bf58dd8d48988d16a941735,572e6525498e524149486d7f,47.043594,-122.89564
Sugar Cakes,Cupcake Shop,4bf58dd8d48988d1bc941735,5a794a00a35dce2b9bd1e1c8,47.214264,-123.10908
Mystical Cupcakes,Bakery,4bf58dd8d48988d16a941735,52dc2035498eda9393d7478d,47.050051,-122.901742
Circus house,Cupcake Shop,4bf58dd8d48988d1bc941735,4c46a6e731e41b8daa724a35,47.218757000000004,-123.111326
Miss Moffett's Mystical Cupcakes,Cupcake Shop,4bf58dd8d48988d1bc941735,53b85dde498e9ba407e659c8,47.0417934682177,-122.93343061436349
Abby's Cookies and Cupcakes,Bakery,4bf58dd8d48988d16a941735,50ca5172e4b0212e76335db6,47.045698,-122.893454
Menchie's,Frozen Yogurt Shop,512e7cae91d4cbb4e5efe0af,50c0003ae4b0b9f40414b545,47.0415322362911,-122.93415130887266
Olympic Bakery & Deli,Bakery,4bf58dd8d48988d16a941735,4b92c45bf964a520d11934e3,47.276139,-122.96083700000001
Hoodsport Burger,Burger Joint,4bf58dd8d48988d16c941735,4bc245004cdfc9b672e29521,47.40660214791978,-123.14076799151492
The Painted Plate,Ice Cream Shop,4bf58dd8d48988d1c9941735,4bad00cff964a5205b233be3,47.04453477382173,-122.90036969942382
Baskin-Robbins,Ice Cream Shop,4bf58dd8d48988d1c9941735,4b889b35f964a520fc0332e3,47.0474253,-122.9396537
Sofie's Scoops,Ice Cream Shop,4bf58dd8d48988d1c9941735,586426cf9526bc19716a3fb0,47.046444,-122.901735
Hawley's Coffee & Gelato,Ice Cream Shop,4bf58dd8d48988d1c9941735,584cca9323188e1e7aaf56c4,47.0437,-122.90033
Grandpa's Ice Cream Parlor,Ice Cream Shop,4bf58dd8d48988d1c9941735,4ff740eee4b0cfb36fa59d6d,47.04482424402783,-122.90335536522912
Limeberry,Ice Cream Shop,4bf58dd8d48988d1c9941735,50a7ec7fe4b05dd8c2ff68d8,47.034581169044046,-122.93648615843672
Left Bank Pastry,Bakery,4bf58dd8d48988d16a941735,59ac324ffd9d73363039dbcf,47.04545974731445,-122.88968658447266
Phoebe's Pastry Cafe,Bakery,4bf58dd8d48988d16a941735,5173010be4b0205102b3c77f,47.031936,-122.93458400000002
Shipwreck Cafe,Diner,4bf58dd8d48988d147941735,4aecac20f964a5202bca21e3,47.048045694600496,-122.9935476914206
Sisters Restaurant,Diner,4bf58dd8d48988d147941735,529aa68a498e26ef60af3347,47.21299072409551,-123.10028635281431
New Moon Cafe,Diner,4bf58dd8d48988d147941735,4b23e27cf964a520115c24e3,47.044741104309566,-122.90242514391849
Blondie's,American Restaurant,4bf58dd8d48988d14e941735,4b76e2c9f964a5203e672ee3,47.21359832742751,-123.10640417279653
America's Diner,Diner,4bf58dd8d48988d147941735,4b4709d5f964a520c02a26e3,47.032876,-122.939773
Doos Donuts,Donut Shop,4bf58dd8d48988d148941735,557b0aff498e7fdd3be86866,47.045744,-122.922145
Hash,Breakfast Spot,4bf58dd8d48988d143941735,5aecadd18cdedf00251bdd0d,47.045735,-122.924481
The Gyros Spot,Falafel Restaurant,4bf58dd8d48988d10b941735,4c3cbd034bc9a5934516d371,47.045733,-122.93069399999999
The Office Tavern,Bar,4bf58dd8d48988d116941735,4b4a389ff964a520627f26e3,47.02572643827998,-122.92814508521938
Rooster's Restaurant,Burger Joint,4bf58dd8d48988d16c941735,4bdde44c6198c9b6401912ff,47.229618309286685,-123.12698460724064
Ben Moore's,Pub,4bf58dd8d48988d11b941735,4b6e6910f964a52052bc2ce3,47.045152,-122.90225
Swing Wine Bar,Wine Bar,4bf58dd8d48988d123941735,4b529528f964a5200d8327e3,47.04064423701478,-122.90257189039
Olympia Farmers Market,Farmers Market,4bf58dd8d48988d1fa941735,4b1c131ef964a520b90124e3,47.05049044407332,-122.90256630263357
Nineveh Assyrian,Food Truck,4bf58dd8d48988d1cb941735,4e7e53ca7ee6d5864118d421,47.045563433065404,-122.89310795929057
Eddie's Chicken Fingers,Food Truck,4bf58dd8d48988d1cb941735,5681dbc8498e3605c6642b31,47.21456,-123.104134
Egg Rollin',Food Truck,4bf58dd8d48988d1cb941735,51843fd2498ea9a76ad56546,47.14586201826792,-123.09381956628269
Akashic,Food Truck,4bf58dd8d48988d1cb941735,58227cd2ccba3422ffa2c3f9,47.04572195527218,-122.8933412565157
Kiwani International Roast Beef,Food Truck,4bf58dd8d48988d1cb941735,5787f028498ee50b0332141d,47.04683164181659,-122.90320883934834
Tamale Fusion,Food Truck,4bf58dd8d48988d1cb941735,51e586db498e7d226adaac4d,47.04186709700757,-122.8939600872565
Barb's BBQ,Food Truck,4bf58dd8d48988d1cb941735,4e010f4fd22db37fb0271189,47.046587,-122.897613
Boom Boom Tacos,Food Truck,4bf58dd8d48988d1cb941735,5595d2d3498e977a1cc85496,47.036922454833984,-122.93495178222656
Wagner's Bakery & Cafe,Bakery,4bf58dd8d48988d16a941735,4b5b3983f964a5207dec28e3,47.0394578,-122.9011491
La Petite Maison,French Restaurant,4bf58dd8d48988d10c941735,4e310a7552b1833d96e898c2,47.04484908860632,-122.92624961035172
Jack in the Box,Fried Chicken Joint,4d4ae6fc7a7b7dea34424761,4b460e0af964a520161526e3,47.04416861518535,-122.89219871163368
Sonic Drive-In,Fried Chicken Joint,4d4ae6fc7a7b7dea34424761,5865db726cea3f1bba853acb,47.0359205,-122.9408889
Jack in the Box,Fried Chicken Joint,4d4ae6fc7a7b7dea34424761,4bf5f7725e800f4770a9e6d4,47.229067590174225,-123.12633007764816
Saigon Rendez-Vous,Asian Restaurant,4bf58dd8d48988d142941735,4b8c2eb3f964a520b4c232e3,47.043765,-122.902166
The Girls Cafe,Gastropub,4bf58dd8d48988d155941735,4c3a115393db0f47587c2492,47.40924849250657,-123.18499173604273
The Austin Embassy,Gastropub,4bf58dd8d48988d155941735,59750c848d0a530ce9475939,47.048908000000004,-122.94916299999998
Fish Tale Brew Pub,Brewery,50327c8591d4c4b30a586d5d,4aa0bb84f964a520504020e3,47.04376915276174,-122.89670143294686
Bavarian Pro Wash,Home Service,545419b1498ea6ccd0202f58,5d72c4001b27a50008faaafd,47.253639221191406,-123.11602020263672
The Gyro Spot,Greek Restaurant,4bf58dd8d48988d10e941735,4b63ef18f964a520b3972ae3,47.0451319781796,-122.89841579818308
Pithos Gyros,Greek Restaurant,4bf58dd8d48988d10e941735,51608e88e4b00fb7bf6f26fc,47.050572,-122.902966
Koibito,Japanese Restaurant,4bf58dd8d48988d111941735,4b666f38f964a5204b212be3,47.045800627271696,-122.92295470248182
Great Cuisine of India,Indian Restaurant,4bf58dd8d48988d10f941735,4b08bd46f964a520ab1123e3,47.04498484670475,-122.90262117269872
Curry In A Hurry,Indian Restaurant,4bf58dd8d48988d10f941735,4da0b2c29935a093575a8f6f,47.050540325651184,-122.90226592546483
Union Square Deli,Deli / Bodega,4bf58dd8d48988d146941735,4bc512cc6c26b713bce3eaf3,47.3463994,-123.0777051
Cafe Au'Lait Espresso,Café,4bf58dd8d48988d16d941735,4c681e271c91a593fc2cef07,47.04425388632087,-122.935967860252
Basilico Ristorante,Italian Restaurant,4bf58dd8d48988d110941735,4c3d23d07c1ee21eeb9f8d71,47.04379900004376,-122.90158159552847
Zoe Juice Bar,Juice Bar,4bf58dd8d48988d112941735,5a751eca2a7ab621d800e603,47.034305572509766,-122.93580627441406
Arepa,Latin American Restaurant,4bf58dd8d48988d1be941735,52d4567b498eec449ae5ae07,47.04569728413089,-122.89354951466413
El Guanaco,Latin American Restaurant,4bf58dd8d48988d1be941735,4b96a4e3f964a52008db34e3,47.044075,-122.904306
Chica's,Latin American Restaurant,4bf58dd8d48988d1be941735,4bf73485508c0f47c9643d31,47.0389187335968,-122.90203034877777
Chica's Cafe,Latin American Restaurant,4bf58dd8d48988d1be941735,4e4cd9a7bd413c4cc66caa3a,47.04302978515625,-122.90185546875
MIJAS Transitional Restaurant,Latin American Restaurant,4bf58dd8d48988d1be941735,4c9553af0341370485e77aef,47.042532,-122.90173300000001
Ranch House BBQ,BBQ Joint,4bf58dd8d48988d1df931735,4be47c8ed4f7c9b652382420,47.03227483679319,-123.11253813446886
King Solomon's Reef,Diner,4bf58dd8d48988d147941735,4c42c51bff711b8d880e1405,47.04524371899406,-122.89971719009242
The Restaurant at Alderbrook Resort,American Restaurant,4bf58dd8d48988d14e941735,51171dfce4b0e3bfff97aca4,47.347805282049244,-123.06797470589113
South Bay Dickerson's BBQ,BBQ Joint,4bf58dd8d48988d1df931735,4a8702e9f964a5201a0220e3,47.04356181826179,-122.89450559633288
The Gyro Spot Express,Mediterranean Restaurant,4bf58dd8d48988d1c0941735,552d6893498ef128333b9552,47.040162132868566,-122.90115518811959
2 Margaritas,Mexican Restaurant,4bf58dd8d48988d1c1941735,4c6f21ac34443704fe3b205f,47.357089964286196,-123.09961452868119
El Puerto de Angeles IV,Mexican Restaurant,4bf58dd8d48988d1c1941735,4bd45ec541b9ef3bd3ce01e6,47.402851341435245,-123.14138088753435
El guadalajara,Mexican Restaurant,4bf58dd8d48988d1c1941735,54e1048a498ef62942b4ea6d,47.20661926269531,-123.10148620605469
El Sarape Mexican Restaurant,Mexican Restaurant,4bf58dd8d48988d1c1941735,56a2ed4c498ee12534077647,47.213669,-123.10311100000001
Ramirez To Go,Mexican Restaurant,4bf58dd8d48988d1c1941735,55c5ca5a498e87a05efe4e68,47.046453,-122.93070700000001
Tacos La Oaxaquena,Mexican Restaurant,4bf58dd8d48988d1c1941735,4d94ded7cf46224be3f19e94,47.196928916666664,-123.09683881666666
El Sarape,Mexican Restaurant,4bf58dd8d48988d1c1941735,535f2f31498e34dd6739b032,47.225828,-123.12382
Tortilla Jalisco,Mexican Restaurant,4bf58dd8d48988d1c1941735,4f32533519836c91c7cc9d25,47.21305465698242,-123.09925079345703
Don Juan's Mexican Kitchen,Mexican Restaurant,4bf58dd8d48988d1c1941735,5868609e561ded113a7f6eee,47.046716,-122.958338
El Sarape 3,Mexican Restaurant,4bf58dd8d48988d1c1941735,4df66b2a7d8b5f396ac32339,47.213654,-123.103009
El Sarape Mexican Restaurant,Mexican Restaurant,4bf58dd8d48988d1c1941735,56a2ed46498ea4de3f14d70b,47.03546905517578,-122.93804931640625
Taqueria La Esquinita,Mexican Restaurant,4bf58dd8d48988d1c1941735,52f14fc4498e31246f813c2b,47.04377762980043,-122.89664221220035
California Taco,Food Truck,4bf58dd8d48988d1cb941735,4c6dec0fd5c3a1cdf320c72b,47.0457,-122.89392600000001
La Taqueria,Mexican Restaurant,4bf58dd8d48988d1c1941735,4b8443f3f964a520472b31e3,47.043446,-122.900803
Character's Corner,Bar,4bf58dd8d48988d116941735,4b6b5c97f964a5207d032ce3,47.07966263197959,-123.02124162661055
Chipotle Mexican Grill,Taco Place,4bf58dd8d48988d151941735,4db9de1e1e7251d53c6f33d7,47.04175820438967,-122.93446364146473
The Westside Tavern,Bar,4bf58dd8d48988d116941735,4bece5b991380f47f5439f18,47.045888457364896,-122.92442314698609
Taqueria Las Palmas,Mexican Restaurant,4bf58dd8d48988d1c1941735,4b638b61f964a52057822ae3,47.2121197752502,-123.0996394628548
Dos Hermanos Mexican Kitchen,Mexican Restaurant,4bf58dd8d48988d1c1941735,51719386e4b0c527e2dcb357,47.0463981628418,-122.90149688720703
Taqueria Rico Taco,Mexican Restaurant,4bf58dd8d48988d1c1941735,4b83582cf964a520440331e3,47.046348452568054,-122.93051540851593
San Francisco Street Bakery,Bakery,4bf58dd8d48988d16a941735,4b4953a1f964a5207b6d26e3,47.05735601525213,-122.88514003558139
Papa Murphy's,Pizza Place,4bf58dd8d48988d1ca941735,4c82d526d8086dcbbfdf7a52,47.231073033330134,-123.12124227642691
Domino's Pizza,Pizza Place,4bf58dd8d48988d1ca941735,51a032b0498e55760d1d707b,47.0468809938277,-122.94265698005802
Town Pub,Pizza Place,4bf58dd8d48988d1ca941735,4b653902f964a52076e92ae3,47.21229563420817,-123.10133449280234
Vics Pizzeria,Pizza Place,4bf58dd8d48988d1ca941735,4b5cc33bf964a520d24229e3,47.046985,-122.9262161
Old School Pizzeria,Pizza Place,4bf58dd8d48988d1ca941735,4b6c8faff964a5203d432ce3,47.04548133037848,-122.89913410839272
Papa Murphy's,Pizza Place,4bf58dd8d48988d1ca941735,4bef60cfc80dc928e4ea27e3,47.04468009094731,-122.94082070598974
Hoodsport Pizza,Pizza Place,4bf58dd8d48988d1ca941735,5b12f6248c812a002c5bfe16,47.4064,-123.14276
Pizza Hut,Pizza Place,4bf58dd8d48988d1ca941735,4c5ffe5d3a3703bb6116e406,47.04654920565866,-122.93472647666931
Stone Creek Wood Fire Pizza,Pizza Place,4bf58dd8d48988d1ca941735,4f08ef59e4b05dd3a3b495a2,47.04670333862305,-122.95751953125
Chuck E. Cheese,Event Space,4bf58dd8d48988d171941735,4b78d913f964a5206fe42ee3,47.04155247052938,-122.93276549778659
Cheema Market and Singh's Pizza,Pizza Place,4bf58dd8d48988d1ca941735,4f510aa3e4b0d16b305e8d5c,47.05526,-123.26684399999999
Domino's Pizza,Pizza Place,4bf58dd8d48988d1ca941735,4d41f114aed776eb59df6997,47.213587897662144,-123.09974126053021
Skyline Drive-In,Pizza Place,4bf58dd8d48988d1ca941735,4bca993468f976b02fd35f83,47.14575674975059,-123.09329922719584
Pizza Hut,Pizza Place,4bf58dd8d48988d1ca941735,4c5ffcd93a3703bb2114e406,47.20729,-123.101605
Olympia Pizza Time,Pizza Place,4bf58dd8d48988d1ca941735,4dca170145dd19439a02f3f7,47.045491999999996,-122.896378
Peabody's Paradise Pizza,Pizza Place,4bf58dd8d48988d1ca941735,4d9926690caaa1437a09bfb3,47.05496597290039,-123.26560974121094
Pizza Annex,Pizza Place,4bf58dd8d48988d1ca941735,4d77e3b0bc888cfa7b87f173,47.03960107682325,-122.9009328702021
Zia Betta,Italian Restaurant,4bf58dd8d48988d110941735,4cb8a93bbac9370452e3de7c,47.050575613975525,-122.902799
Brooklyn Deli,Pizza Place,4bf58dd8d48988d1ca941735,4f3228a519836c91c7bbf444,47.27615737915039,-122.9608383178711
ah badabing pizzeria,Pizza Place,4bf58dd8d48988d1ca941735,4ba8397cf964a5201ed239e3,47.213653564453125,-123.10319519042969
Wagner's Pizza Annex,Pizza Place,4bf58dd8d48988d1ca941735,5751e208498e7929087cfc04,47.039627,-122.90094
Pints & Quarts Pub,Pub,4bf58dd8d48988d11b941735,4b0757bdf964a52054fc22e3,47.042423725282994,-122.9357412569362
Rush In Alaskan Dumplings,Russian Restaurant,5293a7563cf9994f4e043a44,574782ba38fa56ed28d6d1b7,47.044937,-122.900085
Red Robin Gourmet Burgers and Brews,Burger Joint,4bf58dd8d48988d16c941735,4bbb8cf8e436ef3b437b5564,47.04292079,-122.9396516
NorthFork Bar & Grill,American Restaurant,4bf58dd8d48988d14e941735,4cbe4541611abfb7c7e7a405,47.33763750192425,-123.1603361611693
Robin Hood Restaurant,American Restaurant,4bf58dd8d48988d14e941735,4b89e4caf964a520775432e3,47.34846589093278,-123.07470735533118
McMenamins Spar Café,Restaurant,4bf58dd8d48988d1c4941735,4adc9ad8f964a520cd2d21e3,47.045142217691506,-122.90103564322202
Denny's,Breakfast Spot,4bf58dd8d48988d143941735,4ba4425ff964a520d39038e3,47.23000430263892,-123.12597019605164
Mercato Ristorante,Italian Restaurant,4bf58dd8d48988d110941735,4b7f5ce4f964a520122a30e3,47.05023627144891,-122.90161360271507
Brewery City Pizza,Pizza Place,4bf58dd8d48988d1ca941735,4b74ac7bf964a520a5eb2de3,47.04654437398159,-122.93532069178025
I.talia,Pizza Place,4bf58dd8d48988d1ca941735,4b6a4ce4f964a5205bd12be3,47.04350063733628,-122.93364003273845
Traditions Cafe & World Folk Art,Café,4bf58dd8d48988d16d941735,4bf0706b3a15d13a4b903e9f,47.04399661985925,-122.90429983665975
La Gitana Pizzeria,Pizza Place,4bf58dd8d48988d1ca941735,4e90c6978231d8feae27c86f,47.04364820924171,-122.9012846127239
Oly Rockfish Grill,New American Restaurant,4bf58dd8d48988d157941735,50841cf5e4b0be59d6c003c7,47.045553542339206,-122.89431693602515
Spencer Lake Bar & Grill,Bar,4bf58dd8d48988d116941735,4b89ddcff964a5208a5232e3,47.27092360121291,-122.95130195731025
Panera Bread,Sandwich Place,4bf58dd8d48988d1c5941735,4d151d13401db60c0bd5dda4,47.039631948290406,-122.93363481760025
State & Central,Burger Joint,4bf58dd8d48988d16c941735,59459ce2002f4c4e85db5ae3,47.046753,-122.88203999999999
SUBWAY,Sandwich Place,4bf58dd8d48988d1c5941735,4bd08a8c462cb713978fd807,47.05527162789953,-123.2677404970733
SUBWAY,Sandwich Place,4bf58dd8d48988d1c5941735,4b20181ef964a5201f2d24e3,47.03890994066799,-122.94027211909565
Casa Mia Olympia,Sandwich Place,4bf58dd8d48988d1c5941735,51e74a58ccda81c45f937535,47.04242323420797,-122.89195175128832
5th on 4th,Sandwich Place,4bf58dd8d48988d1c5941735,51631ac6e4b026a95ab328b8,47.04584785069038,-122.89007879140597
Subway,Sandwich Place,4bf58dd8d48988d1c5941735,51aa6057498e407e90fedd7e,47.21542435625269,-123.09918756564139
Meconi's Italian Subs,Sandwich Place,4bf58dd8d48988d1c5941735,4b280f33f964a520648e24e3,47.03913482085944,-122.90062076124988
Phoebe’s Pastry Cafe on Division,Bakery,4bf58dd8d48988d16a941735,5aa59915dd84420328ddfbd0,47.044626,-122.925756
The Honey Baked Ham Company,Sandwich Place,4bf58dd8d48988d1c5941735,4d825a780d5b8cfa2c9c5228,47.0452869,-122.938116
Sidewalk Cafe,Sandwich Place,4bf58dd8d48988d1c5941735,4bd737005cf276b0e0c89a00,47.049234000000006,-122.902543
The Bread Peddler,Bakery,4bf58dd8d48988d16a941735,4b2bf53cf964a5207bbe24e3,47.04626550209539,-122.90173202877503
SUBWAY,Sandwich Place,4bf58dd8d48988d1c5941735,4b44e162f964a5201cff25e3,47.22326518219512,-123.12191500596816
SUBWAY,Sandwich Place,4bf58dd8d48988d1c5941735,4e346257fa7656ba3165a2bc,47.07907917593202,-123.02009465277865
SUBWAY,Sandwich Place,4bf58dd8d48988d1c5941735,4e4dddd4bd4101d0d79d17b3,47.142636825590586,-123.09411376537159
SUBWAY,Sandwich Place,4bf58dd8d48988d1c5941735,4bbe36c08ca376b0297ec77a,47.039087022551506,-122.90108089253096
Jimmy John's,Sandwich Place,4bf58dd8d48988d1c5941735,540789ee498e5b3655a0229c,47.036858,-122.938776
Charleys Philly Steaks,Sandwich Place,4bf58dd8d48988d1c5941735,4bc8c9c6ab62d13ac70818d4,47.041868,-122.934832
SUBWAY,Sandwich Place,4bf58dd8d48988d1c5941735,4d4880cfea3f3704dba82b0a,47.045944112939225,-122.93107337919385
Cinnabon,Sandwich Place,4bf58dd8d48988d1c5941735,526aec8d498ea7e204dd828d,47.04108462,-122.9302412
SUBWAY,Sandwich Place,4bf58dd8d48988d1c5941735,4e4dddcdbd4101d0d79d16fd,47.04183044075983,-122.93475184125941
Wally's,Sandwich Place,4bf58dd8d48988d1c5941735,4baadbfbf964a520c98a3ae3,47.046480614370616,-122.9276740914087
SUBWAY,Sandwich Place,4bf58dd8d48988d1c5941735,4bb656722f70c9b699428530,47.045915,-122.890327
Little Roni's Sandwich Shop,Sandwich Place,4bf58dd8d48988d1c5941735,4cb8f7a7c7228cfa18ad0cce,47.044864654541016,-122.89886474609375
SUBWAY,Sandwich Place,4bf58dd8d48988d1c5941735,4e4dddd3bd4101d0d79d178f,47.052276611328125,-123.2650146484375
Nammy's Vietnamese Deli & Bakery,Sandwich Place,4bf58dd8d48988d1c5941735,4c1955d7838020a1e994e561,47.043518428900555,-122.90146247026364
5th Avenue Sandwich Shop,Sandwich Place,4bf58dd8d48988d1c5941735,4b50cbfbf964a520f63227e3,47.043957511660516,-122.90062486278792
Doug's Place Bar & Grill,Sandwich Place,4bf58dd8d48988d1c5941735,5663589c498e3f71fc19b5e1,47.19966125488281,-123.09281158447266
Olive Garden,Italian Restaurant,4bf58dd8d48988d110941735,4b626c5df964a5200c472ae3,47.04019313495362,-122.93224227222836
Taylor's Shellfish Farms,Seafood Restaurant,4bf58dd8d48988d1ce941735,4b896fd1f964a5201d3632e3,47.14131546020508,-123.08845520019531
Budd Bay Cafe,Seafood Restaurant,4bf58dd8d48988d1ce941735,4af5baf5f964a52006fc21e3,47.04871724904472,-122.90397929185792
El Sarape 2,Mexican Restaurant,4bf58dd8d48988d1c1941735,4b454165f964a520310926e3,47.03868867,-122.93375217
Anthony's Hearthfire Grill,American Restaurant,4bf58dd8d48988d14e941735,4b7e30b7f964a5209be52fe3,47.05856123123669,-122.90499207299987
The Oyster House,Seafood Restaurant,4bf58dd8d48988d1ce941735,549e0d77498ef340b34d4b2b,47.04487574101507,-122.90524879503846
Anthony's Homeport Of Olympia,Seafood Restaurant,4bf58dd8d48988d1ce941735,4b43dad4f964a52024ec25e3,47.05013957066141,-122.903957055364
Squaxin Island Seafood Bar,Seafood Restaurant,4bf58dd8d48988d1ce941735,4c7b06853badb1f798255454,47.12801323423566,-123.10125093049923
Chelsea Farms Oyster Bar,Seafood Restaurant,4bf58dd8d48988d1ce941735,58a3c52c4988da3aad06b1b5,47.04642746508566,-122.90163159435511
Dockside Bistro,Restaurant,4bf58dd8d48988d1c4941735,4bc7873f6501c9b6a59a3e29,47.0483147,-122.9039729
Olympia Seafood Co.,Fish Market,4bf58dd8d48988d10e951735,4d8e3629ca75b60c9cf6f9a8,47.04786120506478,-122.90381385275623
Waterstreet Cafe & Bar,New American Restaurant,4bf58dd8d48988d157941735,4bf7284b5ec320a1548e86d3,47.042763579461344,-122.90373967791422
Gardner's Restaurant,Seafood Restaurant,4bf58dd8d48988d1ce941735,4b9b1b96f964a5205ef335e3,47.04725560026473,-122.90264146801594
Dingeys,Seafood Restaurant,4bf58dd8d48988d1ce941735,4c112b7f81e976b0215910eb,47.05052882097739,-122.90232291099804
Anthony's,Seafood Restaurant,4bf58dd8d48988d1ce941735,5436d3fc498e905e90a982fe,47.046573638916016,-122.89998626708984
Fred Meyer Fuel Center,Snack Place,4bf58dd8d48988d1c7941735,580aa4cf38fab0f7dfd0b457,47.230116,-123.125489
Auntie Anne's,Snack Place,4bf58dd8d48988d1c7941735,51c07d43b5896d0c80c52e91,47.076127,-122.867488
California Taco Truck,Food Truck,4bf58dd8d48988d1cb941735,4ae4c5dbf964a520039e21e3,47.04601182561119,-122.93173780795489
Wetzel's Pretzels,Snack Place,4bf58dd8d48988d1c7941735,4c3f9d11ff711b8d7e350f05,47.04233659421841,-122.93552736086883
SPSCC Campus Store,College Bookstore,4bf58dd8d48988d1b1941735,4d9206028e5a1456633a99c0,47.02230453491211,-122.93206787109375
Broth Bar,Soup Place,4bf58dd8d48988d1dd931735,58f2dcdcfe374030a1af75f0,47.04640902332924,-122.90155935294024
Southern Kitchen Restaurant,Southern / Soul Food Restaurant,4bf58dd8d48988d14f941735,4e4cd9a9bd413c4cc66caa4b,47.049301,-122.90232
Outback Steakhouse,Steakhouse,4bf58dd8d48988d1cc941735,4b91b4bff964a5206dd133e3,47.038996341522186,-122.93420585327823
Fujiyama Japanese Steak House,Steakhouse,4bf58dd8d48988d1cc941735,4c7b2bc297028cfab588e0fe,47.040503726428426,-122.93842840370776
Diúc agus Bandiúc má steak agus feoil teach Derp ar,Steakhouse,4bf58dd8d48988d1cc941735,5816210838fada27f7dfdc86,47.034321848813995,-122.91437720571123
Keg Steakhouse and Bar,Steakhouse,4bf58dd8d48988d1cc941735,4f32b30619836c91c7f10fdd,47.04397201538086,-122.90113830566406
Tug Boat Annie's,Bar,4bf58dd8d48988d116941735,4c143d3982a3c9b63303fdf8,47.064637964611876,-122.91605773551946
Braganza Tea,Tea Room,4bf58dd8d48988d1dc931735,51a16b90498e4b10721d279c,47.04159557474988,-122.93397338238356
Encore Chocolates and Teas,Tea Room,4bf58dd8d48988d1dc931735,52acf0b9498e316da33c4e63,47.044319,-122.901
Rediviva Tea & Coffee,Tea Room,4bf58dd8d48988d1dc931735,5da26a3617b1a600082230d9,47.044368743896484,-122.90081024169922
Nonna Rosa Cafe,Tea Room,4bf58dd8d48988d1dc931735,4dc5d8b1fa76d685cdec5f7c,47.044368743896484,-122.90081024169922
Shen Zen Tea,Tea Room,4bf58dd8d48988d1dc931735,55ce6c0d498e5feccef77408,47.0418918726173,-122.93503491529661
Olympia artisian well,Tea Room,4bf58dd8d48988d1dc931735,5296e23911d24998d4f7eabe,47.04491424560547,-122.89705657958984
Mediterranean Breeze Restaurant/Bar,Turkish Restaurant,4f04af1f2fb6e1c99f3db0bb,55d7bbea498e286580993487,47.046391,-122.929708
Cascadia Grill,American Restaurant,4bf58dd8d48988d14e941735,4c017d4eb0702d7f8f5d6378,47.044840435037656,-122.90310084272653
The Park Side Cafe,Vegetarian / Vegan Restaurant,4bf58dd8d48988d1d3941735,5d4746e8817bdf0007bb51ce,47.04573059082031,-122.92518615722656
Quality Burrito,Vegetarian / Vegan Restaurant,4bf58dd8d48988d1d3941735,4ab695dcf964a520fd7720e3,47.04502692570554,-122.8996909520644
The Wayside Cafe & Deli,Vegetarian / Vegan Restaurant,4bf58dd8d48988d1d3941735,5b52a900dee770002c8135a8,47.042945,-122.901876
Le Voyeur,Vegetarian / Vegan Restaurant,4bf58dd8d48988d1d3941735,4b63b2aff964a520bd8c2ae3,47.045329270597094,-122.89767646505307
Seed & Bloom,Vegetarian / Vegan Restaurant,4bf58dd8d48988d1d3941735,5da508d4e3c50d0008e27b64,47.04397201538086,-122.90113830566406
Freshii,Vegetarian / Vegan Restaurant,4bf58dd8d48988d1d3941735,5c292f700e5da80039dde208,47.03546905517578,-122.93804931640625
The Mark,Italian Restaurant,4bf58dd8d48988d110941735,4b36eae4f964a5202e3e25e3,47.04445696165354,-122.9029774970388
Olympia Hot Dog Company,Vegetarian / Vegan Restaurant,4bf58dd8d48988d1d3941735,4abb2aa2f964a5209d8320e3,47.045125412738734,-122.89865980915158
Buffalo Wild Wings,Wings Joint,4bf58dd8d48988d14c941735,514ca139b0b9ef48f308cfca,47.03286187329637,-122.93979853391642
Iron Rabbit,American Restaurant,4bf58dd8d48988d14e941735,4b47e5faf964a5203d4326e3,47.04577219331243,-122.9274447928811
Little Caesars Pizza,Pizza Place,4bf58dd8d48988d1ca941735,505bda26e4b07c5bd19ff287,47.034694,-122.93633
