name,category,category_id,venue_id,lat,long
Garden of Eden,American Restaurant,4bf58dd8d48988d14e941735,4b972277f964a52078f934e3,42.57493119967823,-114.29705277273332
Cactus Grill,American Restaurant,4bf58dd8d48988d14e941735,52164f6811d2fc5f42eebc3c,42.547351,-114.365936
Arby's,American Restaurant,4bf58dd8d48988d14e941735,4d5ad400916dbfc9b71c60b9,42.5689014583814,-114.459854310425
TF Brickhouse,American Restaurant,4bf58dd8d48988d14e941735,5212d84411d286078c584499,42.552073273368634,-114.47293022240336
Elevation 486,Restaurant,4bf58dd8d48988d1c4941735,53353c86498e6db34a520365,42.597887,-114.477406
Koto Brewing Co.,Brewery,50327c8591d4c4b30a586d5d,5be361058fb09e002c9e7754,42.556765,-114.47074809999998
New China Buffet,Chinese Restaurant,4bf58dd8d48988d145941735,4d44d5ef4e5d3704a7a9f093,42.57173180580139,-114.45973455905914
Wok 'N Grill,Chinese Restaurant,4bf58dd8d48988d145941735,4b79fc74f964a520ce1d2fe3,42.582821538039745,-114.45968301909856
Mandarin House,Chinese Restaurant,4bf58dd8d48988d145941735,4c7c6f0da141b1f769506b79,42.57476806640625,-114.4608154296875
TSE Chinese Thai Vietnamese,Chinese Restaurant,4bf58dd8d48988d145941735,4dc5bec0d4c0ad9c0f90d668,42.57951868333333,-114.46050405
Jasmine,Chinese Restaurant,4bf58dd8d48988d145941735,58e543d10319b8540201d420,42.595078,-114.45527
Sushiya,Sushi Restaurant,4bf58dd8d48988d1d2941735,4f405043e4b0295028f3a05c,42.553439105450366,-114.46544216896412
genghis khan,Mongolian Restaurant,4eb1d5724b900d56c88a45fe,5310e540498e9667d9547b85,42.572525659261494,-114.4604202572656
A Taste Of Thai,Thai Restaurant,4bf58dd8d48988d149941735,4bb298f74019a593ea1537b8,42.593621,-114.46166000000001
Prasai's,Thai Restaurant,4bf58dd8d48988d149941735,4bff2a51daf9c9b6c5e7f9ef,42.553396208157885,-114.4652968171657
Pho Taki Restaurant,Vietnamese Restaurant,4bf58dd8d48988d14a941735,55d27fd0498e830326bd16b6,42.563961029052734,-114.48687744140625
The Smoking Bone,BBQ Joint,4bf58dd8d48988d1df931735,5d029aacad5f630050fcd160,42.556953,-114.468094
Smokin' Cowboys BBQ,BBQ Joint,4bf58dd8d48988d1df931735,4c01908c1747a593b0b95dca,42.57658185,-114.46061253333333
Lonesome Dove Saloon & Grill,BBQ Joint,4bf58dd8d48988d1df931735,501b3727e4b06ba2e8b76506,42.560519,-114.476133
Leftys Smokehouse,BBQ Joint,4bf58dd8d48988d1df931735,4e5c4e8f2271b7fb2963954e,42.556931376457214,-114.46812987327576
Mollys Bagels,Bagel Shop,4bf58dd8d48988d179941735,4bffff2e37850f47fb89973f,42.592538483333335,-114.4584605
Zulu Bagels,Bagel Shop,4bf58dd8d48988d179941735,4d8cec911716a143a0ea0bf7,42.5719394399123,-114.48042953583204
Franz Family Bakery-Twin Falls,Bakery,4bf58dd8d48988d16a941735,519f5e4a498ea3bc79df42df,42.55672330851569,-114.48025719407178
Jim Bob's Bakery,Bakery,4bf58dd8d48988d16a941735,4f145329e4b0a6ade321215e,42.5545539855957,-114.4661636352539
The Cup Cake,Bakery,4bf58dd8d48988d16a941735,4e4c1ca922717c65ac980f49,42.589321,-114.465463
Reinke Bistro,Bistro,52e81612bcbc57f1066b79f1,567b655c498e51586b9fddff,42.569400787353516,-114.5361328125
Loong Hing Restaurant,Chinese Restaurant,4bf58dd8d48988d145941735,4dc719202271f27051564fca,42.548875,-114.452359
McDonald's,Breakfast Spot,4bf58dd8d48988d143941735,58ba5627ce66aa16e7c9a88a,42.5475699,-114.4205305
McDonald's,Breakfast Spot,4bf58dd8d48988d143941735,4b9aa585f964a52065c935e3,42.567077830161814,-114.46094222366816
A&w,American Restaurant,4bf58dd8d48988d14e941735,5086effae4b02ca59cb640b2,42.56373675033231,-114.48319441037802
McDonald's,Breakfast Spot,4bf58dd8d48988d143941735,4e28508bfa762797e59bd0d0,42.59232417638364,-114.46116417646408
McDonald's,Breakfast Spot,4bf58dd8d48988d143941735,4c963d8558d4b60c032b3929,42.5638476,-114.4805754
IHOP,Breakfast Spot,4bf58dd8d48988d143941735,4b6492e0f964a520e6be2ae3,42.596581319031785,-114.45431838962982
Golden Corral,Buffet,52e81612bcbc57f1066b79f4,4bc8aa6b92b376b04fe9513a,42.59452256981097,-114.45943689040914
Burnt Lemon Grill,Burger Joint,4bf58dd8d48988d16c941735,5c6dbf18febf31002cf3ae4d,42.723488,-114.542366
Jack in the Box,Burger Joint,4bf58dd8d48988d16c941735,4c4648a3f5aee21e531b1858,42.58892775559479,-114.46072965860367
SONIC Drive In,Burger Joint,4bf58dd8d48988d16c941735,4bd4b2b56798ef3b9636628d,42.5694550651421,-114.460998553863
Norm's Cafe,American Restaurant,4bf58dd8d48988d14e941735,4c03c3f4f423a593aa9ed016,42.562018545212716,-114.47889943630315
The Ground Round,Burger Joint,4bf58dd8d48988d16c941735,4cbb2ef49552b60c4b80de8b,42.54832276228082,-114.4421536180398
Arctic Circle,Burger Joint,4bf58dd8d48988d16c941735,4d8e2d221d06b1f77f77423b,42.54380604317797,-114.36420358381585
Phillips 66 and A&W,Burger Joint,4bf58dd8d48988d16c941735,4cd160fd7f56a143d0e5d3a6,42.563609,-114.483184
Wendy’s,Burger Joint,4bf58dd8d48988d16c941735,4bfec8f4ca1920a1ddd6eb81,42.69197691358277,-114.51750765438192
The Habit Burger Grill,Burger Joint,4bf58dd8d48988d16c941735,5a86219b3731ee7c89dc9ba2,42.594273445401285,-114.463684862364
Ground Round,Burger Joint,4bf58dd8d48988d16c941735,523e441a11d23d1c68bf39b4,42.555663,-114.469518
Kneaders,Café,4bf58dd8d48988d16d941735,5b074d064c954c0039af0d60,42.589485,-114.4801
Emma's Cafe and Market,Café,4bf58dd8d48988d16d941735,562484c5498e6d667b15d021,42.57341003417969,-114.46119689941406
Lynn's Kitchen,Café,4bf58dd8d48988d16d941735,54bed516498efdaa5b9290d4,42.71917964392811,-114.51827204318722
Double A Cafe,Café,4bf58dd8d48988d16d941735,4ca612cd7334236a3b191c58,42.725218534469604,-114.52040798
Oops City Market,Deli / Bodega,4bf58dd8d48988d146941735,4f1b78bde4b0854506df2770,42.724442488091285,-114.51692245011812
Walmart Bakery,Deli / Bodega,4bf58dd8d48988d146941735,5992f7342955133abc3e6402,42.69386322,-114.5184547
Walmart Bakery,Deli / Bodega,4bf58dd8d48988d146941735,5993319ab6b04b63284dfbf9,42.58847889,-114.4850022
Papa Kelseys,Deli / Bodega,4bf58dd8d48988d146941735,5155e75ce4b0fe49f0ff1c2e,42.572728,-114.460955
Perkins Restaurant & Bakery,American Restaurant,4bf58dd8d48988d14e941735,4b9a6a0af964a52052b335e3,42.58937009064461,-114.4595119357109
Great Harvest Bread,Restaurant,4bf58dd8d48988d1c4941735,53e65c50498e7c5b4fb5f7a7,42.5753402,-114.4616193
Shake Out The Real Location,Dessert Shop,4bf58dd8d48988d1d0941735,4caf798aaef16dcb52cea854,42.54849314689636,-114.45919275283813
The Cookie Basket,Cupcake Shop,4bf58dd8d48988d1bc941735,50e89a15e4b0d6d8b1e108a7,42.55689090505492,-114.4714841227154
Pieces Of Heaven Cupcakery,Bakery,4bf58dd8d48988d16a941735,4f861550e4b0eb95c4845e55,42.56182293404675,-114.45882577192732
Seaside Restaurant,Cupcake Shop,4bf58dd8d48988d1bc941735,4c23587c34faef3b3ed4586d,42.695919,-114.645723
Orange Leaf Frozen Yogurt,Frozen Yogurt Shop,512e7cae91d4cbb4e5efe0af,515e12d4e4b0510b067f91f6,42.575037,-114.46133
Kiwi Loco,Frozen Yogurt Shop,512e7cae91d4cbb4e5efe0af,4bee1616a40fc928a60d830c,42.588641818740335,-114.46428180717008
Culver's,Ice Cream Shop,4bf58dd8d48988d1c9941735,537cec58498ec90f58a1e7b2,42.59225477939176,-114.47806449100499
Dairy Queen Grill & Chill,Ice Cream Shop,4bf58dd8d48988d1c9941735,4cf86a4d7b44224bd722cf05,42.719595171881004,-114.51889269434554
Dairy Queen,Ice Cream Shop,4bf58dd8d48988d1c9941735,4d731d5b0d0ca1437fa1b483,42.57603197897578,-114.4609826011947
Idaho Milk Products,Ice Cream Shop,4bf58dd8d48988d1c9941735,4f32794419836c91c7db470e,42.700036,-114.502187
Dairy Queen,Ice Cream Shop,4bf58dd8d48988d1c9941735,4c8bf618ed3ab60c924f6321,42.56335189976362,-114.48681145906448
Cloverleaf Creamery,Ice Cream Shop,4bf58dd8d48988d1c9941735,4bef3b6996edc9b6f1804af2,42.59780249,-114.75834868333334
Cold Stone Creamery,Ice Cream Shop,4bf58dd8d48988d1c9941735,4e4e09b2bd4101d0d7a0c964,42.58871,-114.461576
Baskin-Robbins,Ice Cream Shop,4bf58dd8d48988d1c9941735,4c3221a13896e21e4a02e890,42.57368038970621,-114.46076770849004
Canyon Rim Cremery,Ice Cream Shop,4bf58dd8d48988d1c9941735,5cd4ef2e2d2fd9002c76b6cc,42.588321685791016,-114.48127746582031
Dairy Queen,Ice Cream Shop,4bf58dd8d48988d1c9941735,5092d5a83d7ce7bdb2f69edb,42.719603,-114.5189
Denny's,Diner,4bf58dd8d48988d147941735,544b071c498eeb86b7a90c6a,42.59225852058489,-114.47550678625703
Hot Rod Cafe,Diner,4bf58dd8d48988d147941735,54d569d3498edbb43b697742,42.55609169381773,-114.47017978372024
Kiwi Loco - Twin Falls,Donut Shop,4bf58dd8d48988d148941735,5d7aaab1b03cad0007bc0393,42.558711,-114.459892
Europe (Euro Food & Deli),Eastern European Restaurant,4bf58dd8d48988d109941735,4f5fff79e4b0431a9945f253,42.570701599121094,-114.46565246582031
The Pita Pit,Falafel Restaurant,4bf58dd8d48988d10b941735,4b856fa6f964a520cc5d31e3,42.5734556025575,-114.46031049598334
Anchor Bistro & Sports Bar,Sports Bar,4bf58dd8d48988d11d941735,4bd254b59854d13a0796fb4d,42.567865379556565,-114.46005689381921
Kiwi's Fish N Chips & Meat Pies,Restaurant,4bf58dd8d48988d1c4941735,4eea756a7716cec79339da64,42.577022552490234,-114.46383666992188
Kiwi's Fish and Meat Pies,Fish & Chips Shop,4edd64a0c7ddd24ca188df1a,53090d21498ea17f7d6f72cb,42.579228,-114.460704
Taco Truck El Herradero,Food Truck,4bf58dd8d48988d1cb941735,5065e9c8e4b0105355eb45ef,42.551891,-114.475645
3D Euro Food Express,Food Truck,4bf58dd8d48988d1cb941735,51770c84e4b0dc867db98131,42.64913973024139,-114.44322516044494
Mariscos Varela,Food Truck,4bf58dd8d48988d1cb941735,5025547ee4b095b2f25c283f,42.580484,-114.460547
Canyon Rim Classic Food Trucks,Food Truck,4bf58dd8d48988d1cb941735,57251194498e8558a58286ed,42.583847414907964,-114.51154808566055
Popeyes Louisiana Kitchen,Fried Chicken Joint,4d4ae6fc7a7b7dea34424761,4eb6ca010aaf1abedfdf27ef,42.746559143066406,-114.38497924804688
Jack in the Box,Fried Chicken Joint,4d4ae6fc7a7b7dea34424761,5d7eef1ab4fc9c000835514c,42.6925888,-114.5179901
KFC,Fried Chicken Joint,4d4ae6fc7a7b7dea34424761,4c13ce1ba5eb76b00898c0b7,42.58954835587876,-114.46067000305845
T & T Cafe,American Restaurant,4bf58dd8d48988d14e941735,4e302f9e8877341a5159ca82,42.532535552978516,-114.3055191040039
The GR,Gastropub,4bf58dd8d48988d155941735,52362f0c11d2ebd940393917,42.55558395385742,-114.46959686279297
Pandora Grill & Tavern,Gastropub,4bf58dd8d48988d155941735,4b848f0af964a520a83b31e3,42.552162170410156,-114.47297668457031
Cucina Gemelli,Italian Restaurant,4bf58dd8d48988d110941735,4da3a0f29aa4721e530f281a,42.57319259643555,-114.46102142333984
Gyro Shop,Greek Restaurant,4bf58dd8d48988d10e941735,4e5e77eca809fd79d29940f8,42.55518,-114.469747
Big Al's Italian Hot Dogs,Hot Dog Joint,4bf58dd8d48988d16f941735,4ee15a7a722e9d45c4fc9843,42.53272252986518,-114.37481911958774
Little India Restaurant,Indian Restaurant,4bf58dd8d48988d10f941735,4f933d51e4b04c0c9efbab72,42.5642,-114.487494
Saffron,Indian Restaurant,4bf58dd8d48988d10f941735,5debfdaa752a99000814b5d8,42.55571,-114.469635
Cucina Gemelli,Italian Restaurant,4bf58dd8d48988d110941735,4efd1fa29adffb90ca6d5c7c,42.55201716026835,-114.47179493738427
Jamba Juice,Juice Bar,4bf58dd8d48988d112941735,4cdc5a9ac409b60c6806da1a,42.592419,-114.458119
4 Roots,Juice Bar,4bf58dd8d48988d112941735,566c9841498e5da2ac34c98b,42.58948435968319,-114.46528228361872
Orange Julius,Juice Bar,4bf58dd8d48988d112941735,4ed82cec0aaf49e026e57958,42.59401047003904,-114.45496022701258
Red Cobra Vapors,Juice Bar,4bf58dd8d48988d112941735,5511132b498e207bc09f8390,42.56664276123047,-114.45964050292969
Janitzio Family Mexican Restaurant,Latin American Restaurant,4bf58dd8d48988d1be941735,4d2d0059feaaa1cdac02e590,42.55685201666667,-114.47124666666667
Patagonia Grill,Argentinian Restaurant,4bf58dd8d48988d107941735,5c2425d3a42362002c148f14,42.577178955078125,-114.46385955810547
Basque-American & Peruvian Diner,Peruvian Restaurant,4eb1bfa43b7b52c0e1adc2e8,4f40469be4b0f6acbb0af07a,42.555747985839844,-114.46935272216797
Blu Restaurant,Restaurant,4bf58dd8d48988d1c4941735,5966cae0dec1d6022417b989,42.563274,-114.44546
Taco Bell,Mexican Restaurant,4bf58dd8d48988d1c1941735,4cdb6f78fc973704fe57cf05,42.59595996460522,-114.45473003093971
Garabaldi's Mexican Restaurant,Mexican Restaurant,4bf58dd8d48988d1c1941735,4fa5b7b1e4b094b94694dbe6,42.570926666259766,-114.46680450439453
Garibaldi's Mexican Restaurant,Mexican Restaurant,4bf58dd8d48988d1c1941735,4b592158f964a520227e28e3,42.71709701247776,-114.51880216598511
Taco Bell,Mexican Restaurant,4bf58dd8d48988d1c1941735,578d785bcd10ec6deb87bcd5,42.691980627531876,-114.51898422559506
Rolberto's,Mexican Restaurant,4bf58dd8d48988d1c1941735,4c701d42fa49a1cdb305a5e3,42.566271,-114.460713
Don Juan's Mexican Restaurant,Mexican Restaurant,4bf58dd8d48988d1c1941735,55820407498e8fbbeec8fb77,42.57925796508789,-114.4607162475586
Janitzio Family Mexican Restaurant,Mexican Restaurant,4bf58dd8d48988d1c1941735,5372dcf6498e9239320b93e6,42.54810333251953,-114.44315338134766
La Casita mexican restaurant,Mexican Restaurant,4bf58dd8d48988d1c1941735,4c6442a37b241b8d19d8c3ac,42.549754,-114.47929322719574
Mi Tierra,Mexican Restaurant,4bf58dd8d48988d1c1941735,58f2caa962420b60b1230abd,42.556934,-114.471321
San Angel,Mexican Restaurant,4bf58dd8d48988d1c1941735,51db0a9f498e716918d4ee71,42.55690002441406,-114.47095489501953
Los Toritos,Mexican Restaurant,4bf58dd8d48988d1c1941735,535ebb89498e6cb6b46a972a,42.57750995823036,-114.46371745472483
Cheverria,Mexican Restaurant,4bf58dd8d48988d1c1941735,54f39858498e00ad2f8abac3,42.7226448059082,-114.51830291748047
La Familia Mexican Cuisine,Mexican Restaurant,4bf58dd8d48988d1c1941735,4f3277ec19836c91c7dac33f,42.54810333251953,-114.44315338134766
La Costa Colima,Mexican Restaurant,4bf58dd8d48988d1c1941735,559c8973498e98fd9bbfa4de,42.711063385009766,-114.51790618896484
Rolberto's,Mexican Restaurant,4bf58dd8d48988d1c1941735,4f499298e4b0156c2feace49,42.594520284347006,-114.7532585484444
El Toro Mexican Restaurant,Mexican Restaurant,4bf58dd8d48988d1c1941735,5d5e46cb2a949e000793075d,42.5330464,-114.3749696
Los Toritos Mexican Taqueria,Mexican Restaurant,4bf58dd8d48988d1c1941735,55eeb43a498e7fc665fcb7db,42.577014,-114.46371200000002
Ketchum Burrito,Burrito Place,4bf58dd8d48988d153941735,55d7c81b498e2fe297dbc58a,42.58872604370117,-114.4644546508789
Jarritos,Burrito Place,4bf58dd8d48988d153941735,56a12d0038fa178b21753934,42.57181,-114.48053
Fiesta Ole,Burrito Place,4bf58dd8d48988d153941735,4d24bb12c5f2a1cd30e455cf,42.532968521118164,-114.36452150344849
Juanita's Tacos And More,Taco Place,4bf58dd8d48988d151941735,5b79ba05464d65002c0f471e,42.594092,-114.753295
Juanita's Tacos & More,Taco Place,4bf58dd8d48988d151941735,596d14db29551352b2be62a2,42.55684219838642,-114.46814060211182
Chili's Grill & Bar,Tex-Mex Restaurant,56aa371ae4b08b9a8d5734ba,4bbdfc40593fef3b8f1a0456,42.59507013,-114.45661379
Domino's Pizza,Pizza Place,4bf58dd8d48988d1ca941735,4d41f064aed776ebbe696997,42.57123573023518,-114.47954133152967
Maxie's Pizza,Pizza Place,4bf58dd8d48988d1ca941735,4bd5d8c15631c9b6a3d3a430,42.54977314933146,-114.45992922996835
Pizza Pie Cafe,Pizza Place,4bf58dd8d48988d1ca941735,5632c299498e966fc0def009,42.59383010864258,-114.47296142578125
Pizza Hut,Pizza Place,4bf58dd8d48988d1ca941735,56fedc27498ed95cb15ea6b0,42.56426162336134,-114.6054844558239
Pizza Hut,Pizza Place,4bf58dd8d48988d1ca941735,4c6000333a3703bb6219e406,42.563394884373395,-114.45210195620353
Little Caesars Pizza,Pizza Place,4bf58dd8d48988d1ca941735,4c44a16bf799e21e4019aea2,42.576475316276785,-114.45945538265694
O'Dunkens,Pub,4bf58dd8d48988d11b941735,4ba8051af964a52010c739e3,42.55597830861204,-114.47006718029873
Papa Kelsey's Pizza & Subs,Pizza Place,4bf58dd8d48988d1ca941735,4ba8284bf964a52054ce39e3,42.57287521703857,-114.46087821001794
PizzaPieCafe,Pizza Place,4bf58dd8d48988d1ca941735,562e61c6498e8584bf41e089,42.59383010864258,-114.47296142578125
Papa Kelseys Pizza and Subs,Pizza Place,4bf58dd8d48988d1ca941735,4f32490619836c91c7c89f5d,42.59853293879593,-114.76052924999307
Domino's Pizza,Pizza Place,4bf58dd8d48988d1ca941735,4d41f064aed776eb49696997,42.69249840592361,-114.51724916696548
Tonys Pizza,Pizza Place,4bf58dd8d48988d1ca941735,4f322ea619836c91c7be39b7,42.72277069091797,-114.5186767578125
Traveler's Oasis,Pizza Place,4bf58dd8d48988d1ca941735,54f8e955498e3acb83058419,42.574573,-114.298106
Tiger Stop,Mexican Restaurant,4bf58dd8d48988d1c1941735,4e5fa68ad4c0007344a78042,42.73277,-114.51816
Diamondz Event Center,American Restaurant,4bf58dd8d48988d14e941735,4cddf64ef8a4a1436ae2d3bc,42.72430263670901,-114.5208616474786
Fat Clarence's Pub & Grub,American Restaurant,4bf58dd8d48988d14e941735,5ee194258e10065faaf93e7e,42.713238,-114.518105
Rolberto's Mexican Food,Restaurant,4bf58dd8d48988d1c4941735,4f328d0619836c91c7e2cfb6,42.718723,-114.518232
Pizza Hut,Restaurant,4bf58dd8d48988d1c4941735,4c60002e3a3703bb5719e406,42.7205265,-114.519198
China Garden,Chinese Restaurant,4bf58dd8d48988d145941735,4cf5ab7e71538cfa55ceb02e,42.71417319774628,-114.51816122
Mountain View Barn,Comfort Food Restaurant,52e81612bcbc57f1066b7a00,57c8597f498efbcf1c88cc4e,42.68061065673828,-114.44440460205078
Papa Murphy's | Take 'N' Bake Pizza,Restaurant,4bf58dd8d48988d1c4941735,4d0ab9566d26a0937459742d,42.592079,-114.4699958
fork,American Restaurant,4bf58dd8d48988d14e941735,5078e5ffe4b065f1dcf4dce8,42.575916785808985,-114.17712221430563
Starbucks,Café,4bf58dd8d48988d16d941735,4bfff02dca1920a14187ed81,42.593178457604,-114.45899512130796
Taco Time,Taco Place,4bf58dd8d48988d151941735,5281441c11d2bbc543d6e99d,42.575065,-114.297044
Happy Landing,Diner,4bf58dd8d48988d147941735,4e74c0dfb993a71aa368cd61,42.48344957828522,-114.48491201730178
Chipotle Mexican Grill,Burrito Place,4bf58dd8d48988d153941735,5a454da6851de55b9eb040d5,42.57374,-114.46064
McDonald's,Restaurant,4bf58dd8d48988d1c4941735,4d814d338edaa143c40f013a,42.59415856156469,-114.749755114317
Arctic Circle,Burger Joint,4bf58dd8d48988d16c941735,4b674228f964a52053442be3,42.594391107559204,-114.75308775901794
Pizza Planet,Pizza Place,4bf58dd8d48988d1ca941735,4f624871e4b01b3ebe93c8ff,42.60052118366255,-114.75675715931354
El Cazador,Mexican Restaurant,4bf58dd8d48988d1c1941735,4e9344012c5b7223b9cc98ae,42.59861706666667,-114.75945811666666
La Plaza,Mexican Restaurant,4bf58dd8d48988d1c1941735,4e9f485d6da1f94e5bcdc26f,42.59758651842711,-114.76197489167812
Nueva Esperanza (Wagon Wheel Café),Mexican Restaurant,4bf58dd8d48988d1c1941735,4ffc5ad6e4b075d51e397163,42.564086949953655,-114.61009331195265
Prasai's Thai 2 Go,Thai Restaurant,4bf58dd8d48988d149941735,4b6a3884f964a520c3cd2be3,42.589292687105655,-114.46540736582511
McDonald's,Restaurant,4bf58dd8d48988d1c4941735,4b70ca65f964a520ca2e2de3,42.6947595980526,-114.51922863721853
Garibaldi's Mexican Restaurant,Mexican Restaurant,4bf58dd8d48988d1c1941735,4f1a0462e4b0f67a9544b35b,42.5706623353411,-114.466702824273
Blaze Pizza,Comfort Food Restaurant,52e81612bcbc57f1066b7a00,5a29f5e90c9f317dec7d72a9,42.595826,-114.458425
Jakers Bar and Grill,Restaurant,4bf58dd8d48988d1c4941735,537c7fb3498e4d1d84f41dfd,42.59000859967876,-114.45942277288533
Twin Bean Coffee Company,Café,4bf58dd8d48988d16d941735,53580bb3498e58eb5a41243c,42.555249225034096,-114.46955309626586
Panda Express,Chinese Restaurant,4bf58dd8d48988d145941735,4f2daaa6e4b0a2ac56fb1d41,42.591096294237516,-114.48050852190781
Applebee's Grill + Bar,Restaurant,4bf58dd8d48988d1c4941735,4bf9f042b182c9b674c7795a,42.59018973,-114.4605087
9 Beans and a Burrito,Mexican Restaurant,4bf58dd8d48988d1c1941735,4b9aaecaf964a52095cc35e3,42.58804741283348,-114.46302466091524
La Fiesta Mexican Restaurant,Mexican Restaurant,4bf58dd8d48988d1c1941735,4bbfda0b74a9a593f847cff6,42.58470031189464,-114.45959676034998
Arctic Circle,Burger Joint,4bf58dd8d48988d16c941735,4b5a67dff964a52014c328e3,42.57358625747441,-114.4597954302998
Shari's Cafe and Pies,American Restaurant,4bf58dd8d48988d14e941735,4b64fc06f964a520c8dd2ae3,42.590507,-114.460475
Black Bear Diner,Diner,4bf58dd8d48988d147941735,5a1615ccc97f284fbea67d24,42.592316,-114.47055
Gertie's Brick Oven Cookery,Pizza Place,4bf58dd8d48988d1ca941735,4ba9628ff964a52099233ae3,42.55024160355968,-114.46504282366283
Idaho Joe's,American Restaurant,4bf58dd8d48988d14e941735,4d3a55b40333a0930ece5334,42.57221207280968,-114.45980437507458
Buffalo Cafe,American Restaurant,4bf58dd8d48988d14e941735,4da1f590bf22a14322b5a7f8,42.555040852518204,-114.47434031722187
Peking,Chinese Restaurant,4bf58dd8d48988d145941735,4bbb85822d9ea59376819fce,42.57634022437379,-114.45927242950192
Sushi Ya,Sushi Restaurant,4bf58dd8d48988d1d2941735,4b77121cf964a5203a7a2ee3,42.55347916262648,-114.4654462138286
Canyon Crest,Restaurant,4bf58dd8d48988d1c4941735,4d95330a97d06ea88da6e60a,42.596900899881085,-114.47337746052946
Burnt Lemon Grill,Burger Joint,4bf58dd8d48988d16c941735,4d83a1128de9721eb34e2051,42.56231,-114.460925
Red Robin,Burger Joint,4bf58dd8d48988d16c941735,57d76962498e335d876bd77b,42.59401297288998,-114.45854506154089
Five Guys,Burger Joint,4bf58dd8d48988d16c941735,4c6dc2b5a437224ba41a2eb1,42.59404071882996,-114.45498286519863
Burger Stop,Burger Joint,4bf58dd8d48988d16c941735,4bef4214ea570f474d278fd2,42.5634214201891,-114.45686266502965
El Sombrero,Mexican Restaurant,4bf58dd8d48988d1c1941735,4bef5d285e4aa593acf758bb,42.72395770909005,-114.51996980092113
Costa Vida,Mexican Restaurant,4bf58dd8d48988d1c1941735,567efae8498e1b2ff4705eee,42.593040527833104,-114.45861857177562
The Depot Grill,Restaurant,4bf58dd8d48988d1c4941735,4c0c4b226071a5936fa5e232,42.55234601455311,-114.4742300924779
Taco John's,Restaurant,4bf58dd8d48988d1c4941735,566b686f498e58d3ac6ed8b4,42.590622217099,-114.48017817002028
Tokyo Japanese Restaurant,Sushi Restaurant,4bf58dd8d48988d1d2941735,4c392cf818e72d7f99da19f5,42.581443,-114.461165
China Village,Chinese Restaurant,4bf58dd8d48988d145941735,4b529020f964a520688227e3,42.7235761769339,-114.52056169509888
Choate's Family Diner,Diner,4bf58dd8d48988d147941735,4c6d7908d5c3a1cd1a94c52b,42.72416763333333,-114.52404758333333
Tomato's,Italian Restaurant,4bf58dd8d48988d110941735,4c62f96dedd320a1403dae29,42.58524711720942,-114.46055822505457
Idaho Pizza Company,Pizza Place,4bf58dd8d48988d1ca941735,4c28e5899fb5d13a6b4c9a57,42.548793435842796,-114.44857109398386
Johnny Carino's,Italian Restaurant,4bf58dd8d48988d110941735,4c464b64f1b5c9b6052d79ef,42.59657,-114.4559
Noodles & Company,Salad Place,4bf58dd8d48988d1bd941735,563c02fccd1073c8336db132,42.59491678466273,-114.45866435766226
Slice Pizza,Pizza Place,4bf58dd8d48988d1ca941735,53925f2d498ecd20b19520da,42.556455,-114.47062
Blimpie,Sandwich Place,4bf58dd8d48988d1c5941735,4e6e8d07c65b5a725e3e8c66,42.575113,-114.296879
Subway,Sandwich Place,4bf58dd8d48988d1c5941735,4c61b29458810f472771051e,42.64936193680944,-114.44545606962606
Jersey Mike's Subs,Sandwich Place,4bf58dd8d48988d1c5941735,5b557f573d4791003992bc48,42.588321685791016,-114.48127746582031
Oasis Stop 'N Go,Sandwich Place,4bf58dd8d48988d1c5941735,4ceb068a0f196dcb994f55ae,42.57084530186831,-114.48044020560107
McAlister's Deli,Sandwich Place,4bf58dd8d48988d1c5941735,56784a77498ec3332737666c,42.5919769,-114.45135779999
Cinnabon,Sandwich Place,4bf58dd8d48988d1c5941735,59e9389e840fc2511210aada,42.666367,-114.443679
Subway,Sandwich Place,4bf58dd8d48988d1c5941735,4bec58efc43f2d7f96c2dbd9,42.593993,-114.455937
Jimmy John's,Sandwich Place,4bf58dd8d48988d1c5941735,4e1386386284431b534f3a86,42.56374036673282,-114.45981594711445
Subway,Sandwich Place,4bf58dd8d48988d1c5941735,4b74aceaf964a520c1eb2de3,42.686518060049345,-114.51791312532055
The Twin Falls Sandwich Co.,Sandwich Place,4bf58dd8d48988d1c5941735,4fef546ee4b0a516c1a657b4,42.55641021915367,-114.47044155455741
Subway,Sandwich Place,4bf58dd8d48988d1c5941735,4f24aec1e4b05160aefc6196,42.59325155851347,-114.74844044747869
Subway,Sandwich Place,4bf58dd8d48988d1c5941735,4c473e6c76d72d7f098a3c4d,42.570655740609475,-114.45704315196679
Subway,Sandwich Place,4bf58dd8d48988d1c5941735,4e301c2414953296330ae87f,42.54890171505917,-114.45335080636835
Subway,Sandwich Place,4bf58dd8d48988d1c5941735,4b7dae4af964a5202cce2fe3,42.57599072967536,-114.45998013870866
Subway,Sandwich Place,4bf58dd8d48988d1c5941735,5e139616f8a01c0008fbf98c,42.564334937513415,-114.60548301706768
Subway,Sandwich Place,4bf58dd8d48988d1c5941735,4cbc9bde43ec6dcbe10bb231,42.59142955674012,-114.46574934877663
Jimmy John's,Sandwich Place,4bf58dd8d48988d1c5941735,514213c73d7ca5b4135aadb2,42.588934606210074,-114.46151778652899
Subway,Sandwich Place,4bf58dd8d48988d1c5941735,51d9bb2b498e33ff593f8fb5,42.58626502487391,-114.45952358906175
Subway,Sandwich Place,4bf58dd8d48988d1c5941735,4e4dd75dbd41b76bef940287,42.69403852861623,-114.51511137174089
Subway,Sandwich Place,4bf58dd8d48988d1c5941735,4f2d9bc5e4b0124ab8abaa38,42.5901288,-114.4824347
Skippers - Seafood & Chowder,Seafood Restaurant,4bf58dd8d48988d1ce941735,4de80650cc3f0a1068341d78,42.5678596496582,-114.45964050292969
Smiths Fuel Center,Snack Place,4bf58dd8d48988d1c7941735,4e65172818a8ce02fdffb674,42.56336188300939,-114.447338501692
Snoasis,Snack Place,4bf58dd8d48988d1c7941735,4c2e42c8987f20a1a9de4aaa,42.563237966681164,-114.44617235613212
Fred Meyer Fuel Center,Snack Place,4bf58dd8d48988d1c7941735,591c5acc002f4c66cb93c0db,42.57562297948834,-114.46087897459222
Fredericksons Fine Candies,Snack Place,4bf58dd8d48988d1c7941735,5087fa41e4b096443c6d994a,42.557152,-114.46665
casa delight grill,Snack Place,4bf58dd8d48988d1c7941735,4f26322be4b0717a6a333caa,42.559274,-114.481241
hickery farms,Snack Place,4bf58dd8d48988d1c7941735,544c2fc3498e01e80ee84b38,42.58885955810547,-114.46314239501953
Elevation 486,American Restaurant,4bf58dd8d48988d14e941735,4d40f3f5c1d4721eb78215c7,42.597818479982806,-114.47750284162602
Rock Creek,Steakhouse,4bf58dd8d48988d1cc941735,4dbc601c4b222080d39062f7,42.563468809793605,-114.4827356185995
Sizzler,Steakhouse,4bf58dd8d48988d1cc941735,4d966b9197d06ea83b09030b,42.57434297786219,-114.46072062765298
Outback Steakhouse,Steakhouse,4bf58dd8d48988d1cc941735,4b8db65ff964a520040a33e3,42.59719287227673,-114.45563483126546
Sakura,Japanese Restaurant,4bf58dd8d48988d111941735,4e03e8ab45ddb46455779a8b,42.572169,-114.45969299999999
the cove,Bar,4bf58dd8d48988d116941735,4b651576f964a5205de32ae3,42.564047,-114.489513
Great American Grill,American Restaurant,4bf58dd8d48988d14e941735,4e093ffb52b165b7d7b9959b,42.59290656491769,-114.4709674126136
The steeping leaf,Tea Room,4bf58dd8d48988d1dc931735,557359f6498ef4e26da2badc,42.555213928222656,-114.4714126586914
Dutch Bros Coffee,Tea Room,4bf58dd8d48988d1dc931735,5cf03d970d173f002c422fae,42.56760698903846,-114.45989565828381
Twin Kabob,Turkish Restaurant,4f04af1f2fb6e1c99f3db0bb,4f62950ae4b0777dfaab052f,42.556981231268715,-114.46816794431075
Cafe Rio Mexican Grill,Mexican Restaurant,4bf58dd8d48988d1c1941735,4b74cdbdf964a520ebf22de3,42.57666876852521,-114.46079549627393
Buffalo Wild Wings,Wings Joint,4bf58dd8d48988d14c941735,4c3a96e517689c74b337aa08,42.59279808084936,-114.45839077234268
Harvest Moon Cafe,American Restaurant,4bf58dd8d48988d14e941735,50c8d0fce4b058c26eac255d,42.724798,-114.519223
