name,category,category_id,venue_id,lat,long
Chez Trey's Kitchen,Ethiopian Restaurant,4bf58dd8d48988d10a941735,4de6e4bdd4c00a805ed04034,46.051968,-118.322676
Pacific Express Asian Bistro,Asian Restaurant,4bf58dd8d48988d142941735,4de2ab04fa7651589f04f804,46.076965,-118.308384
PE Bistro,Chinese Restaurant,4bf58dd8d48988d145941735,4c071240b4aa0f47552d6562,46.07697665691376,-118.308321
Tokyo,Japanese Restaurant,4bf58dd8d48988d111941735,5b6f8e34dd12f8002cc50dbd,46.06048,-118.345804
Shiki Hibachi & Sushi,Japanese Restaurant,4bf58dd8d48988d111941735,556bdcaa498e977c1b219b8e,46.069123,-118.335531
Shinji Hibachi & Sushi,Japanese Restaurant,4bf58dd8d48988d111941735,556bdbe5498e690bffe3ddba,46.06917190551758,-118.33567810058594
Kobe Hibachi Sushi,Sushi Restaurant,4bf58dd8d48988d1d2941735,5acc1910e65d0c272aef3535,46.071563,-118.333872
Soi 71: A Thai Noodle House,Thai Restaurant,4bf58dd8d48988d149941735,591e141ce075505f574396a1,46.064743,-118.34063200000001
Bangkok 103 Cafe,Thai Restaurant,4bf58dd8d48988d149941735,4d0d1c64bdbfa35d79bd6772,46.05065,-118.3882
Phoumy Thai Cuisine,Restaurant,4bf58dd8d48988d1c4941735,56150157498e1ffb1d5d093a,46.074452,-118.315274
Dickey's Barbecue Pit,BBQ Joint,4bf58dd8d48988d1df931735,595b71e81108ba7e454b2157,46.07766240000001,-118.3042453
Dickies BBQ,BBQ Joint,4bf58dd8d48988d1df931735,56195075498e70879f5e7665,46.07762853453007,-118.30350600852405
Dickey's Barbecue,BBQ Joint,4bf58dd8d48988d1df931735,5616b2f2498e1108f451b89a,46.0775622835349,-118.30412793743488
"China Buffet, Walla Walla",Chinese Restaurant,4bf58dd8d48988d145941735,4f32b31419836c91c7f11528,46.048,-118.34706399999999
Fat Cats Tavern & Grill,Bar,4bf58dd8d48988d116941735,4d65b93b6d86224b36838b81,46.06472081103743,-118.34469891156485
St Mary Medical Center Cafeteria,Cafeteria,4bf58dd8d48988d128941735,4fe3798ae4b00b767a69f58d,46.062505888059086,-118.34307355686605
Walla Walla General Cafeteria,Cafeteria,4bf58dd8d48988d128941735,505b87cee4b0649c503ba3f1,46.05515670776367,-118.32904052734375
Garrison Cafeteria,Cafeteria,4bf58dd8d48988d128941735,50ac0652e4b01c608557e130,46.05454855254699,-118.34142716700427
Whoopemup Hollow Cafe,Cajun / Creole Restaurant,4bf58dd8d48988d17a941735,57743ca0498e9bc8efa66d1c,46.06712,-118.339017
Tiki Grill,Caribbean Restaurant,4bf58dd8d48988d144941735,4dea94e4fa76cc1b8ae9966e,46.067436,-118.336016
Walt’s Place,Café,4bf58dd8d48988d16d941735,5b747e91e4c459002c49996b,46.052781,-118.330509
Mom's Old Town Cafe,Café,4bf58dd8d48988d16d941735,50ce30b3e4b0269373db203c,45.941619873046875,-118.39759826660156
Walmart Bakery,Deli / Bodega,4bf58dd8d48988d146941735,5992e869a8eb606d505938a7,46.0331906,-118.38171
Deli Delivery,Deli / Bodega,4bf58dd8d48988d146941735,598b31f99d6a193905052001,46.071505,-118.33816100000001
John's Wheatland Bakery,Bakery,4bf58dd8d48988d16a941735,4e221a7d483b041af1f477cc,46.07435359999999,-118.3087595
Franz Family Bakery,Bakery,4bf58dd8d48988d16a941735,4b5cb56ef964a520b83f29e3,46.067427,-118.304813
Walla Walla Wine Depot,Bakery,4bf58dd8d48988d16a941735,4bc8df33b6c49c740c498d91,46.069263929796975,-118.33579367397897
Frosted - A Cupcake  Shop,Bakery,4bf58dd8d48988d16a941735,4e221d7d45dd950bb02cd462,46.066975,-118.337465
Blue Palm,Dessert Shop,4bf58dd8d48988d1d0941735,4e2349641f6effe84f84565c,46.050155977231576,-118.3456613868387
Blue Palm Frozen Yogurt,Frozen Yogurt Shop,512e7cae91d4cbb4e5efe0af,4e7d3e8361af52963f789381,46.05012578254765,-118.345724412993
Sour Grape Frozen Yogurt,Frozen Yogurt Shop,512e7cae91d4cbb4e5efe0af,51548343e4b0af7dde0900a6,46.075202000000004,-118.31351599999999
Baskin-Robbins,Ice Cream Shop,4bf58dd8d48988d1c9941735,4b5cb7a7f964a520404029e3,46.075576153834916,-118.30589141380302
Bright's,Dessert Shop,4bf58dd8d48988d1d0941735,4bf5a7babfeac9286bea9236,46.06701859602028,-118.33888830269288
Baskin-Robbins,Ice Cream Shop,4bf58dd8d48988d1c9941735,4d61f401338bb60cf9383abd,46.056470000000004,-118.34723000000001
Pineapple Pete's,Ice Cream Shop,4bf58dd8d48988d1c9941735,55c6914a498ec1c7bf718746,46.055580139160156,-118.3315200805664
Eritage,Diner,4bf58dd8d48988d147941735,5b8b3835f96b2c0039393dd7,46.131046295166016,-118.34799194335938
Popular Donuts,Donut Shop,4bf58dd8d48988d148941735,4c3ca7f615cb1b8d78e87adc,46.062255916666665,-118.348113
Walla Walla Fallafel Mart,Falafel Restaurant,4bf58dd8d48988d10b941735,4e1d25ed1838f4ab743bffb9,46.069235,-118.329257
Pepper Bridge Winery,Winery,4bf58dd8d48988d14b941735,4bb39daa2397b7134e6038b3,46.01258542375769,-118.37082132597767
Fit Through Food,Gluten-free Restaurant,4c2cd86ed066bed06c3c5209,5388d1e8498ebf7270129e8b,46.07695007324219,-118.30551147460938
Devour: Specialty Baked Goods And Deli,Gluten-free Restaurant,4c2cd86ed066bed06c3c5209,550e169e498e557293578f0b,46.077536,-118.304923
Refresh Nutrition & Fitness,Gluten-free Restaurant,4c2cd86ed066bed06c3c5209,51c35768498ea69f91f454f5,46.038212,-118.387534
Dogtopia,Hot Dog Joint,4bf58dd8d48988d16f941735,4f5a89b8e4b06784f6c88c5c,46.06754684448242,-118.33779907226562
Walla Walla Indian Cuisine,Indian Restaurant,4bf58dd8d48988d10f941735,5a502e409411f2779e28f71a,46.0666243990461,-118.33846542800529
indian Sweets and Spices,Indian Restaurant,4bf58dd8d48988d10f941735,5806772038fafe0fd0c79646,46.038403,-118.387669
Best Pizza Ever,Italian Restaurant,4bf58dd8d48988d110941735,5d119835dbde110025175885,46.07522,-118.31352
Yamas,Mediterranean Restaurant,4bf58dd8d48988d1c0941735,5db7986e9faee50008eb342e,46.066769,-118.337483
Taco Bell,Mexican Restaurant,4bf58dd8d48988d1c1941735,4d39ec3dbeb7b1f7532fe471,46.063881655726625,-118.34873035415879
Tacos La Monarca,Mexican Restaurant,4bf58dd8d48988d1c1941735,4c13f20c7f7f2d7f6b0ae068,46.06268321152445,-118.35169889441283
Chiquillas Mexican House,Mexican Restaurant,4bf58dd8d48988d1c1941735,54dab7cd498eff3a6c239d23,46.077,-118.30732
Taco Bell,Mexican Restaurant,4bf58dd8d48988d1c1941735,4c5a139bf346c9280c4f4eca,46.075122,-118.303789
El Sirloin,Mexican Restaurant,4bf58dd8d48988d1c1941735,554184c8498ef36680402a16,45.941032249236656,-118.39704540168493
Grandma's Kitchen (La Cocina de La Abuela),Mexican Restaurant,4bf58dd8d48988d1c1941735,52584c4e498e13cd74664f2a,46.06722794572681,-118.33646462689973
Rosita's,Mexican Restaurant,4bf58dd8d48988d1c1941735,4c3785cc93db0f47def11f92,46.05383091,-118.345719
Ajs Deli,Mexican Restaurant,4bf58dd8d48988d1c1941735,4e77fac0b993adb6bda1ccf2,46.01034927368164,-118.39055633544922
La Casita,Mexican Restaurant,4bf58dd8d48988d1c1941735,4f3280f219836c91c7de32b4,46.077045,-118.307176
La Monarca Taco Truck #2,Mexican Restaurant,4bf58dd8d48988d1c1941735,4c76da3f07818cfaa8a8d2e3,46.07437,-118.30876599999999
Del Taco,Taco Place,4bf58dd8d48988d151941735,4bd3635cb221c9b64aa6d9d0,46.03283466068365,-118.379704202354
La Monarca II,Taco Place,4bf58dd8d48988d151941735,517b2837e4b05493ca653b26,46.074739,-118.308978
Saint + Sinner,Taco Place,4bf58dd8d48988d151941735,5aea5278d03360002c645b25,46.066956,-118.337844
Egyptian Falafel (at the Saturday Farmers Market),Middle Eastern Restaurant,4bf58dd8d48988d115941735,53af1edd498ec433ee914d5c,46.06610350326117,-118.34243965788549
Big Cheese Pizza,Pizza Place,4bf58dd8d48988d1ca941735,4bda27e30ef39c74c5aa1d2d,46.077098258644476,-118.30524517274073
Papa Murphy's,Pizza Place,4bf58dd8d48988d1ca941735,598d05e05c68384be53510cf,46.076065,-118.304255
Papa Murphys,Pizza Place,4bf58dd8d48988d1ca941735,4e233765e4cdf68591979d55,46.07527,-118.312132
Papa Murphy's | Take 'N' Bake Pizza,Pizza Place,4bf58dd8d48988d1ca941735,4f32599c19836c91c7cf155a,45.9351245251541,-118.38722617611631
The Den Downtown,Pizza Place,4bf58dd8d48988d1ca941735,507634f2e4b0c7dbb092651c,46.064797,-118.340581
In the Kitchen @The Marc Restaurant,American Restaurant,4bf58dd8d48988d14e941735,4f934eaae4b02d4703200b88,46.067935208171434,-118.34052280321399
Salumiere Cesario,Café,4bf58dd8d48988d16d941735,4bd1fb5dcaff952122cad1f0,46.06692089889081,-118.33877743243158
Walla Walla Roastery,Café,4bf58dd8d48988d16d941735,4db9a3af1e7206c23d21ccd7,46.089352032358526,-118.27954826078802
Hidden Valley Bakery,Bakery,4bf58dd8d48988d16a941735,4f3281df19836c91c7de8b8c,46.090179443359375,-118.27960205078125
TMACS,New American Restaurant,4bf58dd8d48988d157941735,5a265948b3c96127b77201b9,46.0681,-118.33734
Los Taquitos,Food Truck,4bf58dd8d48988d1cb941735,4e41dec3fa7630be83fa9dc3,46.06509210214401,-118.34473044972188
Papa Murphy's,Pizza Place,4bf58dd8d48988d1ca941735,4bf8a5305efe2d7f83336b34,45.93513488769531,-118.3872299194336
Cugini Import Italian Foods,Italian Restaurant,4bf58dd8d48988d110941735,4df3df9fd4c01ff6b2edf528,46.05681669313009,-118.39634431787582
Golden Village,Chinese Restaurant,4bf58dd8d48988d145941735,4c8c36125e048cfa290fcbcd,45.94120601666667,-118.39776992797852
McDonald's,Restaurant,4bf58dd8d48988d1c4941735,4bd62f08cfa7b713383e27da,45.93131704822187,-118.3875560760498
Bomb Tacos,Food Truck,4bf58dd8d48988d1cb941735,5758d9b2498ebfc9bd6bb017,45.9915750009844,-118.38764301209031
Wee Bit O' Heather,American Restaurant,4bf58dd8d48988d14e941735,4c630eadec94a59351d52aca,45.947940945625305,-118.38796096666667
Roger's Bakery,Bakery,4bf58dd8d48988d16a941735,4d2b6ff7915fa0932e14170a,46.051509,-118.388231
La Ramada - Mexican Family Restaurant,Mexican Restaurant,4bf58dd8d48988d1c1941735,4c00768e379020a1a498467f,45.93719942,-118.387955
Sams Corner Market,Deli / Bodega,4bf58dd8d48988d146941735,4d5884021901224b56ff8ba6,45.937457566666666,-118.39537768333334
Burger Hut,Burger Joint,4bf58dd8d48988d16c941735,4d0c18a53905b1f79053924b,45.93692878851342,-118.39180019147088
El Sombrero M-F,Mexican Restaurant,4bf58dd8d48988d1c1941735,4c44f80a2d3ec9b633b12fae,45.933332,-118.38880725
Hua's Mongolian Grill,Restaurant,4bf58dd8d48988d1c4941735,4bf9ab735efe2d7f4da46c34,46.048,-118.34706399999999
Little Caesars Pizza,Pizza Place,4bf58dd8d48988d1ca941735,52f543e211d242eeca9b493c,46.056470000000004,-118.34723000000001
AndraesKitchen,Food Truck,4bf58dd8d48988d1cb941735,4d9f7e2e5dc7f04daef86f91,46.002931873898056,-118.3760353184132
Lorenzo's Pizza Buffet,Pizza Place,4bf58dd8d48988d1ca941735,4ba5707bf964a520380739e3,46.05071246623993,-118.34565418333334
McDonald's,Restaurant,4bf58dd8d48988d1c4941735,4bb7a432314e95218f74479d,46.05501086265467,-118.34671676158905
McDonald's,Restaurant,4bf58dd8d48988d1c4941735,4ba63b5ef964a520a43d39e3,46.075594101221704,-118.30291226506233
Andrae's Kitchen,Food Truck,4bf58dd8d48988d1cb941735,4c97ac9a6b35a143bb1a38dc,46.06421859323256,-118.3500319084397
Mr. Ed's,Diner,4bf58dd8d48988d147941735,4beb0c6e246fb713dcf8abdf,46.07808,-118.29520500000001
Ice-burg Drive In,American Restaurant,4bf58dd8d48988d14e941735,4bdc80afafe8c9b663bb4f85,46.06101025149387,-118.3459179995474
Tommy's Dutch Lunch,Diner,4bf58dd8d48988d147941735,4c0ffd56ce57c9280a2781d2,46.068498057206234,-118.36113526879271
Clarette's Restaurant,American Restaurant,4bf58dd8d48988d14e941735,4b2c3707f964a520f0c324e3,46.07107273347059,-118.3327956822084
Bacon & Eggs,Restaurant,4bf58dd8d48988d1c4941735,56097aea498eb2f101d88ce7,46.067764774461025,-118.3377058944613
El Sombrero,Mexican Restaurant,4bf58dd8d48988d1c1941735,4b9ee643f964a520770937e3,46.07000958331577,-118.34257653361186
Taqueria Mi Pueblito,Mexican Restaurant,4bf58dd8d48988d1c1941735,546a707c498e5e5721d5dbc5,46.07498987644601,-118.3132062056442
Panda Express,Chinese Restaurant,4bf58dd8d48988d145941735,4ce9b155948f224babaff75d,46.032754,-118.380183
KFC,Restaurant,4bf58dd8d48988d1c4941735,4e4e0600bd4101d0d7a07059,46.064293649098836,-118.3475899705287
Taqueria Yungapeti,Mexican Restaurant,4bf58dd8d48988d1c1941735,4ba44ac9f964a5208d9338e3,46.05963818132431,-118.34652170525614
Tiki Teriyaki Grille,Asian Restaurant,4bf58dd8d48988d142941735,4c54cff472cf0f47a5a31fd5,46.05817564643758,-118.36962687878197
Colville Street Patisserie,Bakery,4bf58dd8d48988d16a941735,4b98351af964a5203a3435e3,46.067107867759034,-118.33612982900877
Dora's Deli at the Walla Walla Worm Ranch,Mexican Restaurant,4bf58dd8d48988d1c1941735,4bd8b285f645c9b6d9cfa8e0,46.05682214711591,-118.40083295531116
La Casita,Mexican Restaurant,4bf58dd8d48988d1c1941735,4b6392fdf964a52058842ae3,46.059744,-118.345572
Dora's Deli,Mexican Restaurant,4bf58dd8d48988d1c1941735,4c2b9256ae6820a1c2071843,46.052013002825994,-118.335233802825
Sweet Basil,Pizza Place,4bf58dd8d48988d1ca941735,4bce9cb2fb84c9b6e324243e,46.0670508,-118.3375282
Brasserie Four,French Restaurant,4bf58dd8d48988d10c941735,4b7c923ff964a520af9b2fe3,46.06682803306756,-118.33907739633165
Ming Court,Chinese Restaurant,4bf58dd8d48988d145941735,4cb26e2b39458cfa186413a0,46.07535574598584,-118.31458726427941
Stone Soup,Deli / Bodega,4bf58dd8d48988d146941735,4bf59e104d5f20a119c797fe,46.06673058124093,-118.33720854437108
Domino's Pizza,Restaurant,4bf58dd8d48988d1c4941735,4d41f119aed776eb9fe16997,46.0576502160132,-118.3456814289093
Papa Murphy's,Pizza Place,4bf58dd8d48988d1ca941735,4df2c4e8d22d8c5470dbb542,46.033749019169825,-118.38097904993114
Pizza Hut,Restaurant,4bf58dd8d48988d1c4941735,4b9af515f964a520d1e635e3,46.06501113897154,-118.34701276686485
Yans All You Can Eat Buffet,Chinese Restaurant,4bf58dd8d48988d145941735,4dab893ffa8cc764974fc980,46.0487174987793,-118.34727478027344
Phoumy's,Thai Restaurant,4bf58dd8d48988d149941735,4d0aa32f6d26a0938ec2732d,46.07459247847093,-118.31482371162782
passatempo,Italian Restaurant,4bf58dd8d48988d110941735,57f99e31498ee0d08c306b28,46.065165,-118.34246499999999
Walla Walla Bread Company,Bakery,4bf58dd8d48988d16a941735,4e331372fa76f00388bd3673,46.06909,-118.33647
Whitehouse-Crawford,American Restaurant,4bf58dd8d48988d14e941735,4b63ec49f964a52045972ae3,46.06871201066879,-118.34202134605187
Smith's Family Restraunt,American Restaurant,4bf58dd8d48988d14e941735,4f70b8e9e4b0e313df554a2a,46.06812286376953,-118.36711120605469
Subway,Sandwich Place,4bf58dd8d48988d1c5941735,56cb5e1ecd108630528d6954,46.03315718812329,-118.38405752566928
Graze Drive In,Sandwich Place,4bf58dd8d48988d1c5941735,4ff3460ae4b0734a79013aae,46.06090373545397,-118.34655200272859
Red Monkey Walla Walla,Lounge,4bf58dd8d48988d121941735,4b77052ff964a5201d752ee3,46.06527695293774,-118.33959409206699
Maple Counter Cafe,Breakfast Spot,4bf58dd8d48988d143941735,4ecbd87899119fe1ae7d347a,46.067211142559174,-118.33570996639318
SUBWAY,Sandwich Place,4bf58dd8d48988d1c5941735,4ba5188ff964a52099dc38e3,46.07809162996658,-118.30486200263641
Walla Walla's Harvest Food's Bakery,Bakery,4bf58dd8d48988d16a941735,54a6d7da498edea25cf3f512,46.055677227522345,-118.3316695690155
Sub Shop,Sandwich Place,4bf58dd8d48988d1c5941735,4bb54d9d2ea195211e57aa2f,45.926963806152344,-118.38375091552734
Shari's Cafe and Pies,American Restaurant,4bf58dd8d48988d14e941735,4bf82ece4a67c92826f324cf,46.05836,-118.346798
Subway,Sandwich Place,4bf58dd8d48988d1c5941735,4e4de5fabd41b76bef950721,45.93183392937761,-118.38785523924969
SUBWAY,Sandwich Place,4bf58dd8d48988d1c5941735,4bfdad1bb68d0f471928e957,46.03397896528513,-118.38086009325411
Olive Market Place & Cafe,Mediterranean Restaurant,4bf58dd8d48988d1c0941735,4b7d7dadf964a520ffc12fe3,46.06711222481981,-118.33863416761092
Jimmy John's,Sandwich Place,4bf58dd8d48988d1c5941735,569abd5e498ed27f4ee6bc7f,46.06478922286334,-118.34782629751959
Walla Walla Sub Shop,Sandwich Place,4bf58dd8d48988d1c5941735,4e403660c65b4ec276060463,46.069939,-118.33424199999999
Subway,Sandwich Place,4bf58dd8d48988d1c5941735,4c8295cd74d7b60c4ddf81d8,46.068554,-118.33718999999999
Someone's In The Kitchen,Sandwich Place,4bf58dd8d48988d1c5941735,4bc69cd1b387d13a4236c2e8,46.066872,-118.34250300000001
The Pita Pit,Sandwich Place,4bf58dd8d48988d1c5941735,4b9418d5f964a520f06734e3,46.067284,-118.335932
Mrs.crabs,Seafood Restaurant,4bf58dd8d48988d1ce941735,5b6f86191ffe97002c110fad,46.063457,-118.34809
A Fish On Land Sea Food Market,Seafood Restaurant,4bf58dd8d48988d1ce941735,4f3255c319836c91c7cd9897,46.075099,-118.312966
Grill Gang by Lucy and Calvin,Snack Place,4bf58dd8d48988d1c7941735,537847da498e00e8ca9b4201,46.066593170166016,-118.32479095458984
Mikki's,Snack Place,4bf58dd8d48988d1c7941735,51e0b97c498ea376ec9fa8a0,46.07527160644531,-118.31423950195312
Tony's Sub Shop,Soup Place,4bf58dd8d48988d1dd931735,4b75ad5ef964a5204b1c2ee3,46.07328800842094,-118.32418227106281
Modern Restaurant,Chinese Restaurant,4bf58dd8d48988d145941735,4dcb36a5e4cde609a394d8f6,46.078121315457224,-118.30547857428685
Graze,Sandwich Place,4bf58dd8d48988d1c5941735,4db2325504374b3c49722dde,46.067707189654875,-118.33678438466664
T Maccarones,American Restaurant,4bf58dd8d48988d14e941735,4bdcd7e62a3a0f4767adb4b6,46.06821930629221,-118.33753885311505
Hattaway's On Alder,Southern / Soul Food Restaurant,4bf58dd8d48988d14f941735,5ceac85066f3cd002c89bb13,46.064743,-118.34063200000001
Hattaways,Southern / Soul Food Restaurant,4bf58dd8d48988d14f941735,5cf081183ba767002ce8a644,46.064827,-118.34086
Saffron,Mediterranean Restaurant,4bf58dd8d48988d1c0941735,4b63e8d6f964a520b4962ae3,46.06484747418495,-118.340798498831
Walla Walla Steak Company,Steakhouse,4bf58dd8d48988d1cc941735,5cd9fbf556c89f002c54e594,46.06994,-118.34168
The Brik,Steakhouse,4bf58dd8d48988d1cc941735,4f383502e4b0571dc84cf590,46.05067558568858,-118.34567541417108
The Oasis,Steakhouse,4bf58dd8d48988d1cc941735,4bf74361508c0f4787743d31,46.00004452523659,-118.40391717963209
CrossRoads Steakhouse,Steakhouse,4bf58dd8d48988d1cc941735,4b5cc17df964a5206c4229e3,46.065269470214844,-118.34210205078125
Green Gables Inn,Tea Room,4bf58dd8d48988d1dc931735,4ed9a8e98231efe38e8a277e,46.075255085800116,-118.32627296447754
Dutch Bros Coffee,Tea Room,4bf58dd8d48988d1dc931735,5c2f9b6412f0a9002cf56047,46.07524441327304,-118.31122615153788
His Garden Bakery and Cafe,Vegetarian / Vegan Restaurant,4bf58dd8d48988d1d3941735,4be1eefa4283c9b6fdfd54f8,46.038228000000004,-118.387647
The Express,Vegetarian / Vegan Restaurant,4bf58dd8d48988d1d3941735,4b7a4564f964a52011282fe3,46.04549047390968,-118.38903098302748
The Garden Vegan Cafe,Vegetarian / Vegan Restaurant,4bf58dd8d48988d1d3941735,4e26604b814dc40f38b1fe51,46.06717913011049,-118.33640366792679
The Garden Vegan Cafe,Vegetarian / Vegan Restaurant,4bf58dd8d48988d1d3941735,4e1f577d14959804e9ea8d2b,46.045807706922176,-118.35790990056222
Applebee's Grill + Bar,American Restaurant,4bf58dd8d48988d14e941735,4b47dc68f964a520eb4126e3,46.04851556,-118.3490944
Green Lantern,Bar,4bf58dd8d48988d116941735,4b78b65ef964a520f3de2ee3,46.07472599670237,-118.31395550585182
Wingman 'Birdz + Brewz',Wings Joint,4bf58dd8d48988d14c941735,5473fa48498ebe35c1608042,46.06941594798865,-118.33543176703142
Stone Hut Bar & Grill,Bar,4bf58dd8d48988d116941735,4b82fd6df964a5203ef130e3,46.04960217003805,-118.34569454213525
Public House 124,Bar,4bf58dd8d48988d116941735,4e0df8c022711665f60fdd3b,46.06840170072698,-118.33647152086465
