name,category,category_id,venue_id,lat,long
Shari's Cafe and Pies,American Restaurant,4bf58dd8d48988d14e941735,533dad6f498e3752ecaab5fb,47.410913,-120.289914
Amerika,New American Restaurant,4bf58dd8d48988d157941735,599926baefa82a138448d8ad,47.444267,-120.320335
Smokeblossom,New American Restaurant,4bf58dd8d48988d157941735,4e151c1162844b405cae272b,47.5211,-120.4661
Original J's Teriyaki,Asian Restaurant,4bf58dd8d48988d142941735,4bf2e951d2fbef3b668ea4c5,47.40714943982199,-120.28230689509583
om cooking,Asian Restaurant,4bf58dd8d48988d142941735,5c2596adee7120002ecf5f02,47.425998,-120.312792
Blue Flame Asian Bistro,Asian Restaurant,4bf58dd8d48988d142941735,52ae9d2b11d2ff1f92d9f212,47.524128,-120.4700773
Peking,Chinese Restaurant,4bf58dd8d48988d145941735,4c8d7a04cf3ea143778dfe51,47.40459500403924,-120.28355501567947
Super China Star Buffet,Chinese Restaurant,4bf58dd8d48988d145941735,4c79b33093ef236aa0a4b00f,47.4082145690918,-120.28813934326172
Golden East Restaurant,Chinese Restaurant,4bf58dd8d48988d145941735,4d0c1b568010548105b71696,47.405213,-120.285439
Fujiyama Hibachi & Sushi,Japanese Restaurant,4bf58dd8d48988d111941735,4f653538e4b098b39609bfa2,47.425406536425164,-120.3205387309403
Blue Flame Resturant,Sushi Restaurant,4bf58dd8d48988d1d2941735,57a0f75d498ea6b339c45c07,47.40889,-120.288755
Wok N’ Roll,Sushi Restaurant,4bf58dd8d48988d1d2941735,5aa73bd33362731f86824b3d,47.430891,-120.318534
Fuji Yama,Sushi Restaurant,4bf58dd8d48988d1d2941735,4ed9ae4146907c1b41d1dd02,47.43883242241652,-120.32380180228515
Thongbai Thai,Thai Restaurant,4bf58dd8d48988d149941735,517f2ea2e4b0c97b3b98bdfe,47.42602338483307,-120.31258022606114
Mai Lee Thai,Thai Restaurant,4bf58dd8d48988d149941735,4bd3446d462cb71317ffdd07,47.40923653911236,-120.28998849292684
Badger Mountain Brewing,BBQ Joint,4bf58dd8d48988d1df931735,50fb5814e4b0aa46b45b202f,47.42385555720431,-120.30875887361661
5th Street Grill BBQ,BBQ Joint,4bf58dd8d48988d1df931735,59346c7b5c683828c5e34946,47.432148,-120.31235
Dave's Pit-Smoked Bar-b-Que,BBQ Joint,4bf58dd8d48988d1df931735,4f44ad4a19836ed00195c053,47.41083526611328,-120.30223083496094
Sweetwood BBQ,BBQ Joint,4bf58dd8d48988d1df931735,5784198e498e0c74bcaa80bf,47.43592834472656,-120.31903076171875
Cake Chic Studio,Bakery,4bf58dd8d48988d16a941735,50e60e3ce4b0e23d17b92723,47.426797,-120.315402
Franz Outlet Store,Bakery,4bf58dd8d48988d16a941735,4d7e85ee9df3f04da5e4c594,47.44437026977539,-120.32559967041016
Pretiola,Bakery,4bf58dd8d48988d16a941735,4ddd1fdc7d8b3654d50ff5b1,47.43220901489258,-120.31205749511719
Slice Couture Cake Design,Bakery,4bf58dd8d48988d16a941735,55fc1c5a498edff47c24ba71,47.41124725341797,-120.29122161865234
Sweetwood BBQ,BBQ Joint,4bf58dd8d48988d1df931735,5781bd68cd10afc6f87d7566,47.43592,-120.31902600000001
Tastebuds Coffee and Wine,American Restaurant,4bf58dd8d48988d14e941735,4c3b98b462f1c928adc88f53,47.43020785130856,-120.31819191230898
Rivertop Bar & Grill,New American Restaurant,4bf58dd8d48988d157941735,4ed82c739911a3e78a8c3b14,47.427766317704126,-120.31300627000104
China Buffet,Chinese Restaurant,4bf58dd8d48988d145941735,4da9f4195da3ba8a477f85eb,47.43857963148466,-120.32442398614333
The Rock Bar And Grill,Steakhouse,4bf58dd8d48988d1cc941735,5d7253b64a3a3100082adbf4,47.374472,-120.14221
Larry's Drive In,American Restaurant,4bf58dd8d48988d14e941735,4dc469c4c65b89d3ca542683,47.40329198333333,-120.2887328
10 Below,Bar,4bf58dd8d48988d116941735,4dba22535da389d2c23560a4,47.42617390199893,-120.31114599981655
7-Eleven,Convenience Store,4d954b0ea243a5684a65b473,4cd85d598f949eb0632975ae,47.4106546,-120.3029105
The Last Pitch Cafe,Café,4bf58dd8d48988d16d941735,5a91c85e0d2be730c0a4e2a7,47.44242,-120.31958
Java Dog Espresso,Café,4bf58dd8d48988d16d941735,4beea5b535dc0f47e70a405b,47.43265151977539,-120.31929779052734
Cafe Columbia,Café,4bf58dd8d48988d16d941735,5717a495498e2dc51cd6e5ad,47.425216,-120.307361
The Cityside Cafe,Café,4bf58dd8d48988d16d941735,51fe76b0498e43f36d25f615,47.43937111275277,-120.32252909625076
Aut-to Mocha Espresso,Café,4bf58dd8d48988d16d941735,4d1919a4816af04d20e85ac2,47.45258712768555,-120.3346939086914
The Cafe,Café,4bf58dd8d48988d16d941735,519e4ea2e4b0854e0df3f569,47.404454,-120.210144
Riverside Creperie,Café,4bf58dd8d48988d16d941735,53e67e9f498ef480996a113f,47.43220901489258,-120.31205749511719
Walmart Bakery,Deli / Bodega,4bf58dd8d48988d146941735,5992d9c935f9832038be35b5,47.45415115356445,-120.33876037597656
San Francisco Sourdough Eatery,Deli / Bodega,4bf58dd8d48988d146941735,4f32404b19836c91c7c51fc2,47.439430236816406,-120.32417297363281
San Francisco Sourdough Bread Company,Bakery,4bf58dd8d48988d16a941735,4d238b0775526dcb98d401a9,47.439430236816406,-120.32417297363281
Great Harvest Bread Co.,Bakery,4bf58dd8d48988d16a941735,4c017e99716bc9b671f8bb55,47.43715,-120.326807
ICE,Dessert Shop,4bf58dd8d48988d1d0941735,51a80dda498ea16e72df01dc,47.42524239578568,-120.30734057788901
Cupcake Blues,Cupcake Shop,4bf58dd8d48988d1bc941735,521e697811d2448150e4b266,47.42348861694336,-120.30985260009766
Froyo Earth Frozen Yogurt,Frozen Yogurt Shop,512e7cae91d4cbb4e5efe0af,4f07d427e4b05dd3a2895817,47.453044,-120.333642
Blue Spoon Yogurt,Frozen Yogurt Shop,512e7cae91d4cbb4e5efe0af,4efe8a54a69d45461c74b664,47.438794150581856,-120.32645206202324
Froyo Earth,Frozen Yogurt Shop,512e7cae91d4cbb4e5efe0af,5cf9ae16c4df1d002c863246,47.453047,-120.33379
All American Ice Cream & Frozen Yogurt,Frozen Yogurt Shop,512e7cae91d4cbb4e5efe0af,4de6e8057d8b79dc45783ad2,47.411811,-120.289222
Baskin-Robbins,Ice Cream Shop,4bf58dd8d48988d1c9941735,4c26d180136d20a1991fe661,47.43693172931671,-120.32315611839294
Owl Soda Fountain,Ice Cream Shop,4bf58dd8d48988d1c9941735,4c02d3289a7920a17c0bcf79,47.425906,-120.312345
Baskin-Robbins,Ice Cream Shop,4bf58dd8d48988d1c9941735,4e6ae436b993d5439f83b785,47.40635526426606,-120.28122813035539
Take a Break Cafe,Diner,4bf58dd8d48988d147941735,4c599bd96407d13a2296b228,47.54093933105469,-120.56260681152344
Jimmy's Diner,Diner,4bf58dd8d48988d147941735,4d4d840a13d88cfa3b0e0ada,47.39747,-120.28433659
Dizzy D,Diner,4bf58dd8d48988d147941735,4db348116a23c31a02ff2c88,47.43024084282435,-120.34579595427523
The Cook's Corner Diner,Diner,4bf58dd8d48988d147941735,578ec809498e9f98bf1e58fd,47.42190113,-120.30970159
Glaze Bakery,Donut Shop,4bf58dd8d48988d148941735,5a2c2b35625a6621fc13a047,47.435959999999994,-120.315926
Inna's Cuisine,Eastern European Restaurant,4bf58dd8d48988d109941735,4cdc6a3ad5495481a47541b2,47.425432034694815,-120.31242912460071
Taqueria,Food Truck,4bf58dd8d48988d1cb941735,4ed18d856c2510ace261f5de,47.418922424316406,-120.30025482177734
The Barn,Food Truck,4bf58dd8d48988d1cb941735,4c45375cdcd61b8d8c7b7c56,47.44854347561992,-120.33194047510605
Lucy's Tacos,Food Truck,4bf58dd8d48988d1cb941735,4f9dbfd4e4b02343c97a3273,47.4323,-120.3129
Rá,Food Truck,4bf58dd8d48988d1cb941735,54fa2b83498e7f86ee040770,47.443204,-120.317324
Chester Chicken,Fried Chicken Joint,4d4ae6fc7a7b7dea34424761,575b5df0498e49268de9ac9a,47.625336,-120.227186
Stones Gastropub,Gastropub,4bf58dd8d48988d155941735,56341311498e4d1cc89987ad,47.426539,-120.31316
Warm Springs Inn,Bed & Breakfast,4bf58dd8d48988d1f8931735,4e9007ad0aafb4070bc5a354,47.47599371,-120.37661985
Costco Food Court,Hot Dog Joint,4bf58dd8d48988d16f941735,50cfda76e4b01a24da7111e6,47.40130173167627,-120.28044499142591
Bloms Irish Pub,Irish Pub,52e81612bcbc57f1066b7a06,538693af498e6c5efec12215,47.52248764038086,-120.46832275390625
Visconti's,Italian Restaurant,4bf58dd8d48988d110941735,4bef7274ea570f474f6c8fd2,47.44932898507953,-120.33117327016214
Leo's Bar & Grill,Italian Restaurant,4bf58dd8d48988d110941735,4becac076b88c9b6005b8762,47.440909999999995,-120.32419499999999
Wenatchee Natural Foods,Juice Bar,4bf58dd8d48988d112941735,4b7f2c18f964a5206b1c30e3,47.427836,-120.314554
Ariana's Bakery,Latin American Restaurant,4bf58dd8d48988d1be941735,5225334911d2b035a588bd2c,47.41346636538953,-120.30242828186282
Salvadorean Pupusas,Latin American Restaurant,4bf58dd8d48988d1be941735,590fab1f25fb7b50fb1f699c,47.41437911987305,-120.29286193847656
Tropical Salvadoreño,South American Restaurant,4bf58dd8d48988d1cd941735,4c3b6f5bbe4620a1245b0c13,47.42427088,-120.312381
Taqueria El Tapatio,Mexican Restaurant,4bf58dd8d48988d1c1941735,4f3275d419836c91c7d9fa0f,47.41775131225586,-120.30719757080078
Claudio’s Mexican Food,Mexican Restaurant,4bf58dd8d48988d1c1941735,5bdfcc0998fbfc00392072ab,47.452265000000004,-120.33353799999999
Dona Juanas,Mexican Restaurant,4bf58dd8d48988d1c1941735,4bdc87463904a5939e994e9e,47.417726,-120.30588211
Taqueria El Tapatio taco truck,Mexican Restaurant,4bf58dd8d48988d1c1941735,4b9fdb9ef964a520304537e3,47.411095,-120.30215365
El Abuelo,Mexican Restaurant,4bf58dd8d48988d1c1941735,4bef59e8c80dc928ace027e3,47.416704116666665,-120.30635737
Chipotle Mexican Grill,Mexican Restaurant,4bf58dd8d48988d1c1941735,5df45ff57275f800082052fa,47.437694822023005,-120.32356545711986
fonda oaxaquena,Mexican Restaurant,4bf58dd8d48988d1c1941735,5564c52d498ed4a304943fb7,47.40705871582031,-120.28233337402344
Taco Bell,Mexican Restaurant,4bf58dd8d48988d1c1941735,4e40723cd164f2d277b8bb29,47.40971859302878,-120.28989785450037
Taco Del Mar,Mexican Restaurant,4bf58dd8d48988d1c1941735,4bc1018b2a89ef3b57a0f188,47.466792,-120.335936
Hacienda Cortez,Burrito Place,4bf58dd8d48988d153941735,4e1861f5aeb7eb0120ca284a,47.456581,-120.349532
Taqueria el Rinconsito,Burrito Place,4bf58dd8d48988d153941735,55ab2ba3498ee3c73cc278e6,47.437181,-120.32535
Taco Time,Taco Place,4bf58dd8d48988d151941735,5b6607e2a42362002cde2d09,47.444588,-120.32836
El Amigo Family Restaurant,Mexican Restaurant,4bf58dd8d48988d1c1941735,535f05b211d22504b2853535,47.523651123046875,-120.48478698730469
tacos y tortas el pueblo,Taco Place,4bf58dd8d48988d151941735,52c5ee69498e6a80b1cee2db,47.416744,-120.294028
Saddle Rock Pub & Brewery,Pub,4bf58dd8d48988d11b941735,4e73d7368130fa6bd34e2d27,47.42595566937889,-120.31201456483251
Abby's Pizza,Pizza Place,4bf58dd8d48988d1ca941735,4bbfc05db492d13aec3fa360,47.430526,-120.345191
Cashmere Conoco Food Mart,Pizza Place,4bf58dd8d48988d1ca941735,4f32456e19836c91c7c72d98,47.5229,-120.483788
59'r Diner - Cashmere,Diner,4bf58dd8d48988d147941735,5159f041e4b088ca242b0810,47.518014885879126,-120.45049096598727
El Teque Mexican Restaurant,Mexican Restaurant,4bf58dd8d48988d1c1941735,4c55c264fd2ea593f37d4a2c,47.52201792945404,-120.46944460871293
The Best Bite,American Restaurant,4bf58dd8d48988d14e941735,4c409bc7d691c9b6f8728b0a,47.520435,-120.46984612941742
Blue Flame Restaurant,Asian Restaurant,4bf58dd8d48988d142941735,4fdfd145e4b006e9168025f3,47.52250289916992,-120.46826934814453
Sure To Rise Bakery,Bakery,4bf58dd8d48988d16a941735,4de12eb37d8b84d5dc7f188e,47.522318,-120.46908300000001
Alma's Mexican Kitchen,Mexican Restaurant,4bf58dd8d48988d1c1941735,54ea2473498ef7333a38ef04,47.432978999999996,-120.316248
Domino's Pizza,Restaurant,4bf58dd8d48988d1c4941735,4d41f117aed776eb64e06997,47.42983925216634,-120.31802597075057
FIRE,Pizza Place,4bf58dd8d48988d1ca941735,51d4c677498eddc3cf9f793c,47.425255752113394,-120.30739318507922
BJ'S Island Restaurant,Diner,4bf58dd8d48988d147941735,4fa40075e4b017e937e25402,47.372233,-120.13951100000001
Abby's Legendary Pizza,Pizza Place,4bf58dd8d48988d1ca941735,4c7f0b59fb13a1cd34b49fa4,47.405341,-120.27960700000001
Casa Tapatia,Mexican Restaurant,4bf58dd8d48988d1c1941735,4be61e242457a593ef89ac15,47.405496,-120.26151599999999
Pizza Hut,Restaurant,4bf58dd8d48988d1c4941735,4bbba6deed7776b028ba3e51,47.40559286542025,-120.2785375714302
Taco Time,Taco Place,4bf58dd8d48988d151941735,4bdcd3c6afe8c9b6b93b5185,47.40668906571776,-120.28228181282185
Papa Murphy's,Pizza Place,4bf58dd8d48988d1ca941735,4e4d3c9fbd413c4cc66fa315,47.40629,-120.28105
El Agave,Mexican Restaurant,4bf58dd8d48988d1c1941735,4f77723fe4b05859807da6c6,47.43372095688164,-120.31955537454502
Godfather's Pizza,Pizza Place,4bf58dd8d48988d1ca941735,4cdb04a54006a143869dd5b2,47.436735999999996,-120.321749
Pizza Hut,Restaurant,4bf58dd8d48988d1c4941735,4c5ffbba3a3703bb8c12e406,47.43528692247255,-120.32305687665934
Pybus Bistro,Bistro,52e81612bcbc57f1066b79f1,5197ec37498eebbafcc50cac,47.42521643185807,-120.30725702807922
Ay Caramba,Mexican Restaurant,4bf58dd8d48988d1c1941735,518fe322498e01b525801d7a,47.445218,-120.32886200000002
Weeds,Café,4bf58dd8d48988d16d941735,4e7cfb1493ad4e4b126d521a,47.52192409699264,-120.46733060405371
Papa Murphy's,Pizza Place,4bf58dd8d48988d1ca941735,4e4d3c9ebd413c4cc66fa30a,47.43191,-120.32502
India House,Indian Restaurant,4bf58dd8d48988d10f941735,51661ad5e4b0741a852ca9fa,47.42331101683193,-120.31010465185292
Taco Time NW,Restaurant,4bf58dd8d48988d1c4941735,570f183fcd106ccb57ce100b,47.444781352668805,-120.32832647234636
Country Boys BBQ,BBQ Joint,4bf58dd8d48988d1df931735,4bc66c2e51b376b0199f1b6f,47.523571157797726,-120.46988022643063
Iwa Sushi Bar and Grill,Sushi Restaurant,4bf58dd8d48988d1d2941735,4ba41b17f964a520148238e3,47.4249148190657,-120.3118993205789
Little Caesars Pizza,Pizza Place,4bf58dd8d48988d1ca941735,4d102f46d21db60c61c12818,47.43919766303101,-120.3245869681478
Bob's Burgers & Brew,Burger Joint,4bf58dd8d48988d16c941735,567c5687498e4fc4eac61637,47.406322772693755,-120.27753990993071
Dusty's In N Out,Burger Joint,4bf58dd8d48988d16c941735,4bbb909651b89c74e360862a,47.44338760668719,-120.32632376227862
Wenatchee Valley Brewing Company,Gastropub,4bf58dd8d48988d155941735,55f0ff44498e48a32de8a0c8,47.42517772570416,-120.307369317116
Taqueria El Chavos,Mexican Restaurant,4bf58dd8d48988d1c1941735,4fee53c4e4b09cfafd7fbbcc,47.522576,-120.483557
Garlini's Napoletana,Italian Restaurant,4bf58dd8d48988d110941735,4c154a34a5eb76b0db1dc3b7,47.43023986886097,-120.31873744247427
VN Pho,Asian Restaurant,4bf58dd8d48988d142941735,4c6ad57b599fbe9a4e48913f,47.43713332981376,-120.3258424393576
Hot Rod Cafe,Café,4bf58dd8d48988d16d941735,531b4c11498e276ad671b8da,47.48731757928195,-120.41173790327225
Lisa's Bee's,Deli / Bodega,4bf58dd8d48988d146941735,56070c73498e86a575854669,47.50285827243362,-120.29779810935881
Sumo Hibachi Restaurant,Japanese Restaurant,4bf58dd8d48988d111941735,539d03fc498e4bc6857361b5,47.43900867850448,-120.32372619388363
Denny's,Breakfast Spot,4bf58dd8d48988d143941735,4c2783945c5ca593b3e047fe,47.44181257836424,-120.3250926733017
Wild Huckelberry,American Restaurant,4bf58dd8d48988d14e941735,4be36e6221d5a59373401911,47.420350451783015,-120.30984808478189
Wok-About Grill,Mongolian Restaurant,4eb1d5724b900d56c88a45fe,4ba2d060f964a520571b38e3,47.42622647307976,-120.31321716815076
Applebee's Grill + Bar,Restaurant,4bf58dd8d48988d1c4941735,4b6f5870f964a52076ec2ce3,47.43912105,-120.3250809
Smitty's Pancake House,Breakfast Spot,4bf58dd8d48988d143941735,4b5357e1f964a520409827e3,47.446910729087605,-120.32933657497674
EZ's,Burger Joint,4bf58dd8d48988d16c941735,4c03f749f423a59332eed016,47.45279553881183,-120.33479572059173
Bernie's,American Restaurant,4bf58dd8d48988d14e941735,4beb51b618389521e3f20acf,47.4321500684873,-120.31717281904486
Rail Station & Ale House,Gastropub,4bf58dd8d48988d155941735,54bc31fd498ed7cb8113f632,47.42628913419138,-120.31107539489433
Panda Express,Chinese Restaurant,4bf58dd8d48988d145941735,5a776ac01f8ed616f3b56f14,47.45196,-120.334305
La Fuente,Mexican Restaurant,4bf58dd8d48988d1c1941735,4bf5a04e94b2a5934bf7abee,47.4121802575228,-120.30426264366842
agave azul,Mexican Restaurant,4bf58dd8d48988d1c1941735,57b3b75e498eeefee0bbca6b,47.521574,-120.465694
KFC,Restaurant,4bf58dd8d48988d1c4941735,4e4e05ffbd4101d0d7a07017,47.40976402327165,-120.29007927112303
Visconti's,Italian Restaurant,4bf58dd8d48988d110941735,4f327f3d19836c91c7dd8f78,47.449354,-120.33108600000001
Bob's Classic,American Restaurant,4bf58dd8d48988d14e941735,4bd5198a637ba5938905f670,47.42716441662197,-120.31388233650871
Spring Lotus,Vietnamese Restaurant,4bf58dd8d48988d14a941735,4bff318268c7a593fe5e4044,47.43715,-120.326807
SOUTH in Pybus Public Market,Mexican Restaurant,4bf58dd8d48988d1c1941735,51959d05498e8e5a93467faa,47.425345175622745,-120.30731165860985
Olive Garden,Italian Restaurant,4bf58dd8d48988d110941735,4ba81197f964a52074ca39e3,47.41291806194507,-120.2910618976176
El Porton,Mexican Restaurant,4bf58dd8d48988d1c1941735,4bc7bf288b7c9c74a02337cf,47.40897661910948,-120.28958580493655
The Thai Restaurant,Thai Restaurant,4bf58dd8d48988d149941735,4b5512bdf964a52033da27e3,47.438254,-120.32398799999999
Rusty's Drive-In,American Restaurant,4bf58dd8d48988d14e941735,4bd4cd8e4e32d13a67f3bf80,47.520360300199634,-120.45514257553204
KFC,Restaurant,4bf58dd8d48988d1c4941735,4c9a816278ffa09329066d75,47.436489,-120.322549
Brian's Bulldog Pizza,Pizza Place,4bf58dd8d48988d1ca941735,4c140100a1010f47a0b74b18,47.522318,-120.46908300000001
Anjou Bakery,Bakery,4bf58dd8d48988d16a941735,4b37c4edf964a520d84525e3,47.50932621025755,-120.43643992994086
Milepost 111 Brewing Company,American Restaurant,4bf58dd8d48988d14e941735,508dcd0be4b0cc3704c9a70d,47.52428357182586,-120.47035937668623
SUBWAY,Sandwich Place,4bf58dd8d48988d1c5941735,4d69ab8f342b8cfaf095cc2c,47.46826,-120.331275
SS SubShop,Sandwich Place,4bf58dd8d48988d1c5941735,56e70315498e59585dcfe60f,47.429630279541016,-120.3250503540039
The Glaze Bakery,Bakery,4bf58dd8d48988d16a941735,4fc69dbae4b01c7a89b0b279,47.40618419706633,-120.28044315506115
Subway,Sandwich Place,4bf58dd8d48988d1c5941735,5e13637ea798530008e44390,47.46779204401434,-120.33391159019567
Jimmy John's,Sandwich Place,4bf58dd8d48988d1c5941735,54fb7317498e07def49b2653,47.4302864074707,-120.31826782226562
SUBWAY,Sandwich Place,4bf58dd8d48988d1c5941735,4cd1ec2401eaf04df31bc15d,47.4357931142667,-120.32217075214959
Subway,Sandwich Place,4bf58dd8d48988d1c5941735,4f327dc219836c91c7dcf929,47.51894119986489,-120.4541011466444
SUBWAY,Sandwich Place,4bf58dd8d48988d1c5941735,4c72e5767121a1cdcac463d1,47.405756,-120.28599799999999
lemolo cafe and deli,Deli / Bodega,4bf58dd8d48988d146941735,4bae8c7bf964a5207cbf3be3,47.42638159064152,-120.31312601361797
Subway,Sandwich Place,4bf58dd8d48988d1c5941735,4e399d23887777123dd53414,47.4540563,-120.3387168
SUBWAY,Sandwich Place,4bf58dd8d48988d1c5941735,4ecd4e730e01bd353b2dd47f,47.62548058368753,-120.2274677625509
Red Robin Gourmet Burgers and Brews,Burger Joint,4bf58dd8d48988d16c941735,4b5145a2f964a520704927e3,47.44088372,-120.3259721
Hart's fish n chips,Seafood Restaurant,4bf58dd8d48988d1ce941735,4c8c28d8ed3ab60c655f6521,47.43283462524414,-120.31598663330078
Fred Meyer Fuel Center,Snack Place,4bf58dd8d48988d1c7941735,5098049de4b0f717048e9208,47.408317199649055,-120.29136600208665
Auntie Anne's,Snack Place,4bf58dd8d48988d1c7941735,51c07d43b5896d0c80c5319e,47.4115214,-120.2890356
McGlinn's Public House,American Restaurant,4bf58dd8d48988d14e941735,4ba6e0e7f964a520097539e3,47.42303001891825,-120.31104729410588
Hitching Post,Steakhouse,4bf58dd8d48988d1cc941735,4c3be18a4bc9a5937b06d271,47.52842409709711,-120.4881080699813
Buzz Inn Steakhouse & Lounge,Steakhouse,4bf58dd8d48988d1cc941735,4bd252d9b221c9b6208bd7d0,47.43794972282474,-120.32259106445592
The Cottage Inn,Steakhouse,4bf58dd8d48988d1cc941735,4cd1b00a9d87224b45485c3b,47.46621,-120.335916
Joe's Log Cabin,Steakhouse,4bf58dd8d48988d1cc941735,4bd28563caff95213b1ed3f0,47.43292869541628,-120.31794206738934
Buzz Inn Steakhouse & Casino,Casino,4bf58dd8d48988d17c941735,4c8991479ef0224b5f9f537b,47.405640000000005,-120.28468400000001
The Windmill,Steakhouse,4bf58dd8d48988d1cc941735,4d685f5afd7ea35d9e6d974a,47.444302,-120.32714299999999
Shakti's,Steakhouse,4bf58dd8d48988d1cc941735,4c4e38b09932e21ecfda64cd,47.42696464061737,-120.31535838333333
Dutch Bros Coffee,Tea Room,4bf58dd8d48988d1dc931735,5bf42f4a9fca56002cd8e7ff,47.413778,-120.3045111
Chá Fine Teas,Tea Room,4bf58dd8d48988d1dc931735,553d2904498e8cfc0ab7fbe4,47.42536544799805,-120.30763244628906
The Hunter's Wife Health Bar,Vegetarian / Vegan Restaurant,4bf58dd8d48988d1d3941735,58716b49e9233e3d83d8dc99,47.426413,-120.312979
509 Bierwerks,Wings Joint,4bf58dd8d48988d14c941735,5cb630d3dee770002cf3bebe,47.42252,-120.308263
